timestamp_ms,frame_idx,state
154462,0,unsure
154556,1,unsure
154652,2,unsure
154763,3,unsure
154862,4,unsure
154966,5,unsure
155066,6,unsure
155165,7,unsure
155266,8,unsure
155365,9,unsure
155465,10,unsure
155567,11,unsure
155675,12,unsure
155775,13,unsure
155876,14,unsure
155976,15,unsure
156077,16,unsure
156179,17,unsure
156280,18,unsure
156380,19,unsure
156488,20,unsure
156591,21,unsure
156690,22,unsure
156793,23,unsure
156924,24,unsure
157023,25,unsure
157123,26,unsure
157227,27,unsure
157336,28,unsure
157434,29,unsure
157538,30,unsure
157638,31,unsure
157738,32,unsure
157837,33,unsure
157942,34,unsure
158044,35,unsure
158143,36,unsure
158242,37,unsure
158342,38,unsure
158442,39,unsure
158546,40,unsure
158652,41,unsure
158752,42,unsure
158857,43,unsure
158957,44,unsure
159058,45,unsure
159158,46,unsure
159258,47,unsure
159358,48,unsure
159463,49,unsure
159566,50,unsure
159667,51,unsure
159767,52,unsure
159867,53,unsure
159966,54,unsure
160066,55,unsure
160173,56,unsure
160273,57,unsure
160374,58,unsure
160473,59,unsure
160582,60,unsure
160681,61,unsure
160788,62,unsure
160888,63,unsure
160987,64,unsure
161088,65,unsure
161187,66,unsure
161288,67,unsure
161387,68,unsure
161487,69,unsure
161593,70,unsure
161692,71,unsure
161793,72,unsure
161895,73,unsure
161993,74,unsure
162091,75,unsure
162192,76,unsure
162292,77,unsure
162399,78,unsure
162498,79,unsure
162598,80,unsure
162702,81,unsure
162801,82,unsure
162901,83,unsure
163000,84,unsure
163107,85,unsure
163208,86,unsure
163308,87,unsure
163406,88,unsure
163513,89,unsure
163613,90,unsure
163719,91,unsure
163820,92,unsure
163920,93,unsure
164019,94,unsure
164120,95,unsure
164220,96,unsure
164321,97,unsure
164420,98,unsure
164520,99,unsure
164620,100,unsure
164720,101,unsure
164819,102,unsure
164919,103,unsure
165020,104,unsure
165120,105,unsure
165222,106,unsure
165327,107,unsure
165427,108,unsure
165532,109,unsure
165626,110,unsure
165726,111,unsure
165828,112,unsure
165927,113,unsure
166048,114,unsure
166146,115,unsure
166250,116,unsure
166347,117,unsure
166446,118,unsure
166546,119,unsure
166668,120,unsure
166772,121,unsure
166867,122,unsure
166965,123,unsure
167068,124,unsure
167166,125,unsure
167264,126,unsure
167364,127,unsure
167470,128,unsure
167570,129,unsure
167670,130,unsure
167771,131,unsure
167876,132,unsure
167978,133,unsure
168078,134,unsure
168178,135,unsure
168284,136,unsure
168384,137,unsure
168483,138,unsure
168583,139,unsure
168686,140,unsure
168787,141,unsure
168886,142,unsure
168991,143,unsure
169091,144,unsure
169191,145,unsure
169292,146,unsure
169392,147,unsure
169492,148,unsure
169598,149,unsure
169705,150,unsure
169808,151,unsure
169909,152,unsure
170009,153,unsure
170109,154,unsure
170210,155,unsure
170310,156,unsure
170418,157,unsure
170518,158,unsure
170622,159,unsure
170723,160,unsure
170824,161,unsure
170925,162,unsure
171026,163,unsure
171126,164,unsure
171231,165,unsure
171334,166,unsure
171435,167,unsure
171536,168,unsure
171637,169,unsure
171741,170,unsure
171848,171,unsure
171952,172,unsure
172054,173,unsure
172155,174,unsure
172256,175,unsure
172355,176,unsure
172455,177,unsure
172556,178,unsure
172655,179,unsure
172767,180,unsure
172871,181,unsure
172970,182,unsure
173071,183,unsure
173170,184,unsure
173277,185,unsure
173378,186,unsure
173478,187,unsure
173578,188,unsure
173682,189,unsure
173781,190,unsure
173881,191,unsure
173979,192,unsure
174081,193,unsure
174181,194,unsure
174280,195,unsure
174385,196,unsure
174485,197,unsure
174586,198,unsure
174694,199,open
174799,200,open
174899,201,open
175000,202,open
175101,203,open
175202,204,open
175303,205,open
175407,206,open
175508,207,open
175609,208,open
175709,209,open
175818,210,open
175921,211,open
176022,212,open
176128,213,open
176230,214,open
176331,215,open
176432,216,open
176535,217,open
176639,218,open
176740,219,open
176847,220,open
176948,221,open
177049,222,open
177149,223,open
177249,224,open
177351,225,open
177450,226,open
177555,227,open
177654,228,open
177758,229,open
177897,230,open
177996,231,open
178099,232,open
178199,233,open
178301,234,open
178401,235,open
178494,236,open
178593,237,open
178692,238,open
178792,239,open
178902,240,open
179002,241,open
179101,242,open
179207,243,open
179311,244,open
179410,245,open
179510,246,open
179609,247,open
179712,248,open
179813,249,open
179912,250,open
180020,251,open
180120,252,open
180221,253,open
180321,254,open
180421,255,open
180515,256,open
180611,257,open
180717,258,open
180818,259,open
180918,260,open
181017,261,open
181117,262,open
181216,263,open
181315,264,open
181416,265,open
181520,266,open
181622,267,open
181722,268,open
181825,269,open
181935,270,open
182038,271,open
182144,272,open
182243,273,open
182345,274,open
182446,275,open
182545,276,open
182645,277,open
182745,278,open
182853,279,open
182955,280,open
183054,281,open
183155,282,open
183254,283,open
183355,284,open
183455,285,open
183557,286,open
183664,287,open
183764,288,open
183865,289,open
183967,290,open
184066,291,open
184176,292,open
184274,293,open
184380,294,open
184478,295,open
184578,296,open
184679,297,open
184779,298,open
184878,299,open
184995,300,open
185099,301,open
185199,302,open
185298,303,open
185398,304,open
185496,305,open
185596,306,open
185701,307,open
185804,308,open
185903,309,open
186003,310,open
186102,311,open
186203,312,open
186302,313,open
186401,314,open
186506,315,open
186608,316,open
186708,317,open
186808,318,open
186907,319,open
187007,320,open
187108,321,open
187213,322,open
187313,323,open
187413,324,open
187513,325,open
187612,326,open
187714,327,open
187820,328,open
187919,329,open
188033,330,open
188136,331,open
188236,332,open
188335,333,open
188436,334,open
188556,335,open
188657,336,open
188758,337,open
188859,338,open
188959,339,open
189058,340,open
189159,341,unsure
189276,342,unsure
189370,343,unsure
189468,344,unsure
189567,345,unsure
189671,346,unsure
189770,347,unsure
189871,348,unsure
189971,349,open
190073,350,open
190172,351,open
190274,352,open
190374,353,open
190474,354,open
190575,355,open
190681,356,open
190782,357,open
190882,358,open
190983,359,open
191095,360,open
191199,361,open
191298,362,open
191404,363,open
191503,364,open
191606,365,open
191706,366,open
191807,367,open
191909,368,open
192008,369,open
192113,370,open
192212,371,open
192313,372,open
192412,373,open
192511,374,open
192611,375,open
192713,376,open
192814,377,open
192920,378,open
193019,379,open
193119,380,open
193219,381,open
193318,382,open
193420,383,open
193520,384,open
193619,385,open
193719,386,open
193823,387,open
193922,388,open
194037,389,closed
194147,390,open
194250,391,open
194350,392,open
194450,393,open
194549,394,open
194650,395,open
194752,396,open
194851,397,open
194959,398,open
195059,399,open
195171,400,open
195271,401,open
195387,402,open
195483,403,open
195589,404,open
195690,405,open
195791,406,open
195902,407,open
195998,408,open
196100,409,open
196199,410,open
196305,411,open
196404,412,open
196503,413,open
196603,414,open
196703,415,open
196802,416,open
196911,417,open
197010,418,open
197110,419,open
197220,420,open
197321,421,open
197421,422,open
197520,423,open
197629,424,open
197728,425,open
197828,426,open
197928,427,open
198027,428,open
198128,429,open
198228,430,open
198358,431,open
198464,432,open
198564,433,open
198663,434,open
198765,435,open
198864,436,open
198963,437,open
199063,438,open
199169,439,open
199268,440,open
199367,441,open
199465,442,open
199568,443,open
199668,444,open
199775,445,open
199874,446,open
199973,447,open
200074,448,open
200173,449,open
200285,450,open
200384,451,open
200490,452,closed
200596,453,closed
200693,454,open
200793,455,open
200892,456,open
200992,457,open
201091,458,open
201190,459,open
201296,460,open
201395,461,open
201495,462,open
201593,463,open
201692,464,open
201792,465,open
201891,466,open
201997,467,open
202096,468,open
202204,469,open
202308,470,open
202407,471,open
202513,472,open
202618,473,open
202718,474,open
202817,475,open
202916,476,open
203014,477,open
203113,478,open
203213,479,open
203328,480,open
203429,481,open
203519,482,open
203614,483,open
203713,484,open
203813,485,open
203913,486,open
204030,487,open
204127,488,open
204226,489,open
204326,490,open
204426,491,open
204526,492,open
204626,493,open
204733,494,open
204832,495,open
204937,496,open
205036,497,open
205135,498,open
205235,499,open
205334,500,open
205451,501,open
205539,502,open
205636,503,open
205738,504,open
205836,505,open
205935,506,open
206033,507,open
206146,508,open
206245,509,open
206357,510,open
206456,511,open
206555,512,closed
206661,513,open
206762,514,open
206862,515,open
206962,516,open
207062,517,open
207161,518,open
207261,519,open
207361,520,open
207461,521,open
207560,522,open
207662,523,open
207765,524,open
207865,525,open
207967,526,open
208066,527,open
208166,528,open
208271,529,open
208373,530,open
208473,531,open
208574,532,open
208674,533,open
208773,534,open
208879,535,open
208980,536,open
209079,537,open
209181,538,open
209281,539,open
209390,540,open
209498,541,open
209598,542,open
209699,543,open
209800,544,open
209900,545,open
210000,546,open
210100,547,open
210200,548,open
210307,549,open
210408,550,open
210502,551,open
210596,552,open
210697,553,open
210800,554,open
210902,555,open
211009,556,open
211110,557,open
211211,558,open
211310,559,open
211411,560,open
211519,561,open
211620,562,open
211726,563,open
211825,564,open
211925,565,open
212024,566,open
212123,567,open
212222,568,open
212322,569,open
212442,570,open
212543,571,open
212643,572,open
212741,573,open
212841,574,open
212939,575,open
213037,576,open
213143,577,open
213242,578,open
213341,579,open
213439,580,open
213529,581,open
213626,582,open
213725,583,open
213838,584,closed
213933,585,open
214038,586,open
214136,587,open
214236,588,open
214336,589,open
214437,590,open
214550,591,open
214649,592,open
214751,593,open
214852,594,open
214951,595,open
215053,596,open
215152,597,open
215259,598,open
215359,599,open
215470,600,open
215575,601,open
215675,602,open
215776,603,open
215876,604,open
215981,605,open
216081,606,open
216181,607,open
216281,608,open
216381,609,open
216480,610,open
216580,611,open
216691,612,open
216790,613,open
216890,614,open
216992,615,open
217092,616,open
217192,617,open
217292,618,open
217398,619,open
217498,620,open
217606,621,open
217704,622,open
217805,623,open
217905,624,open
218008,625,open
218108,626,open
218208,627,open
218307,628,open
218407,629,open
218521,630,open
218623,631,open
218765,632,open
218860,633,open
218960,634,open
219059,635,open
219157,636,open
219268,637,open
219366,638,open
219469,639,open
219568,640,open
219671,641,open
219769,642,open
219870,643,open
219970,644,open
220069,645,open
220187,646,open
220285,647,open
220387,648,open
220494,649,open
220596,650,open
220699,651,open
220809,652,open
220910,653,open
221010,654,open
221111,655,open
221210,656,open
221310,657,open
221410,658,open
221517,659,open
221624,660,open
221723,661,open
221824,662,open
221928,663,open
222031,664,open
222131,665,open
222236,666,open
222336,667,open
222436,668,open
222545,669,open
222648,670,open
222749,671,open
222849,672,open
222956,673,open
223056,674,open
223158,675,open
223258,676,open
223357,677,open
223457,678,open
223556,679,open
223663,680,open
223763,681,open
223863,682,open
223964,683,open
224063,684,open
224163,685,open
224264,686,open
224371,687,open
224470,688,open
224575,689,open
224688,690,open
224788,691,open
224891,692,open
224999,693,open
225100,694,open
225200,695,open
225301,696,open
225400,697,open
225500,698,open
225600,699,open
225709,700,closed
225823,701,open
225923,702,open
226022,703,open
226123,704,open
226222,705,open
226322,706,closed
226439,707,open
226538,708,open
226637,709,open
226738,710,open
226842,711,open
226941,712,open
227041,713,open
227148,714,open
227248,715,open
227347,716,open
227447,717,open
227546,718,open
227646,719,open
227760,720,open
227859,721,open
227963,722,open
228062,723,open
228164,724,open
228265,725,open
228365,726,open
228598,727,open
228699,728,open
228800,729,open
228906,730,open
229006,731,open
229110,732,open
229211,733,open
229324,734,open
229440,735,open
229542,736,open
229647,737,open
229747,738,open
229859,739,open
229959,740,open
230069,741,open
230170,742,open
230271,743,open
230372,744,open
230472,745,open
230573,746,open
230674,747,open
230782,748,open
230885,749,open
230996,750,open
231097,751,open
231197,752,open
231298,753,open
231404,754,open
231506,755,open
231607,756,open
231708,757,open
231810,758,open
231915,759,open
232015,760,open
232121,761,open
232222,762,open
232323,763,open
232424,764,open
232528,765,open
232633,766,open
232734,767,open
232841,768,open
232942,769,open
233043,770,open
233144,771,open
233245,772,open
233349,773,open
233451,774,open
233552,775,open
233653,776,open
233754,777,open
233854,778,open
233954,779,open
234067,780,open
234173,781,open
234273,782,open
234373,783,open
234476,784,open
234579,785,open
234679,786,open
234780,787,open
234887,788,open
234987,789,open
235087,790,open
235187,791,open
235288,792,open
235389,793,open
235490,794,open
235599,795,open
235699,796,open
235800,797,open
235901,798,open
236002,799,open
236102,800,open
236202,801,open
236309,802,open
236409,803,open
236510,804,open
236611,805,open
236715,806,open
236815,807,open
236918,808,open
237022,809,open
237134,810,open
237233,811,open
237334,812,open
237437,813,open
237547,814,open
237654,815,closed
237752,816,open
237855,817,open
237958,818,open
238059,819,open
238158,820,open
238257,821,open
238357,822,open
238463,823,open
238563,824,open
238674,825,open
238776,826,open
238876,827,open
238975,828,open
239075,829,open
239210,830,open
239309,831,open
239409,832,open
239508,833,open
239609,834,open
239708,835,open
239812,836,open
239917,837,open
240017,838,open
240116,839,open
240227,840,open
240328,841,open
240427,842,open
240526,843,open
240625,844,open
240725,845,open
240826,846,open
240928,847,open
241030,848,open
241129,849,open
241228,850,open
241335,851,open
241435,852,open
241536,853,open
241636,854,open
241740,855,open
241840,856,open
241941,857,open
242048,858,open
242149,859,open
242248,860,open
242348,861,open
242447,862,open
242546,863,open
242647,864,open
242754,865,open
242857,866,open
242957,867,open
243057,868,open
243158,869,open
243268,870,open
243373,871,open
243472,872,open
243573,873,open
243673,874,open
243773,875,open
243872,876,open
243972,877,open
244071,878,open
244173,879,open
244276,880,open
244376,881,open
244475,882,open
244577,883,open
244677,884,open
244780,885,open
244883,886,open
244988,887,open
245087,888,open
245187,889,open
245286,890,open
245385,891,open
245481,892,open
245572,893,open
245675,894,open
245775,895,open
245875,896,open
245978,897,open
246078,898,open
246178,899,open
246294,900,closed
246404,901,open
246499,902,open
246599,903,open
246702,904,open
246802,905,open
246901,906,open
247001,907,open
247106,908,open
247206,909,open
247317,910,open
247417,911,open
247509,912,closed
247613,913,open
247714,914,open
247814,915,open
247916,916,open
248014,917,open
248115,918,open
248214,919,open
248315,920,open
248415,921,open
248520,922,open
248623,923,open
248726,924,open
248829,925,open
248928,926,open
249028,927,open
249135,928,open
249234,929,open
249347,930,open
249448,931,open
249547,932,open
249650,933,open
249756,934,open
249857,935,open
249957,936,open
250057,937,open
250159,938,open
250260,939,open
250361,940,open
250460,941,open
250577,942,open
250677,943,closed
250788,944,open
250886,945,open
250989,946,open
251091,947,open
251191,948,open
251296,949,open
251397,950,open
251497,951,open
251597,952,open
251701,953,open
251801,954,open
251908,955,open
252007,956,open
252107,957,open
252209,958,open
252310,959,open
252421,960,open
252526,961,open
252627,962,open
252727,963,open
252829,964,open
252929,965,open
253032,966,open
253133,967,open
253235,968,open
253335,969,open
253440,970,open
253549,971,open
253655,972,open
253755,973,open
253856,974,open
253956,975,open
254058,976,open
254163,977,open
254264,978,open
254364,979,open
254463,980,open
254563,981,open
254662,982,open
254770,983,open
254871,984,open
254970,985,open
255071,986,open
255170,987,open
255270,988,open
255369,989,open
255484,990,open
255587,991,open
255686,992,open
255786,993,open
255885,994,open
255985,995,open
256084,996,open
256185,997,open
256291,998,open
256392,999,open
256492,1000,open
256592,1001,open
256697,1002,open
256803,1003,open
256902,1004,open
257009,1005,open
257121,1006,open
257221,1007,open
257324,1008,open
257427,1009,open
257526,1010,open
257633,1011,open
257733,1012,open
257836,1013,open
257936,1014,open
258037,1015,open
258138,1016,open
258238,1017,open
258338,1018,open
258442,1019,open
258555,1020,open
258655,1021,open
258756,1022,open
258855,1023,open
258956,1024,open
259056,1025,open
259163,1026,open
259263,1027,open
259364,1028,open
259463,1029,open
259563,1030,open
259694,1031,open
259798,1032,open
259897,1033,open
260003,1034,open
260103,1035,open
260204,1036,open
260303,1037,open
260402,1038,open
260502,1039,open
260607,1040,open
260708,1041,open
260808,1042,open
260911,1043,open
261014,1044,open
261114,1045,open
261214,1046,closed
261313,1047,open
261420,1048,open
261519,1049,open
261634,1050,open
261734,1051,open
261835,1052,open
261936,1053,open
262045,1054,open
262148,1055,open
262251,1056,open
262353,1057,open
262454,1058,open
262553,1059,open
262654,1060,open
262760,1061,open
262859,1062,open
262958,1063,open
263071,1064,open
263176,1065,open
263277,1066,open
263378,1067,open
263481,1068,open
263574,1069,open
263677,1070,open
263778,1071,open
263877,1072,open
263976,1073,open
264075,1074,open
264180,1075,open
264280,1076,open
264379,1077,open
264478,1078,open
264578,1079,open
264695,1080,open
264799,1081,open
264899,1082,open
265002,1083,open
265106,1084,open
265207,1085,open
265307,1086,open
265408,1087,open
265502,1088,open
265602,1089,open
265703,1090,open
265806,1091,open
265906,1092,open
266007,1093,open
266107,1094,open
266209,1095,open
266320,1096,open
266419,1097,open
266519,1098,open
266622,1099,open
266723,1100,open
266822,1101,open
266921,1102,open
267028,1103,open
267127,1104,open
267227,1105,open
267326,1106,open
267425,1107,open
267524,1108,open
267631,1109,open
267748,1110,open
267847,1111,open
267947,1112,open
268046,1113,open
268149,1114,open
268249,1115,open
268349,1116,open
268451,1117,open
268550,1118,open
268649,1119,open
268748,1120,open
268847,1121,open
268946,1122,open
269047,1123,open
269153,1124,open
269253,1125,open
269357,1126,open
269455,1127,open
269554,1128,open
269655,1129,open
269758,1130,open
269863,1131,open
269962,1132,open
270062,1133,open
270162,1134,open
270262,1135,open
270361,1136,open
270459,1137,open
270551,1138,open
270656,1139,open
270765,1140,open
270868,1141,closed
270969,1142,open
271070,1143,open
271172,1144,open
271272,1145,open
271380,1146,open
271480,1147,open
271582,1148,open
271682,1149,open
271782,1150,open
271881,1151,open
271982,1152,open
272088,1153,open
272189,1154,open
272290,1155,open
272392,1156,open
272492,1157,open
272592,1158,open
272691,1159,open
272799,1160,open
272899,1161,open
272998,1162,open
273097,1163,open
273197,1164,open
273298,1165,open
273397,1166,open
273491,1167,open
273588,1168,open
273689,1169,open
273798,1170,open
273898,1171,open
273999,1172,open
274099,1173,open
274207,1174,open
274308,1175,open
274409,1176,open
274509,1177,open
274610,1178,open
274714,1179,open
274815,1180,open
274920,1181,open
275024,1182,open
275126,1183,open
275225,1184,open
275328,1185,open
275430,1186,open
275529,1187,open
275631,1188,open
275733,1189,open
275837,1190,open
275936,1191,open
276036,1192,open
276135,1193,open
276235,1194,open
276334,1195,open
276442,1196,open
276545,1197,open
276645,1198,open
276746,1199,open
276860,1200,open
276965,1201,open
277069,1202,open
277169,1203,open
277269,1204,open
277368,1205,open
277468,1206,open
277568,1207,open
277668,1208,open
277777,1209,open
277876,1210,open
277975,1211,open
278074,1212,open
278175,1213,open
278275,1214,open
278374,1215,open
278476,1216,open
278583,1217,open
278683,1218,open
278783,1219,open
278888,1220,open
278989,1221,open
279090,1222,open
279191,1223,open
279297,1224,open
279398,1225,open
279498,1226,open
279599,1227,open
279698,1228,open
279799,1229,open
279917,1230,open
280020,1231,open
280119,1232,open
280221,1233,open
280321,1234,open
280453,1235,open
280551,1236,open
280655,1237,closed
280755,1238,open
280858,1239,open
280957,1240,open
281057,1241,open
281155,1242,open
281254,1243,open
281354,1244,open
281452,1245,open
281551,1246,open
281650,1247,open
281750,1248,open
281850,1249,open
281950,1250,open
282051,1251,open
282159,1252,open
282260,1253,open
282361,1254,open
282461,1255,open
282560,1256,open
282662,1257,open
282763,1258,open
282868,1259,open
282985,1260,open
283089,1261,open
283190,1262,open
283291,1263,open
283390,1264,open
283496,1265,open
283598,1266,open
283697,1267,open
283796,1268,open
283899,1269,open
283998,1270,open
284097,1271,open
284197,1272,open
284302,1273,open
284401,1274,open
284501,1275,open
284606,1276,open
284705,1277,open
284804,1278,open
284904,1279,open
285009,1280,open
285109,1281,open
285208,1282,open
285309,1283,open
285408,1284,open
285508,1285,open
285607,1286,open
285713,1287,open
285817,1288,open
285916,1289,open
286032,1290,open
286133,1291,open
286232,1292,open
286331,1293,open
286438,1294,open
286549,1295,open
286650,1296,open
286751,1297,open
286852,1298,open
286953,1299,open
287054,1300,open
287161,1301,open
287262,1302,open
287365,1303,open
287466,1304,open
287571,1305,open
287677,1306,open
287778,1307,open
287881,1308,open
287982,1309,open
288084,1310,open
288184,1311,open
288283,1312,open
288383,1313,open
288481,1314,open
288582,1315,open
288683,1316,open
288787,1317,open
288888,1318,open
288988,1319,open
289107,1320,open
289208,1321,open
289307,1322,open
289408,1323,open
289512,1324,open
289613,1325,open
289714,1326,open
289820,1327,open
289921,1328,open
290022,1329,open
290122,1330,open
290223,1331,open
290323,1332,open
290424,1333,open
290525,1334,open
290635,1335,open
290739,1336,open
290841,1337,open
290942,1338,open
291044,1339,open
291147,1340,open
291248,1341,open
291355,1342,open
291455,1343,open
291553,1344,open
291653,1345,open
291753,1346,open
291853,1347,open
291960,1348,open
292059,1349,open
292177,1350,open
292277,1351,open
292377,1352,open
292478,1353,open
292579,1354,open
292682,1355,open
292781,1356,open
292885,1357,open
292987,1358,open
293092,1359,open
293192,1360,open
293292,1361,open
293392,1362,open
293497,1363,open
293598,1364,open
293701,1365,open
293805,1366,open
293904,1367,open
294005,1368,open
294105,1369,open
294210,1370,open
294310,1371,open
294411,1372,open
294510,1373,open
294610,1374,open
294711,1375,open
294811,1376,open
294917,1377,open
295018,1378,open
295118,1379,open
295233,1380,open
295332,1381,open
295432,1382,open
295531,1383,open
295637,1384,open
295736,1385,open
295835,1386,open
295935,1387,open
296034,1388,open
296133,1389,open
296232,1390,open
296331,1391,open
296435,1392,open
296535,1393,open
296634,1394,open
296733,1395,open
296837,1396,open
296937,1397,open
297036,1398,open
297135,1399,open
297241,1400,open
297340,1401,open
297439,1402,open
297548,1403,open
297649,1404,open
297748,1405,open
297854,1406,open
297954,1407,open
298055,1408,open
298155,1409,open
298269,1410,open
298371,1411,open
298471,1412,open
298572,1413,open
298671,1414,open
298775,1415,open
298875,1416,open
298974,1417,open
299074,1418,open
299182,1419,open
299289,1420,open
299388,1421,open
299492,1422,open
299593,1423,open
299693,1424,open
299792,1425,open
299898,1426,open
300016,1427,open
300117,1428,open
300217,1429,open
300321,1430,open
300421,1431,open
300521,1432,open
300627,1433,open
300732,1434,open
300834,1435,open
300934,1436,open
301034,1437,open
301172,1438,open
301272,1439,open
301386,1440,open
301484,1441,open
301583,1442,open
301681,1443,open
301785,1444,open
301885,1445,open
301985,1446,open
302084,1447,open
302183,1448,open
302285,1449,open
302384,1450,open
302482,1451,open
302589,1452,open
302693,1453,open
302794,1454,open
302894,1455,open
303000,1456,open
303100,1457,open
303201,1458,open
303302,1459,open
303405,1460,open
303505,1461,open
303606,1462,open
303706,1463,open
303810,1464,open
303910,1465,open
304017,1466,open
304118,1467,open
304218,1468,open
304318,1469,open
304434,1470,open
304534,1471,open
304643,1472,open
304744,1473,open
304844,1474,open
304949,1475,open
305052,1476,open
305152,1477,open
305253,1478,open
305353,1479,open
305458,1480,open
305549,1481,open
305648,1482,open
305748,1483,open
305848,1484,open
305948,1485,open
306057,1486,open
306164,1487,open
306263,1488,open
306364,1489,open
306468,1490,open
306569,1491,open
306669,1492,open
306776,1493,open
306879,1494,open
306980,1495,open
307081,1496,open
307180,1497,open
307280,1498,open
307379,1499,open
307495,1500,open
307588,1501,open
307689,1502,open
307790,1503,open
307890,1504,open
307992,1505,open
308093,1506,open
308193,1507,open
308301,1508,open
308404,1509,open
308504,1510,open
308603,1511,closed
308710,1512,closed
308808,1513,closed
308910,1514,closed
309009,1515,open
309110,1516,open
309221,1517,open
309321,1518,open
309421,1519,closed
309519,1520,open
309625,1521,open
309726,1522,open
309825,1523,open
309924,1524,open
310023,1525,open
310123,1526,open
310222,1527,open
310322,1528,open
310425,1529,open
310540,1530,open
310640,1531,open
310744,1532,open
310846,1533,open
310945,1534,closed
311052,1535,open
311153,1536,open
311258,1537,open
311359,1538,open
311458,1539,open
311558,1540,open
311659,1541,open
311763,1542,open
311869,1543,open
311969,1544,open
312070,1545,open
312172,1546,open
312273,1547,open
312373,1548,open
312474,1549,open
312582,1550,open
312687,1551,open
312787,1552,open
312888,1553,open
312990,1554,open
313091,1555,closed
313192,1556,open
313298,1557,open
313398,1558,open
313498,1559,open
313608,1560,open
313709,1561,open
313814,1562,open
313918,1563,open
314018,1564,open
314118,1565,open
314219,1566,open
314319,1567,open
314420,1568,open
314519,1569,open
314623,1570,open
314729,1571,open
314831,1572,open
314931,1573,closed
315030,1574,open
315129,1575,open
315235,1576,open
315335,1577,open
315437,1578,open
315551,1579,open
315651,1580,open
315751,1581,open
315851,1582,open
315951,1583,open
316051,1584,open
316150,1585,open
316257,1586,open
316356,1587,open
316454,1588,open
316550,1589,open
316664,1590,open
316763,1591,open
316868,1592,open
316971,1593,open
317071,1594,open
317170,1595,open
317269,1596,open
317368,1597,open
317467,1598,open
317568,1599,open
317674,1600,open
317778,1601,open
317877,1602,open
317976,1603,open
318075,1604,open
318174,1605,open
318278,1606,open
318379,1607,open
318483,1608,open
318584,1609,open
318683,1610,open
318782,1611,open
318882,1612,open
318983,1613,open
319082,1614,open
319188,1615,open
319289,1616,open
319388,1617,open
319488,1618,open
319588,1619,open
319702,1620,open
319809,1621,open
319908,1622,open
320008,1623,open
320111,1624,open
320211,1625,open
320310,1626,open
320409,1627,open
320509,1628,open
320616,1629,open
320715,1630,open
320815,1631,open
320918,1632,closed
321017,1633,open
321116,1634,open
321218,1635,open
321323,1636,open
321430,1637,open
321522,1638,open
321617,1639,open
321723,1640,open
321826,1641,open
321958,1642,open
322057,1643,open
322163,1644,open
322262,1645,open
322361,1646,open
322462,1647,open
322562,1648,open
322661,1649,open
322777,1650,open
322880,1651,open
322980,1652,open
323079,1653,open
323178,1654,open
323278,1655,open
323377,1656,open
323473,1657,open
323569,1658,open
323673,1659,open
323772,1660,open
323872,1661,open
323973,1662,open
324072,1663,open
324173,1664,open
324273,1665,open
324382,1666,open
324481,1667,open
324581,1668,open
324681,1669,open
324785,1670,open
324884,1671,open
324984,1672,open
325092,1673,open
325192,1674,open
325291,1675,open
325390,1676,open
325489,1677,open
325592,1678,closed
325691,1679,closed
325816,1680,open
325918,1681,open
326018,1682,open
326119,1683,open
326219,1684,open
326318,1685,open
326417,1686,open
326521,1687,open
326623,1688,open
326722,1689,open
326824,1690,open
326925,1691,open
327025,1692,open
327124,1693,open
327223,1694,open
327326,1695,open
327431,1696,open
327530,1697,open
327630,1698,open
327731,1699,open
327831,1700,open
327930,1701,open
328037,1702,open
328136,1703,open
328235,1704,open
328335,1705,open
328434,1706,open
328533,1707,open
328634,1708,open
328739,1709,open
328851,1710,open
328950,1711,open
329049,1712,closed
329164,1713,open
329263,1714,open
329385,1715,open
329483,1716,closed
329598,1717,open
329696,1718,open
329794,1719,open
329893,1720,open
329996,1721,open
330096,1722,open
330201,1723,open
330300,1724,open
330402,1725,open
330502,1726,open
330602,1727,open
330701,1728,open
330806,1729,open
330911,1730,open
331011,1731,open
331110,1732,open
331211,1733,open
331310,1734,open
331409,1735,open
331509,1736,open
331614,1737,open
331713,1738,open
331813,1739,open
331928,1740,open
332028,1741,open
332127,1742,open
332227,1743,open
332338,1744,open
332438,1745,open
332543,1746,open
332642,1747,open
332746,1748,open
332846,1749,open
332946,1750,open
333046,1751,open
333153,1752,open
333255,1753,open
333355,1754,open
333453,1755,open
333552,1756,open
333651,1757,open
333750,1758,open
333858,1759,open
333958,1760,open
334058,1761,open
334158,1762,open
334259,1763,open
334359,1764,open
334458,1765,open
334565,1766,open
334665,1767,open
334769,1768,open
334868,1769,open
334980,1770,open
335079,1771,open
335182,1772,open
335291,1773,open
335392,1774,open
335491,1775,open
335596,1776,open
335696,1777,open
335797,1778,open
335897,1779,open
335997,1780,open
336104,1781,open
336205,1782,open
336305,1783,open
336406,1784,open
336506,1785,open
336610,1786,open
336713,1787,open
336819,1788,open
336922,1789,open
337022,1790,open
337123,1791,open
337222,1792,open
337323,1793,open
337423,1794,open
337529,1795,open
337628,1796,open
337728,1797,open
337827,1798,open
337928,1799,open
338037,1800,open
338140,1801,open
338241,1802,open
338340,1803,open
338441,1804,open
338543,1805,open
338643,1806,open
338743,1807,open
338842,1808,open
338948,1809,open
339049,1810,open
339149,1811,open
339248,1812,open
339347,1813,open
339446,1814,open
339546,1815,open
339647,1816,open
339754,1817,open
339859,1818,open
339960,1819,open
340060,1820,open
340159,1821,open
340258,1822,open
340359,1823,open
340464,1824,open
340564,1825,open
340667,1826,open
340769,1827,open
340868,1828,open
340970,1829,open
341086,1830,open
341186,1831,open
341285,1832,open
341384,1833,open
341487,1834,open
341586,1835,open
341685,1836,open
341787,1837,open
341894,1838,open
341993,1839,open
342093,1840,open
342192,1841,open
342291,1842,closed
342392,1843,open
342486,1844,open
342577,1845,open
342682,1846,open
342781,1847,open
342881,1848,open
342985,1849,open
343117,1850,open
343216,1851,open
343319,1852,open
343422,1853,open
343522,1854,open
343621,1855,open
343723,1856,open
343823,1857,open
343922,1858,open
344030,1859,open
344141,1860,open
344240,1861,open
344340,1862,open
344439,1863,open
344535,1864,open
344636,1865,open
344740,1866,open
344840,1867,open
344941,1868,open
345044,1869,open
345145,1870,open
345245,1871,open
345346,1872,open
345447,1873,closed
345553,1874,open
345658,1875,closed
345771,1876,open
345868,1877,open
345968,1878,open
346071,1879,open
346178,1880,open
346277,1881,open
346378,1882,open
346478,1883,open
346578,1884,open
346679,1885,open
346789,1886,open
346890,1887,open
346989,1888,open
347091,1889,open
347203,1890,open
347304,1891,open
347415,1892,open
347527,1893,open
347628,1894,open
347728,1895,open
347828,1896,open
347933,1897,open
348034,1898,open
348135,1899,open
348241,1900,open
348350,1901,open
348450,1902,open
348548,1903,open
348651,1904,open
348751,1905,open
348852,1906,open
348959,1907,open
349059,1908,open
349161,1909,open
349262,1910,open
349362,1911,open
349463,1912,open
349569,1913,open
349670,1914,open
349772,1915,open
349873,1916,open
349976,1917,open
350077,1918,open
350177,1919,open
350295,1920,open
350396,1921,open
350496,1922,open
350598,1923,open
350700,1924,open
350799,1925,open
350900,1926,open
351006,1927,open
351107,1928,open
351207,1929,open
351306,1930,open
351405,1931,open
351505,1932,open
351604,1933,open
351707,1934,open
351813,1935,open
351913,1936,open
352014,1937,closed
352113,1938,open
352215,1939,open
352315,1940,open
352416,1941,open
352522,1942,open
352623,1943,open
352724,1944,open
352826,1945,open
352927,1946,open
353027,1947,open
353128,1948,open
353233,1949,open
353348,1950,open
353448,1951,open
353544,1952,open
353648,1953,open
353750,1954,open
353854,1955,open
353956,1956,open
354056,1957,open
354157,1958,open
354257,1959,open
354358,1960,open
354457,1961,open
354557,1962,open
354665,1963,open
354767,1964,open
354868,1965,open
354969,1966,open
355070,1967,open
355170,1968,open
355280,1969,open
355387,1970,open
355486,1971,open
355591,1972,open
355691,1973,open
355791,1974,open
355892,1975,open
355992,1976,closed
356096,1977,open
356210,1978,open
356309,1979,closed
356419,1980,closed
356518,1981,open
356618,1982,open
356718,1983,open
356827,1984,open
356927,1985,open
357027,1986,open
357127,1987,open
357228,1988,open
357328,1989,open
357427,1990,open
357528,1991,open
357634,1992,open
357737,1993,open
357840,1994,open
357943,1995,open
358047,1996,open
358146,1997,open
358246,1998,open
358352,1999,open
358453,2000,open
358549,2001,open
358648,2002,open
358749,2003,open
358848,2004,open
358947,2005,open
359054,2006,open
359155,2007,open
359254,2008,open
359354,2009,open
359464,2010,open
359564,2011,open
359662,2012,open
359767,2013,open
359873,2014,open
359974,2015,open
360074,2016,open
360174,2017,open
360275,2018,open
360375,2019,open
360475,2020,open
360575,2021,open
360679,2022,open
360778,2023,open
360877,2024,open
360976,2025,open
361079,2026,open
361178,2027,open
361283,2028,open
361384,2029,open
361480,2030,open
361571,2031,open
361673,2032,open
361776,2033,open
361877,2034,open
361984,2035,open
362083,2036,open
362182,2037,open
362283,2038,open
362382,2039,open
362493,2040,open
362600,2041,open
362700,2042,open
362799,2043,open
362901,2044,open
363001,2045,open
363102,2046,open
363202,2047,open
363302,2048,open
363404,2049,open
363515,2050,open
363642,2051,open
363745,2052,open
363844,2053,open
363944,2054,open
364043,2055,closed
364165,2056,open
364259,2057,open
364359,2058,open
364459,2059,open
364561,2060,open
364661,2061,open
364761,2062,open
364867,2063,open
364967,2064,open
365067,2065,open
365167,2066,open
365271,2067,open
365370,2068,open
365470,2069,open
365579,2070,open
365688,2071,open
365787,2072,open
365888,2073,open
365991,2074,open
366092,2075,open
366192,2076,open
366299,2077,open
366401,2078,open
366500,2079,open
366601,2080,open
366702,2081,open
366807,2082,open
366908,2083,open
367010,2084,open
367119,2085,open
367220,2086,open
367319,2087,open
367422,2088,open
367523,2089,open
367626,2090,open
367735,2091,open
367837,2092,open
367941,2093,closed
368057,2094,open
368156,2095,open
368260,2096,open
368367,2097,open
368464,2098,open
368556,2099,open
368669,2100,open
368770,2101,open
368871,2102,open
368977,2103,open
369082,2104,open
369183,2105,open
369284,2106,open
369388,2107,open
369488,2108,open
369588,2109,open
369690,2110,open
369797,2111,open
369898,2112,open
370000,2113,open
370101,2114,open
370205,2115,open
370306,2116,open
370407,2117,open
370513,2118,open
370616,2119,open
370719,2120,open
370826,2121,open
370929,2122,open
371031,2123,open
371138,2124,open
371238,2125,open
371338,2126,open
371438,2127,open
371533,2128,open
371631,2129,open
371743,2130,open
371843,2131,open
371948,2132,closed
372060,2133,open
372158,2134,open
372259,2135,open
372359,2136,open
372462,2137,open
372563,2138,open
372669,2139,open
372770,2140,open
372871,2141,open
372972,2142,open
373074,2143,open
373175,2144,open
373283,2145,open
373384,2146,open
373483,2147,open
373584,2148,open
373687,2149,open
373792,2150,open
373899,2151,open
374000,2152,open
374099,2153,open
374201,2154,open
374301,2155,closed
374414,2156,open
374510,2157,open
374611,2158,open
374712,2159,open
374821,2160,open
374925,2161,open
375026,2162,open
375129,2163,open
375236,2164,open
375338,2165,open
375438,2166,open
375549,2167,open
375651,2168,open
375751,2169,open
375852,2170,open
375959,2171,open
376060,2172,open
376160,2173,open
376261,2174,open
376366,2175,open
376466,2176,open
376567,2177,open
376674,2178,open
376780,2179,open
376892,2180,open
377000,2181,open
377101,2182,open
377206,2183,open
377310,2184,open
377411,2185,open
377512,2186,open
377616,2187,open
377717,2188,open
377817,2189,open
377934,2190,open
378034,2191,open
378134,2192,open
378233,2193,open
378338,2194,open
378438,2195,open
378546,2196,open
378645,2197,open
378755,2198,open
378854,2199,open
378954,2200,open
379053,2201,open
379154,2202,open
379257,2203,open
379356,2204,open
379455,2205,open
379553,2206,open
379653,2207,open
379754,2208,open
379861,2209,open
379962,2210,open
380063,2211,open
380169,2212,open
380270,2213,open
380371,2214,open
380469,2215,open
380571,2216,open
380671,2217,open
380772,2218,open
380878,2219,open
380990,2220,open
381089,2221,open
381188,2222,open
381291,2223,open
381395,2224,open
381494,2225,open
381593,2226,open
381694,2227,open
381799,2228,open
381900,2229,open
382001,2230,open
382102,2231,open
382203,2232,open
382309,2233,open
382410,2234,open
382509,2235,open
382610,2236,open
382710,2237,open
382809,2238,open
382914,2239,open
383019,2240,open
383120,2241,open
383219,2242,closed
383331,2243,open
383427,2244,open
383527,2245,open
383633,2246,open
383732,2247,open
383838,2248,open
383937,2249,open
384078,2250,open
384177,2251,open
384277,2252,open
384381,2253,open
384485,2254,open
384585,2255,open
384684,2256,open
384784,2257,open
384885,2258,open
384985,2259,open
385085,2260,open
385190,2261,open
385289,2262,open
385389,2263,open
385488,2264,open
385593,2265,open
385694,2266,open
385794,2267,open
385901,2268,open
386003,2269,open
386103,2270,open
386204,2271,open
386305,2272,open
386406,2273,open
386506,2274,open
386607,2275,open
386711,2276,open
386813,2277,open
386913,2278,open
387014,2279,open
387125,2280,open
387228,2281,open
387330,2282,open
387433,2283,open
387533,2284,open
387634,2285,open
387733,2286,open
387837,2287,open
387946,2288,open
388048,2289,open
388149,2290,open
388250,2291,open
388349,2292,open
388449,2293,open
388546,2294,open
388647,2295,open
388750,2296,open
388850,2297,open
388949,2298,open
389051,2299,open
389150,2300,open
389250,2301,open
389350,2302,open
389454,2303,open
389553,2304,open
389652,2305,open
389756,2306,open
389859,2307,open
389959,2308,open
390066,2309,open
390179,2310,open
390279,2311,open
390379,2312,open
390480,2313,open
390583,2314,open
390689,2315,open
390788,2316,open
390893,2317,open
390994,2318,open
391094,2319,open
391194,2320,open
391294,2321,open
391393,2322,open
391491,2323,open
391593,2324,open
391693,2325,open
391793,2326,open
391893,2327,open
391992,2328,open
392093,2329,open
392192,2330,open
392295,2331,open
392396,2332,open
392496,2333,open
392596,2334,open
392695,2335,open
392796,2336,open
392901,2337,open
393001,2338,open
393100,2339,open
393212,2340,open
393311,2341,open
393410,2342,open
393513,2343,open
393615,2344,open
393715,2345,open
393814,2346,closed
393931,2347,open
394030,2348,open
394129,2349,open
394230,2350,open
394339,2351,open
394439,2352,open
394546,2353,open
394646,2354,open
394746,2355,open
394850,2356,open
394950,2357,open
395048,2358,open
395153,2359,open
395253,2360,open
395353,2361,open
395452,2362,open
395550,2363,open
395651,2364,open
395758,2365,open
395861,2366,open
395961,2367,open
396060,2368,open
396160,2369,open
396271,2370,open
396372,2371,open
396475,2372,open
396583,2373,open
396684,2374,open
396787,2375,open
396887,2376,open
396994,2377,open
397112,2378,open
397211,2379,open
397311,2380,open
397414,2381,open
397515,2382,open
397615,2383,open
397716,2384,open
397820,2385,open
397928,2386,open
398029,2387,open
398128,2388,open
398230,2389,open
398329,2390,open
398429,2391,open
398529,2392,open
398629,2393,open
398729,2394,open
398828,2395,open
398932,2396,open
399031,2397,open
399143,2398,open
399247,2399,open
399365,2400,open
399464,2401,open
399564,2402,open
399663,2403,open
399766,2404,open
399867,2405,open
399973,2406,open
400073,2407,open
400174,2408,open
400273,2409,open
400372,2410,open
400472,2411,open
400572,2412,open
400679,2413,open
400778,2414,open
400883,2415,open
400983,2416,open
401082,2417,open
401183,2418,open
401282,2419,open
401382,2420,open
401487,2421,open
401588,2422,open
401690,2423,open
401801,2424,open
401899,2425,open
402005,2426,open
402113,2427,open
402213,2428,open
402313,2429,open
402423,2430,open
402522,2431,open
402622,2432,open
402727,2433,open
402829,2434,open
402928,2435,open
403028,2436,open
403128,2437,open
403227,2438,open
403327,2439,open
403429,2440,open
403526,2441,open
403623,2442,open
403724,2443,open
403825,2444,open
403934,2445,open
404035,2446,open
404135,2447,open
404241,2448,open
404348,2449,open
404480,2450,open
404580,2451,open
404680,2452,open
404781,2453,open
404881,2454,open
404987,2455,open
405086,2456,open
405186,2457,open
405286,2458,open
405386,2459,open
405498,2460,open
405604,2461,open
405703,2462,open
405804,2463,open
405904,2464,open
406003,2465,open
406103,2466,open
406204,2467,open
406305,2468,open
406409,2469,open
406503,2470,open
406600,2471,open
406701,2472,open
406802,2473,open
406905,2474,open
407013,2475,open
407114,2476,open
407215,2477,open
407316,2478,open
407417,2479,open
407517,2480,open
407623,2481,open
407724,2482,open
407823,2483,open
407923,2484,open
408023,2485,open
408123,2486,open
408223,2487,open
408322,2488,open
408426,2489,open
408537,2490,open
408636,2491,open
408736,2492,open
408836,2493,open
408937,2494,open
409042,2495,open
409142,2496,open
409241,2497,open
409341,2498,open
409440,2499,open
409548,2500,open
409647,2501,open
409747,2502,open
409853,2503,open
409952,2504,open
410054,2505,open
410154,2506,open
410254,2507,open
410354,2508,open
410452,2509,open
410555,2510,open
410659,2511,open
410759,2512,open
410859,2513,open
410958,2514,open
411058,2515,open
411158,2516,open
411264,2517,open
411364,2518,open
411464,2519,open
411574,2520,open
411674,2521,open
411777,2522,open
411882,2523,open
411983,2524,open
412083,2525,open
412182,2526,open
412282,2527,open
412381,2528,open
412480,2529,open
412588,2530,open
412688,2531,open
412788,2532,open
412899,2533,open
412995,2534,open
413099,2535,open
413200,2536,open
413300,2537,open
413405,2538,open
413504,2539,open
413604,2540,open
413708,2541,open
413809,2542,open
413909,2543,open
414018,2544,open
414118,2545,open
414219,2546,closed
414330,2547,open
414432,2548,open
414533,2549,open
414650,2550,open
414750,2551,open
414855,2552,open
414954,2553,open
415055,2554,open
415158,2555,open
415258,2556,open
415364,2557,open
415464,2558,open
415566,2559,open
415667,2560,open
415768,2561,open
415869,2562,open
415970,2563,open
416070,2564,open
416180,2565,open
416281,2566,open
416380,2567,open
416479,2568,open
416580,2569,open
416683,2570,open
416786,2571,open
416887,2572,open
416987,2573,open
417087,2574,open
417186,2575,open
417287,2576,open
417387,2577,open
417486,2578,open
417585,2579,open
417693,2580,open
417792,2581,open
417896,2582,open
417995,2583,open
418094,2584,open
418195,2585,open
418298,2586,open
418399,2587,open
418499,2588,open
418601,2589,open
418715,2590,open
418814,2591,open
418920,2592,open
419023,2593,open
419123,2594,open
419222,2595,open
419324,2596,open
419425,2597,open
419524,2598,unsure
419635,2599,unsure
419730,2600,unsure
419832,2601,unsure
419929,2602,unsure
420027,2603,unsure
420132,2604,unsure
420230,2605,unsure
420331,2606,unsure
420438,2607,unsure
420546,2608,unsure
420648,2609,unsure
420760,2610,unsure
420859,2611,unsure
420961,2612,unsure
421067,2613,unsure
421168,2614,unsure
421267,2615,unsure
421368,2616,unsure
421467,2617,unsure
421568,2618,unsure
421669,2619,unsure
421773,2620,unsure
421880,2621,unsure
421981,2622,unsure
422080,2623,unsure
422180,2624,unsure
422281,2625,unsure
422382,2626,unsure
422482,2627,unsure
422589,2628,unsure
422688,2629,unsure
422797,2630,unsure
422897,2631,unsure
422995,2632,unsure
423094,2633,unsure
423193,2634,unsure
423300,2635,unsure
423404,2636,unsure
423503,2637,unsure
423604,2638,unsure
423708,2639,unsure
423819,2640,unsure
423925,2641,unsure
424025,2642,unsure
424126,2643,unsure
424226,2644,unsure
424327,2645,unsure
424428,2646,unsure
424527,2647,unsure
424642,2648,unsure
424736,2649,unsure
424840,2650,unsure
424972,2651,unsure
425070,2652,unsure
425168,2653,unsure
425267,2654,unsure
425365,2655,unsure
425469,2656,unsure
425566,2657,unsure
425669,2658,unsure
425768,2659,unsure
425866,2660,unsure
425964,2661,unsure
426063,2662,unsure
426164,2663,unsure
426263,2664,unsure
426362,2665,unsure
426462,2666,unsure
426561,2667,unsure
426660,2668,unsure
426758,2669,unsure
426878,2670,unsure
426977,2671,unsure
427077,2672,unsure
427177,2673,unsure
427295,2674,unsure
427390,2675,unsure
427490,2676,unsure
427595,2677,unsure
427698,2678,unsure
427797,2679,unsure
427895,2680,unsure
427995,2681,unsure
428094,2682,unsure
428193,2683,unsure
428292,2684,unsure
428391,2685,unsure
428495,2686,unsure
428596,2687,unsure
428695,2688,unsure
428795,2689,unsure
428895,2690,unsure
428995,2691,unsure
429097,2692,unsure
429197,2693,unsure
429296,2694,unsure
429397,2695,unsure
429497,2696,unsure
429598,2697,unsure
429712,2698,unsure
429807,2699,unsure
429916,2700,unsure
430017,2701,unsure
430116,2702,unsure
430215,2703,unsure
430314,2704,unsure
430413,2705,unsure
430520,2706,unsure
430617,2707,unsure
430717,2708,unsure
430819,2709,unsure
430918,2710,unsure
431017,2711,unsure
431115,2712,unsure
431214,2713,unsure
431322,2714,unsure
431421,2715,unsure
431522,2716,unsure
431624,2717,unsure
431735,2718,unsure
431831,2719,unsure
431930,2720,unsure
432037,2721,unsure
432136,2722,open
432237,2723,open
432336,2724,open
432435,2725,open
432535,2726,open
432634,2727,open
432739,2728,open
432839,2729,open
432948,2730,open
433047,2731,open
433147,2732,open
433246,2733,open
433345,2734,open
433451,2735,open
433548,2736,open
433648,2737,open
433748,2738,open
433848,2739,open
433947,2740,open
434046,2741,open
434153,2742,open
434252,2743,open
434352,2744,open
434451,2745,open
434551,2746,open
434651,2747,open
434755,2748,open
434860,2749,open
434960,2750,open
435059,2751,open
435159,2752,open
435259,2753,open
435371,2754,open
435469,2755,open
435569,2756,open
435668,2757,open
435768,2758,open
435871,2759,open
435984,2760,open
436083,2761,open
436191,2762,open
436295,2763,open
436394,2764,open
436493,2765,open
436592,2766,open
436697,2767,open
436799,2768,open
436898,2769,open
437002,2770,open
437101,2771,open
437201,2772,open
437303,2773,open
437404,2774,open
437503,2775,open
437605,2776,open
437712,2777,open
437816,2778,open
437916,2779,open
438016,2780,open
438117,2781,open
438218,2782,open
438324,2783,open
438431,2784,open
438530,2785,open
438631,2786,open
438731,2787,open
438831,2788,open
438931,2789,open
439051,2790,open
439152,2791,open
439252,2792,open
439357,2793,open
439457,2794,open
439553,2795,open
439654,2796,open
439765,2797,open
439866,2798,open
439966,2799,open
440066,2800,open
440165,2801,open
440266,2802,open
440365,2803,open
440465,2804,open
440573,2805,open
440672,2806,open
440772,2807,open
440875,2808,open
440976,2809,open
441075,2810,open
441175,2811,open
441281,2812,open
441380,2813,open
441479,2814,open
441578,2815,open
441681,2816,open
441780,2817,open
441879,2818,open
441986,2819,open
442095,2820,open
442194,2821,open
442293,2822,open
442397,2823,open
442496,2824,open
442600,2825,open
442700,2826,open
442804,2827,open
442906,2828,open
443005,2829,open
443105,2830,open
443204,2831,open
443304,2832,open
443409,2833,open
443507,2834,open
443608,2835,open
443708,2836,open
443810,2837,open
443913,2838,open
444016,2839,open
444122,2840,open
444223,2841,open
444325,2842,open
444424,2843,open
444534,2844,open
444636,2845,open
444738,2846,open
444842,2847,open
444941,2848,open
445042,2849,open
445155,2850,open
445258,2851,open
445359,2852,open
445472,2853,open
445573,2854,open
445673,2855,open
446348,2856,open
446450,2857,open
446541,2858,open
446638,2859,open
446737,2860,open
446837,2861,open
446935,2862,open
447034,2863,open
447141,2864,open
447240,2865,open
447340,2866,open
447440,2867,open
447546,2868,open
447646,2869,open
447746,2870,open
447850,2871,open
447950,2872,open
448049,2873,open
448149,2874,open
448248,2875,open
448347,2876,open
448446,2877,open
448537,2878,open
448638,2879,open
448755,2880,open
448855,2881,open
448955,2882,open
449055,2883,open
449157,2884,open
449265,2885,open
449364,2886,open
449464,2887,open
449563,2888,open
449663,2889,open
449762,2890,open
449866,2891,open
449972,2892,open
450072,2893,open
450173,2894,open
450273,2895,open
450377,2896,open
450476,2897,open
450576,2898,open
450684,2899,open
450783,2900,open
450883,2901,open
450982,2902,open
451081,2903,open
451181,2904,open
451281,2905,open
451380,2906,open
451486,2907,open
451585,2908,open
451685,2909,open
451802,2910,open
451902,2911,open
452001,2912,open
452107,2913,open
452216,2914,open
452317,2915,open
452416,2916,open
452519,2917,open
452619,2918,open
452725,2919,open
452824,2920,open
452927,2921,open
453030,2922,open
453129,2923,open
453230,2924,open
453331,2925,open
453432,2926,open
453532,2927,open
453634,2928,open
453738,2929,open
453838,2930,open
453938,2931,open
454038,2932,open
454138,2933,open
454238,2934,open
454344,2935,open
454444,2936,open
454546,2937,open
454646,2938,open
454745,2939,open
454866,2940,open
454966,2941,open
455065,2942,open
455167,2943,open
455269,2944,open
455368,2945,open
455468,2946,open
455570,2947,open
455676,2948,open
455776,2949,open
455876,2950,open
455977,2951,open
456077,2952,open
456180,2953,open
456280,2954,open
456381,2955,open
456493,2956,open
456593,2957,open
456693,2958,open
456794,2959,open
456895,2960,open
456994,2961,open
457095,2962,open
457201,2963,open
457300,2964,open
457400,2965,open
457499,2966,open
457599,2967,open
457699,2968,open
457798,2969,open
457920,2970,open
458019,2971,open
458118,2972,open
458219,2973,open
458323,2974,open
458424,2975,open
458516,2976,open
458619,2977,open
458719,2978,open
458820,2979,open
458919,2980,open
459019,2981,open
459119,2982,open
459219,2983,open
459326,2984,open
459426,2985,open
459526,2986,open
459626,2987,open
459725,2988,open
459830,2989,open
459930,2990,open
460036,2991,open
460137,2992,open
460236,2993,open
460335,2994,open
460435,2995,open
460529,2996,open
460628,2997,open
460734,2998,open
460834,2999,open
460944,3000,open
461046,3001,open
461147,3002,open
461246,3003,open
461345,3004,open
461445,3005,open
461546,3006,open
461645,3007,open
461746,3008,open
461845,3009,open
461944,3010,open
462043,3011,open
462143,3012,open
462247,3013,open
462347,3014,open
462447,3015,open
462549,3016,open
462649,3017,open
462748,3018,open
462847,3019,open
462954,3020,open
463053,3021,open
463156,3022,open
463255,3023,open
463354,3024,open
463453,3025,open
463555,3026,open
463654,3027,open
463756,3028,open
463855,3029,open
463968,3030,open
464068,3031,open
464167,3032,open
464267,3033,open
464371,3034,open
464470,3035,open
464571,3036,open
464670,3037,open
464770,3038,open
464873,3039,open
464972,3040,open
465081,3041,open
465180,3042,open
465284,3043,open
465383,3044,open
465483,3045,open
465582,3046,open
465684,3047,open
465793,3048,open
465892,3049,open
465992,3050,open
466091,3051,open
466203,3052,closed
466300,3053,closed
466402,3054,closed
466507,3055,closed
466607,3056,closed
466706,3057,closed
466810,3058,open
466908,3059,open
467936,3060,open
468036,3061,open
468138,3062,open
468236,3063,open
468336,3064,open
468435,3065,open
468536,3066,open
468634,3067,open
468737,3068,open
468837,3069,open
468937,3070,open
469036,3071,open
469136,3072,open
469235,3073,open
469335,3074,open
469436,3075,open
469530,3076,open
469625,3077,open
469725,3078,open
469827,3079,open
469930,3080,open
470030,3081,open
470137,3082,open
470237,3083,open
470336,3084,open
470436,3085,open
470545,3086,open
470644,3087,open
470750,3088,open
470855,3089,open
470965,3090,open
471064,3091,open
471168,3092,open
471267,3093,open
471367,3094,open
471465,3095,open
471569,3096,open
471669,3097,open
471768,3098,open
471868,3099,open
471967,3100,open
472067,3101,open
472166,3102,open
472267,3103,open
472372,3104,open
472472,3105,open
472583,3106,open
472681,3107,open
472801,3108,open
472916,3109,open
473021,3110,open
473121,3111,open
473220,3112,open
473320,3113,open
473420,3114,open
473518,3115,open
473618,3116,open
473723,3117,open
473826,3118,open
473928,3119,open
474041,3120,open
474141,3121,open
474244,3122,open
474349,3123,open
474449,3124,open
474550,3125,open
474658,3126,open
474758,3127,open
474857,3128,open
474957,3129,open
475056,3130,open
475162,3131,open
475261,3132,open
475363,3133,open
475462,3134,open
475564,3135,open
475663,3136,open
475767,3137,open
475873,3138,open
475973,3139,open
476072,3140,open
476172,3141,open
476272,3142,open
476372,3143,open
476469,3144,open
476565,3145,open
476672,3146,open
476772,3147,open
476874,3148,open
476974,3149,open
477087,3150,open
477193,3151,open
477294,3152,open
477394,3153,open
477493,3154,open
477595,3155,open
477695,3156,open
477796,3157,open
477901,3158,open
478002,3159,open
478102,3160,open
478204,3161,open
478305,3162,open
478404,3163,open
478498,3164,open
478591,3165,open
478697,3166,open
478797,3167,open
478896,3168,open
478996,3169,open
479097,3170,open
479197,3171,open
479297,3172,open
479402,3173,open
479502,3174,open
479602,3175,open
479706,3176,open
479805,3177,open
479906,3178,open
480013,3179,open
480124,3180,open
480226,3181,open
480327,3182,open
480427,3183,open
480527,3184,open
480632,3185,open
480736,3186,open
480836,3187,open
480937,3188,open
481039,3189,open
481140,3190,open
481242,3191,open
481343,3192,open
481447,3193,open
481546,3194,open
481650,3195,open
481754,3196,open
481854,3197,open
481953,3198,open
482054,3199,open
482160,3200,open
482259,3201,open
482360,3202,open
482461,3203,open
482561,3204,open
482661,3205,open
482763,3206,open
482870,3207,open
482970,3208,open
483069,3209,open
483181,3210,open
483283,3211,open
483383,3212,open
483488,3213,open
483593,3214,open
483693,3215,open
483793,3216,open
483892,3217,open
483992,3218,open
484092,3219,open
484193,3220,open
484300,3221,open
484401,3222,open
484501,3223,open
484602,3224,open
484706,3225,open
484806,3226,open
484908,3227,open
485015,3228,open
485116,3229,open
485216,3230,open
485316,3231,open
485417,3232,open
485509,3233,open
485603,3234,open
485704,3235,open
485809,3236,open
485909,3237,open
486009,3238,open
486108,3239,open
486227,3240,open
486327,3241,open
486427,3242,open
486531,3243,open
486632,3244,open
486732,3245,open
486831,3246,open
486937,3247,open
487037,3248,open
487136,3249,open
487236,3250,open
487337,3251,open
487438,3252,open
487530,3253,open
487626,3254,open
487736,3255,open
487835,3256,open
487935,3257,open
488036,3258,open
488136,3259,open
488962,3260,open
489636,3261,open
490214,3262,open
490862,3263,open
492089,3264,open
492726,3265,open
493993,3266,open
494642,3267,open
495063,3268,open
495165,3269,open
495282,3270,open
495377,3271,open
495473,3272,open
495566,3273,open
495677,3274,open
495779,3275,open
495878,3276,open
495982,3277,open
496081,3278,open
496183,3279,open
496282,3280,open
496383,3281,open
496481,3282,open
496580,3283,open
496683,3284,open
496782,3285,open
496884,3286,open
496984,3287,open
497083,3288,open
497182,3289,open
497288,3290,open
497387,3291,open
497487,3292,open
497586,3293,open
497685,3294,open
497785,3295,open
497892,3296,open
497992,3297,open
498091,3298,open
498191,3299,open
498311,3300,open
498405,3301,open
498505,3302,open
498613,3303,open
498712,3304,open
498810,3305,open
498908,3306,open
499007,3307,open
499107,3308,open
499207,3309,open
499323,3310,open
499421,3311,open
499519,3312,open
499618,3313,open
499717,3314,open
499821,3315,open
499925,3316,open
500036,3317,open
500136,3318,open
500240,3319,open
500339,3320,open
500439,3321,open
500546,3322,open
500649,3323,open
500754,3324,open
500854,3325,open
500963,3326,open
501064,3327,open
501163,3328,open
501263,3329,open
501387,3330,open
501487,3331,open
501587,3332,open
501686,3333,open
501790,3334,open
501890,3335,open
501991,3336,open
502096,3337,open
502196,3338,open
502295,3339,open
502394,3340,open
502493,3341,open
502592,3342,open
502692,3343,open
502791,3344,open
502901,3345,open
503001,3346,open
503100,3347,open
503200,3348,open
503301,3349,open
503400,3350,open
503502,3351,open
503611,3352,open
503710,3353,open
503810,3354,open
503910,3355,open
504012,3356,open
504113,3357,open
504212,3358,open
504319,3359,open
504430,3360,closed
504530,3361,open
504630,3362,open
504731,3363,open
504834,3364,open
504939,3365,open
505038,3366,open
505138,3367,open
505239,3368,open
505338,3369,open
505438,3370,open
505547,3371,open
505649,3372,open
505754,3373,open
505854,3374,open
505955,3375,open
506058,3376,open
506159,3377,open
506258,3378,open
506357,3379,open
506456,3380,open
506550,3381,open
506670,3382,open
506769,3383,open
506868,3384,open
506967,3385,open
507068,3386,open
507174,3387,open
507275,3388,open
507375,3389,open
507487,3390,open
507583,3391,open
507682,3392,open
507783,3393,open
507889,3394,open
507990,3395,open
508089,3396,open
508189,3397,open
508294,3398,open
508393,3399,open
508492,3400,open
508593,3401,open
508699,3402,open
508798,3403,open
508897,3404,open
509010,3405,open
509107,3406,open
509207,3407,open
509306,3408,open
509410,3409,open
509509,3410,open
509612,3411,open
509714,3412,open
509815,3413,open
509916,3414,open
510022,3415,open
510123,3416,open
510223,3417,open
510322,3418,open
510422,3419,open
510533,3420,open
510639,3421,open
510742,3422,open
510841,3423,open
510941,3424,open
511040,3425,open
511140,3426,open
511239,3427,open
511340,3428,open
511444,3429,open
511547,3430,open
511651,3431,open
511755,3432,open
511854,3433,open
511954,3434,open
512053,3435,open
512156,3436,open
512262,3437,open
512375,3438,open
512472,3439,open
512572,3440,open
512671,3441,open
512773,3442,open
512881,3443,open
512981,3444,open
513080,3445,open
513179,3446,open
513279,3447,open
513378,3448,open
513477,3449,open
513590,3450,open
513693,3451,open
513793,3452,open
513895,3453,open
513995,3454,open
514097,3455,open
514196,3456,open
514303,3457,open
514404,3458,open
514503,3459,open
514603,3460,open
514734,3461,open
514837,3462,open
514937,3463,open
515038,3464,open
515143,3465,open
515243,3466,open
515341,3467,open
515442,3468,open
515548,3469,open
515648,3470,open
515754,3471,open
515853,3472,open
515952,3473,open
516053,3474,open
516152,3475,open
516252,3476,open
516352,3477,open
516454,3478,closed
516553,3479,closed
516660,3480,open
516776,3481,open
516873,3482,open
516974,3483,open
517081,3484,open
517181,3485,open
517281,3486,open
517380,3487,open
517479,3488,open
517580,3489,open
517679,3490,open
517779,3491,open
517885,3492,open
517985,3493,open
518084,3494,open
518184,3495,open
518283,3496,open
518382,3497,open
518481,3498,open
518588,3499,open
518690,3500,open
518792,3501,open
518892,3502,open
518991,3503,open
519091,3504,open
519190,3505,open
519295,3506,open
519394,3507,open
519493,3508,open
519592,3509,open
519699,3510,open
519801,3511,closed
519918,3512,open
520013,3513,open
520113,3514,open
520217,3515,open
520317,3516,open
520416,3517,open
520516,3518,open
520615,3519,open
520719,3520,open
520821,3521,open
520925,3522,open
521024,3523,open
521125,3524,open
521226,3525,open
521329,3526,open
521435,3527,open
521535,3528,open
521636,3529,open
521740,3530,open
521839,3531,open
521939,3532,open
522039,3533,open
522144,3534,open
522244,3535,open
522343,3536,open
522443,3537,open
522546,3538,open
522654,3539,open
522762,3540,open
522865,3541,open
522965,3542,open
523064,3543,open
523165,3544,open
523265,3545,open
523364,3546,open
523463,3547,open
523568,3548,open
523669,3549,open
523769,3550,open
523869,3551,open
523968,3552,open
524068,3553,open
524167,3554,open
524274,3555,open
524374,3556,open
524474,3557,open
524576,3558,open
524681,3559,open
524780,3560,closed
524898,3561,open
524993,3562,open
525097,3563,open
525198,3564,open
525298,3565,open
525398,3566,open
525498,3567,open
525605,3568,open
525706,3569,open
525822,3570,open
525923,3571,open
526022,3572,open
526123,3573,open
526235,3574,open
526336,3575,open
526436,3576,open
526547,3577,open
526652,3578,open
526753,3579,open
526854,3580,open
526955,3581,open
527064,3582,open
527164,3583,open
527265,3584,open
527369,3585,open
527468,3586,open
527569,3587,open
527670,3588,open
527779,3589,open
527880,3590,open
527981,3591,open
528082,3592,open
528183,3593,open
528283,3594,open
528384,3595,open
528491,3596,open
528592,3597,open
528692,3598,open
528793,3599,open
528909,3600,open
529015,3601,open
529115,3602,open
529218,3603,open
529320,3604,open
529419,3605,open
529519,3606,open
529623,3607,open
529724,3608,open
529835,3609,open
529936,3610,open
530036,3611,open
530136,3612,open
530236,3613,open
530336,3614,open
530439,3615,open
530553,3616,open
530653,3617,open
530756,3618,open
530858,3619,open
530958,3620,open
531058,3621,open
531158,3622,open
531264,3623,open
531363,3624,open
531463,3625,open
531563,3626,open
531664,3627,open
531765,3628,open
531869,3629,open
531984,3630,open
532087,3631,open
532187,3632,open
532288,3633,open
532389,3634,open
532490,3635,open
532599,3636,open
532700,3637,open
532801,3638,open
532901,3639,open
533002,3640,open
533103,3641,open
533203,3642,open
533303,3643,open
533409,3644,open
533513,3645,open
533613,3646,open
533717,3647,open
533816,3648,open
533916,3649,open
534023,3650,open
534122,3651,open
534222,3652,open
534333,3653,open
534430,3654,open
534533,3655,open
534636,3656,open
534736,3657,open
534838,3658,open
534938,3659,open
535048,3660,open
535178,3661,open
535279,3662,open
535385,3663,open
535483,3664,open
535590,3665,open
535686,3666,open
535785,3667,open
535883,3668,open
535981,3669,open
536080,3670,open
536186,3671,open
536285,3672,open
536384,3673,open
536483,3674,open
536583,3675,open
536686,3676,open
536786,3677,open
536893,3678,open
536992,3679,open
537091,3680,open
537191,3681,closed
537302,3682,open
537399,3683,open
537499,3684,open
537606,3685,open
537705,3686,open
537805,3687,open
537904,3688,open
538005,3689,open
538117,3690,open
538223,3691,open
538323,3692,open
538426,3693,open
538528,3694,open
538627,3695,open
538727,3696,open
538827,3697,open
538927,3698,open
539032,3699,open
539134,3700,open
539234,3701,open
539334,3702,open
539433,3703,open
539533,3704,open
539634,3705,open
539741,3706,open
539841,3707,open
539944,3708,open
540044,3709,open
540143,3710,open
540243,3711,open
540342,3712,open
540447,3713,open
540546,3714,open
540648,3715,open
540747,3716,open
540847,3717,open
540947,3718,open
541046,3719,open
541165,3720,open
541264,3721,open
541365,3722,open
541468,3723,open
541569,3724,open
541669,3725,open
541772,3726,open
541873,3727,open
541973,3728,open
542072,3729,open
542173,3730,open
542274,3731,open
542375,3732,open
542475,3733,open
542583,3734,open
542688,3735,open
542788,3736,open
542890,3737,open
542990,3738,open
543090,3739,open
543190,3740,open
543297,3741,open
543397,3742,open
543497,3743,open
543600,3744,open
543700,3745,open
543801,3746,open
543908,3747,open
544009,3748,open
544109,3749,open
544222,3750,open
544323,3751,open
544424,3752,open
544529,3753,open
544630,3754,open
544734,3755,open
544835,3756,open
544938,3757,open
545040,3758,open
545142,3759,open
545248,3760,open
545350,3761,open
545451,3762,open
545550,3763,open
545652,3764,open
545755,3765,open
545861,3766,open
545969,3767,open
546072,3768,open
546177,3769,open
546281,3770,open
546382,3771,open
546484,3772,open
546592,3773,open
546693,3774,open
546796,3775,open
546903,3776,open
547006,3777,open
547107,3778,open
547209,3779,open
547325,3780,open
547426,3781,open
547529,3782,open
547634,3783,open
547736,3784,open
547837,3785,open
547949,3786,open
548051,3787,open
548152,3788,open
548256,3789,open
548358,3790,open
548463,3791,open
548565,3792,open
548673,3793,open
548774,3794,open
548878,3795,open
548981,3796,open
549091,3797,open
549192,3798,open
549293,3799,open
549401,3800,open
549505,3801,open
549605,3802,open
549706,3803,open
549809,3804,open
549909,3805,open
550019,3806,open
550120,3807,open
550221,3808,open
550321,3809,open
550434,3810,open
550537,3811,open
550638,3812,open
550739,3813,open
550839,3814,open
550956,3815,open
551055,3816,open
551156,3817,open
551259,3818,open
551365,3819,open
551469,3820,open
551571,3821,open
551676,3822,open
551777,3823,open
551877,3824,open
551978,3825,open
552095,3826,open
552194,3827,open
552295,3828,open
552399,3829,open
552499,3830,open
552606,3831,open
552707,3832,open
552807,3833,open
552907,3834,open
553007,3835,open
553108,3836,open
553209,3837,open
553316,3838,open
553417,3839,open
553530,3840,open
553631,3841,open
553732,3842,open
553837,3843,open
553939,3844,open
554043,3845,open
554144,3846,open
554244,3847,open
554345,3848,open
554447,3849,open
554539,3850,open
554648,3851,open
554748,3852,open
554848,3853,open
554952,3854,open
555090,3855,open
555191,3856,open
555291,3857,open
555391,3858,open
555490,3859,open
555589,3860,open
555691,3861,closed
555810,3862,open
555906,3863,open
556006,3864,open
556109,3865,open
556210,3866,open
556310,3867,open
556411,3868,open
556504,3869,open
556618,3870,open
556716,3871,open
556818,3872,open
556919,3873,open
557020,3874,open
557121,3875,open
557226,3876,open
557327,3877,open
557426,3878,open
557526,3879,open
557626,3880,open
557728,3881,open
557829,3882,open
557933,3883,open
558037,3884,open
558141,3885,open
558241,3886,open
558341,3887,open
558444,3888,open
558548,3889,open
558660,3890,open
558761,3891,open
558862,3892,open
558963,3893,open
559064,3894,open
559165,3895,open
559268,3896,open
559375,3897,open
559475,3898,open
559576,3899,open
559686,3900,open
559790,3901,open
559889,3902,open
559996,3903,open
560097,3904,open
560197,3905,open
560298,3906,open
560399,3907,open
560502,3908,open
560605,3909,open
560712,3910,open
560814,3911,open
560915,3912,open
561019,3913,open
561120,3914,open
561225,3915,open
561326,3916,open
561431,3917,open
561523,3918,open
561621,3919,open
561723,3920,open
561825,3921,open
561931,3922,open
562032,3923,open
562137,3924,open
562237,3925,open
562339,3926,open
562439,3927,open
562547,3928,open
562651,3929,open
562770,3930,closed
562878,3931,open
562973,3932,open
563077,3933,open
563180,3934,open
563279,3935,open
563379,3936,open
563483,3937,open
563587,3938,open
563688,3939,open
563792,3940,open
563892,3941,open
563993,3942,open
564094,3943,open
564201,3944,open
564304,3945,open
564407,3946,open
564501,3947,open
564594,3948,open
564695,3949,open
564795,3950,open
564906,3951,open
565007,3952,open
565110,3953,open
565210,3954,open
565311,3955,open
565411,3956,open
565511,3957,open
565611,3958,open
565715,3959,open
565826,3960,open
565926,3961,open
566029,3962,open
566135,3963,open
566241,3964,open
566341,3965,open
566442,3966,closed
566546,3967,open
566648,3968,open
566748,3969,open
566851,3970,open
566952,3971,open
567055,3972,open
567156,3973,open
567255,3974,open
567355,3975,open
567456,3976,open
567556,3977,open
567656,3978,open
567762,3979,open
567863,3980,closed
567963,3981,open
568064,3982,open
568165,3983,open
568265,3984,open
568365,3985,open
568472,3986,open
568574,3987,open
568675,3988,open
568778,3989,open
568889,3990,open
568989,3991,open
569095,3992,open
569198,3993,open
569298,3994,open
569398,3995,open
569498,3996,closed
569596,3997,open
569696,3998,open
569795,3999,open
569903,4000,open
570002,4001,open
570101,4002,open
570201,4003,open
570300,4004,open
570399,4005,open
570502,4006,open
570606,4007,open
570709,4008,open
570810,4009,open
570909,4010,open
571008,4011,open
571110,4012,open
571209,4013,open
571308,4014,open
571412,4015,open
571513,4016,open
571613,4017,open
571714,4018,open
571813,4019,open
571927,4020,open
572030,4021,open
572131,4022,open
572232,4023,open
572334,4024,open
572435,4025,open
572535,4026,open
572638,4027,open
572745,4028,open
572848,4029,open
572950,4030,open
573051,4031,open
573150,4032,open
573250,4033,open
573349,4034,open
573449,4035,open
573553,4036,closed
573661,4037,open
573757,4038,open
573859,4039,open
573958,4040,open
574057,4041,open
574158,4042,open
574265,4043,open
574365,4044,open
574465,4045,closed
574578,4046,closed
574675,4047,open
574774,4048,open
574882,4049,open
574998,4050,open
575097,4051,open
575197,4052,open
575296,4053,open
575438,4054,open
575545,4055,open
575644,4056,open
575746,4057,open
575849,4058,open
575949,4059,open
576048,4060,open
576148,4061,open
576250,4062,open
576351,4063,open
576450,4064,open
576548,4065,open
576649,4066,open
576748,4067,open
576847,4068,open
576955,4069,open
577054,4070,open
577154,4071,open
577253,4072,open
577353,4073,open
577453,4074,open
577556,4075,open
577657,4076,open
577760,4077,open
577859,4078,open
577959,4079,open
578070,4080,open
578170,4081,open
578277,4082,open
578376,4083,open
578476,4084,open
578576,4085,open
578675,4086,open
578774,4087,open
578877,4088,open
578979,4089,open
579085,4090,open
579186,4091,closed
579285,4092,open
579384,4093,open
579484,4094,open
579586,4095,open
579692,4096,open
579799,4097,open
579898,4098,open
579999,4099,open
580098,4100,open
580198,4101,open
580297,4102,open
580400,4103,open
580501,4104,open
580601,4105,open
580701,4106,open
580802,4107,open
580903,4108,open
581003,4109,open
581119,4110,open
581222,4111,open
581321,4112,open
581421,4113,open
581521,4114,open
581624,4115,open
581724,4116,open
581824,4117,open
581930,4118,open
582031,4119,open
582130,4120,open
582231,4121,open
582331,4122,open
582430,4123,open
582530,4124,open
582629,4125,open
582740,4126,open
582840,4127,open
582940,4128,open
583041,4129,open
583141,4130,open
583242,4131,open
583341,4132,open
583447,4133,closed
583545,4134,closed
583654,4135,open
583750,4136,open
583850,4137,open
583952,4138,open
584058,4139,open
584167,4140,open
584271,4141,open
584372,4142,open
584470,4143,closed
584578,4144,closed
584674,4145,open
584782,4146,open
584882,4147,open
584981,4148,open
585081,4149,open
585182,4150,open
585283,4151,open
585383,4152,open
585483,4153,open
585586,4154,open
585689,4155,open
585791,4156,open
585894,4157,open
585995,4158,open
586096,4159,open
586196,4160,open
586302,4161,open
586402,4162,open
586502,4163,open
586602,4164,open
586707,4165,open
586807,4166,open
586907,4167,open
587014,4168,open
587114,4169,open
587229,4170,open
587329,4171,open
587430,4172,open
587530,4173,open
587639,4174,open
587740,4175,open
587843,4176,open
587943,4177,open
588044,4178,open
588144,4179,open
588244,4180,open
588345,4181,open
588450,4182,open
588551,4183,open
588654,4184,open
588757,4185,open
588864,4186,open
588964,4187,open
589065,4188,open
589165,4189,open
589268,4190,open
589371,4191,open
589470,4192,open
589570,4193,open
589672,4194,closed
589773,4195,open
589877,4196,open
589979,4197,open
590079,4198,open
590179,4199,open
590292,4200,open
590391,4201,open
590490,4202,open
590599,4203,open
590699,4204,open
590798,4205,open
590897,4206,open
591000,4207,open
591099,4208,open
591198,4209,closed
591311,4210,open
591416,4211,open
591515,4212,open
591614,4213,open
591713,4214,open
591816,4215,open
591918,4216,open
592019,4217,open
592124,4218,open
592224,4219,open
592323,4220,open
592422,4221,open
592521,4222,closed
592620,4223,open
592720,4224,open
592828,4225,open
592929,4226,open
593030,4227,open
593129,4228,open
593228,4229,open
593343,4230,open
593443,4231,open
593545,4232,open
593644,4233,open
593750,4234,open
593853,4235,open
593952,4236,open
594052,4237,open
594151,4238,open
594251,4239,open
594356,4240,open
594456,4241,open
594556,4242,open
594655,4243,open
594754,4244,open
594858,4245,open
594957,4246,open
595064,4247,open
595165,4248,open
595265,4249,open
595366,4250,open
595465,4251,open
595567,4252,open
595674,4253,open
595780,4254,open
595880,4255,open
595981,4256,open
596080,4257,open
596179,4258,open
596279,4259,open
596429,4260,open
596532,4261,open
596631,4262,open
596729,4263,open
596829,4264,open
596928,4265,open
597026,4266,open
597126,4267,open
597231,4268,open
597330,4269,open
597430,4270,open
597529,4271,open
597634,4272,open
597733,4273,open
597832,4274,open
597941,4275,open
598050,4276,closed
598148,4277,closed
598246,4278,open
598345,4279,open
598445,4280,open
598546,4281,closed
598662,4282,open
598757,4283,open
598862,4284,open
598963,4285,open
599063,4286,open
599163,4287,open
599264,4288,open
599369,4289,open
599483,4290,open
599583,4291,open
599688,4292,open
599786,4293,open
599885,4294,open
599985,4295,open
600090,4296,open
600189,4297,open
600288,4298,open
600388,4299,open
600486,4300,open
600585,4301,open
600684,4302,open
600785,4303,open
600890,4304,open
600993,4305,open
601093,4306,closed
601204,4307,open
601301,4308,open
601400,4309,open
601499,4310,open
601608,4311,open
601707,4312,open
601806,4313,open
601905,4314,closed
602003,4315,closed
602114,4316,open
602211,4317,open
602316,4318,open
602424,4319,open
602541,4320,open
602640,4321,open
602739,4322,closed
602862,4323,open
602956,4324,open
603056,4325,open
603155,4326,open
603258,4327,open
603359,4328,open
603458,4329,closed
603565,4330,closed
603670,4331,open
603771,4332,open
603870,4333,open
603969,4334,open
604068,4335,open
604169,4336,open
604268,4337,open
604367,4338,open
604474,4339,open
604576,4340,open
604677,4341,open
604776,4342,open
604878,4343,open
604977,4344,open
605076,4345,open
605184,4346,open
605283,4347,open
605383,4348,open
605481,4349,open
605597,4350,open
605696,4351,open
605803,4352,open
605902,4353,open
606007,4354,open
606106,4355,open
606206,4356,open
606305,4357,open
606406,4358,open
606505,4359,open
606611,4360,open
606714,4361,open
606815,4362,open
606915,4363,open
607016,4364,open
607116,4365,open
607217,4366,open
607322,4367,open
607422,4368,open
607523,4369,open
607623,4370,open
607724,4371,open
607824,4372,open
607927,4373,open
608035,4374,open
608134,4375,open
608236,4376,open
608336,4377,open
608436,4378,open
608545,4379,open
608664,4380,open
608764,4381,open
608863,4382,open
608963,4383,open
609067,4384,open
609167,4385,open
609268,4386,open
609369,4387,closed
609468,4388,open
609568,4389,open
609667,4390,open
609769,4391,open
609871,4392,open
609971,4393,open
610071,4394,open
610172,4395,open
610279,4396,open
610380,4397,open
610479,4398,open
610579,4399,open
610683,4400,open
610782,4401,open
610883,4402,open
610988,4403,open
611089,4404,open
611189,4405,open
611291,4406,open
611390,4407,open
611488,4408,open
611587,4409,open
611697,4410,open
611800,4411,open
611900,4412,open
611999,4413,open
612098,4414,open
612200,4415,open
612299,4416,open
612404,4417,open
612503,4418,open
612607,4419,open
612706,4420,open
612807,4421,open
612909,4422,open
613008,4423,open
613107,4424,open
613214,4425,open
613316,4426,open
613416,4427,open
613515,4428,open
613616,4429,open
613719,4430,open
613819,4431,open
613925,4432,open
614026,4433,open
614125,4434,open
614227,4435,open
614340,4436,open
614441,4437,open
614552,4438,open
614651,4439,open
614762,4440,closed
614862,4441,open
614963,4442,open
615063,4443,open
615165,4444,open
615274,4445,open
615373,4446,open
615472,4447,open
615573,4448,open
615673,4449,open
615772,4450,open
615873,4451,open
615972,4452,open
616078,4453,open
616177,4454,open
616290,4455,open
616391,4456,open
616493,4457,open
616594,4458,open
616693,4459,open
616798,4460,open
616901,4461,open
617001,4462,open
617101,4463,open
617199,4464,open
617330,4465,open
617430,4466,open
617536,4467,open
617635,4468,open
617738,4469,open
617848,4470,open
617947,4471,open
618046,4472,closed
618149,4473,open
618251,4474,open
618350,4475,open
618448,4476,open
618551,4477,open
618651,4478,open
618751,4479,open
618850,4480,open
618953,4481,open
619052,4482,open
619152,4483,open
619251,4484,open
619350,4485,open
619448,4486,open
619539,4487,open
619640,4488,open
619742,4489,open
619842,4490,open
619941,4491,open
620045,4492,open
620148,4493,open
620247,4494,open
620346,4495,open
620452,4496,open
620555,4497,open
620653,4498,open
620752,4499,open
620867,4500,open
620966,4501,open
621065,4502,open
621174,4503,open
621277,4504,open
621379,4505,open
621476,4506,open
621567,4507,open
621674,4508,open
621773,4509,open
621877,4510,open
621977,4511,open
622079,4512,open
622179,4513,open
622277,4514,open
622376,4515,open
622479,4516,open
622578,4517,open
622683,4518,open
622783,4519,open
622882,4520,open
622982,4521,open
623082,4522,open
623181,4523,open
623280,4524,open
623379,4525,open
623482,4526,open
623586,4527,open
623685,4528,open
623785,4529,open
623895,4530,open
623998,4531,open
624102,4532,open
624202,4533,open
624301,4534,open
624400,4535,open
624499,4536,open
624599,4537,open
624699,4538,open
624809,4539,open
624908,4540,closed
625019,4541,open
625126,4542,open
625228,4543,open
625327,4544,open
625426,4545,open
625528,4546,open
625628,4547,open
625727,4548,open
625826,4549,open
625925,4550,open
626024,4551,open
626124,4552,open
626223,4553,open
626328,4554,open
626427,4555,open
626518,4556,open
626612,4557,open
626711,4558,open
626810,4559,open
626926,4560,open
627027,4561,open
627128,4562,open
627227,4563,open
627327,4564,open
627427,4565,open
627526,4566,open
627626,4567,open
627735,4568,open
627834,4569,open
627936,4570,open
628035,4571,open
628136,4572,open
628236,4573,open
628335,4574,open
628435,4575,open
628543,4576,open
628642,4577,open
628741,4578,open
628841,4579,open
628942,4580,open
629042,4581,open
629143,4582,open
629248,4583,open
629347,4584,open
629446,4585,open
629538,4586,open
629635,4587,open
629736,4588,open
629834,4589,open
629954,4590,open
630054,4591,open
630153,4592,open
630253,4593,open
630353,4594,open
630452,4595,open
630547,4596,open
630654,4597,open
630758,4598,open
630859,4599,open
630959,4600,open
631059,4601,open
631160,4602,open
631260,4603,open
631360,4604,open
631466,4605,open
631572,4606,open
631672,4607,open
631773,4608,open
631877,4609,open
631977,4610,open
632078,4611,open
632184,4612,open
632283,4613,open
632382,4614,open
632481,4615,open
632582,4616,open
632682,4617,open
632781,4618,open
632886,4619,open
632998,4620,open
633097,4621,open
633196,4622,open
633295,4623,open
633396,4624,open
633495,4625,open
633600,4626,open
633699,4627,open
633800,4628,open
633902,4629,open
634002,4630,open
634101,4631,open
634200,4632,open
634299,4633,open
634404,4634,open
634504,4635,open
634607,4636,open
634706,4637,open
634805,4638,open
634908,4639,open
635007,4640,open
635114,4641,open
635213,4642,open
635312,4643,open
635412,4644,open
635511,4645,open
635611,4646,open
635713,4647,open
635822,4648,open
635921,4649,open
636032,4650,open
636131,4651,open
636231,4652,open
636330,4653,open
636430,4654,open
636535,4655,open
636635,4656,open
636735,4657,open
636834,4658,open
636933,4659,open
637033,4660,closed
637143,4661,open
637241,4662,open
637345,4663,open
637444,4664,open
637547,4665,open
637650,4666,open
637754,4667,open
637854,4668,open
637957,4669,open
638061,4670,open
638160,4671,open
638291,4672,open
638391,4673,open
638491,4674,open
638595,4675,open
638705,4676,open
638804,4677,open
638904,4678,open
639003,4679,open
639111,4680,open
639210,4681,open
639309,4682,open
639414,4683,open
639515,4684,open
639614,4685,open
639715,4686,open
639814,4687,open
639914,4688,open
640013,4689,open
640113,4690,open
640221,4691,open
640321,4692,open
640422,4693,open
640522,4694,open
640622,4695,open
640726,4696,open
640827,4697,open
640934,4698,open
641035,4699,open
641136,4700,open
641237,4701,open
641337,4702,open
641437,4703,open
641552,4704,open
641656,4705,open
641755,4706,open
641855,4707,open
641954,4708,open
642053,4709,open
642163,4710,open
642268,4711,open
642367,4712,open
642471,4713,open
642571,4714,open
642671,4715,open
642771,4716,open
642871,4717,open
642971,4718,open
643075,4719,open
643174,4720,closed
643274,4721,open
643373,4722,open
643472,4723,open
643572,4724,open
643673,4725,open
643777,4726,open
643876,4727,open
643976,4728,open
644076,4729,open
644176,4730,open
644275,4731,open
644376,4732,open
644474,4733,open
644574,4734,open
644673,4735,open
644776,4736,open
644875,4737,open
644975,4738,open
645074,4739,open
645190,4740,open
645289,4741,open
645388,4742,open
645488,4743,open
645589,4744,open
645688,4745,open
645787,4746,open
645893,4747,open
645992,4748,open
646091,4749,open
646191,4750,open
646290,4751,open
646389,4752,open
646488,4753,open
646587,4754,open
646695,4755,open
646799,4756,open
646898,4757,open
646998,4758,open
647107,4759,open
647206,4760,open
647306,4761,open
647411,4762,open
647516,4763,open
647615,4764,open
647714,4765,open
647815,4766,open
647914,4767,open
648020,4768,open
648119,4769,open
648233,4770,open
648333,4771,open
648434,4772,open
648534,4773,open
648638,4774,open
648743,4775,open
648842,4776,open
648942,4777,open
649041,4778,open
649156,4779,open
649255,4780,open
649357,4781,open
649460,4782,open
649557,4783,open
649656,4784,open
649763,4785,open
649869,4786,open
649969,4787,open
650068,4788,open
650168,4789,open
650274,4790,open
650376,4791,open
650476,4792,open
650578,4793,open
650679,4794,open
650778,4795,open
650877,4796,open
650976,4797,open
651081,4798,open
651180,4799,open
651293,4800,open
651397,4801,open
651496,4802,open
651597,4803,open
651702,4804,open
651806,4805,open
651906,4806,open
652007,4807,open
652106,4808,open
652206,4809,open
652307,4810,open
652412,4811,open
652511,4812,open
652612,4813,open
652712,4814,open
652813,4815,open
652916,4816,open
653016,4817,open
653122,4818,open
653222,4819,open
653321,4820,open
653420,4821,open
653520,4822,open
653622,4823,open
653726,4824,open
653831,4825,open
653931,4826,open
654043,4827,open
654146,4828,open
654246,4829,open
654358,4830,open
654461,4831,open
654562,4832,open
654662,4833,open
654761,4834,open
654861,4835,open
654960,4836,open
655059,4837,open
655159,4838,open
655264,4839,open
655363,4840,open
655463,4841,open
655563,4842,open
655666,4843,open
655767,4844,open
655870,4845,open
655980,4846,open
656080,4847,open
656180,4848,open
656280,4849,open
656381,4850,open
656480,4851,open
656581,4852,open
656687,4853,open
656787,4854,open
656894,4855,open
656994,4856,open
657097,4857,open
657197,4858,open
657297,4859,closed
657414,4860,closed
657513,4861,open
657614,4862,open
657713,4863,open
657812,4864,open
657913,4865,open
658012,4866,open
658118,4867,open
658218,4868,open
658317,4869,open
658417,4870,open
658516,4871,open
658616,4872,open
658716,4873,open
658816,4874,open
658924,4875,open
659025,4876,open
659155,4877,open
659254,4878,open
659354,4879,open
659454,4880,open
659553,4881,open
659658,4882,open
659758,4883,open
659856,4884,open
659955,4885,open
660054,4886,open
660154,4887,open
660255,4888,open
660360,4889,open
660472,4890,open
660571,4891,open
660670,4892,open
660770,4893,open
660869,4894,open
660969,4895,open
661076,4896,open
661175,4897,open
661275,4898,open
661375,4899,open
661472,4900,open
661562,4901,open
661671,4902,open
661770,4903,open
661876,4904,open
661976,4905,open
662077,4906,open
662179,4907,open
662279,4908,open
662378,4909,open
662476,4910,open
662582,4911,open
662686,4912,open
662785,4913,open
662885,4914,open
662984,4915,open
663083,4916,open
663183,4917,open
663282,4918,open
663389,4919,open
663500,4920,open
663597,4921,open
663697,4922,open
663797,4923,open
663896,4924,open
663995,4925,open
664097,4926,open
664197,4927,open
664296,4928,open
664395,4929,open
664490,4930,open
664581,4931,open
664680,4932,open
664786,4933,open
664885,4934,open
664987,4935,open
665087,4936,open
665187,4937,open
665286,4938,open
665387,4939,open
665485,4940,open
665585,4941,open
665684,4942,open
665787,4943,open
665887,4944,open
665990,4945,open
666090,4946,open
666189,4947,open
666294,4948,open
666393,4949,open
666506,4950,open
666606,4951,open
666705,4952,open
666805,4953,open
666904,4954,open
667009,4955,open
667109,4956,open
667208,4957,open
667307,4958,open
667407,4959,open
667506,4960,open
667610,4961,open
667716,4962,open
667816,4963,open
667915,4964,open
668014,4965,open
668119,4966,open
668218,4967,open
668317,4968,open
668416,4969,open
668521,4970,open
668620,4971,open
668719,4972,open
668819,4973,open
668921,4974,open
669021,4975,open
669121,4976,open
669228,4977,open
669327,4978,open
669429,4979,open
669541,4980,open
669642,4981,open
669741,4982,open
669844,4983,open
669943,4984,open
670043,4985,open
670142,4986,open
670241,4987,open
670340,4988,open
670439,4989,open
670547,4990,open
670656,4991,open
670755,4992,open
670859,4993,open
670958,4994,open
671057,4995,open
671158,4996,open
671257,4997,open
671356,4998,open
671462,4999,open
671561,5000,open
671664,5001,open
671763,5002,open
671862,5003,open
671962,5004,open
672061,5005,open
672168,5006,open
672267,5007,open
672367,5008,open
672468,5009,open
672576,5010,open
672676,5011,open
672777,5012,open
672882,5013,open
672982,5014,open
673082,5015,open
673182,5016,open
673283,5017,open
673383,5018,open
673482,5019,open
673590,5020,open
673691,5021,open
673792,5022,open
673892,5023,open
673993,5024,open
674093,5025,open
674197,5026,open
674298,5027,open
674403,5028,open
674503,5029,open
674602,5030,open
674703,5031,open
674803,5032,open
674902,5033,open
675008,5034,open
675113,5035,open
675216,5036,open
675316,5037,open
675415,5038,open
675515,5039,open
675623,5040,open
675730,5041,open
675829,5042,open
675933,5043,open
676033,5044,open
676132,5045,open
676232,5046,open
676331,5047,open
676431,5048,open
676534,5049,open
676635,5050,open
676736,5051,open
676836,5052,open
676935,5053,open
677036,5054,open
677136,5055,open
677241,5056,open
677341,5057,open
677441,5058,open
677546,5059,open
677645,5060,open
677744,5061,open
677848,5062,open
677953,5063,open
678052,5064,open
678152,5065,open
678252,5066,open
678352,5067,open
678450,5068,open
678548,5069,open
678666,5070,open
678765,5071,open
678866,5072,open
678967,5073,open
679067,5074,open
679166,5075,open
679266,5076,open
679372,5077,open
679473,5078,open
679573,5079,open
679672,5080,open
679776,5081,open
679876,5082,open
679976,5083,open
680078,5084,open
680183,5085,open
680315,5086,open
680415,5087,open
680513,5088,open
680613,5089,open
680712,5090,open
680812,5091,open
680921,5092,open
681021,5093,open
681120,5094,open
681219,5095,open
681320,5096,open
681419,5097,open
681517,5098,open
681617,5099,open
681732,5100,open
681834,5101,open
681933,5102,open
682032,5103,open
682135,5104,open
682235,5105,open
682338,5106,open
682440,5107,open
682546,5108,open
682646,5109,open
682745,5110,open
682844,5111,open
682943,5112,open
683046,5113,open
683145,5114,open
683246,5115,open
683345,5116,open
683444,5117,open
683545,5118,open
683647,5119,open
683747,5120,open
683853,5121,open
683953,5122,open
684052,5123,open
684151,5124,open
684250,5125,open
684351,5126,open
684450,5127,open
684551,5128,open
684651,5129,open
684757,5130,open
684862,5131,open
684962,5132,open
685060,5133,open
685158,5134,open
685265,5135,open
685364,5136,open
685464,5137,open
685564,5138,open
685667,5139,open
685766,5140,open
685865,5141,open
685966,5142,closed
686073,5143,closed
686172,5144,open
686271,5145,open
686373,5146,open
686471,5147,open
686570,5148,open
686671,5149,open
686778,5150,open
686877,5151,open
686977,5152,open
687076,5153,open
687175,5154,open
687274,5155,open
687373,5156,open
687473,5157,open
687573,5158,open
687672,5159,open
687784,5160,open
687883,5161,open
687983,5162,open
688082,5163,open
688187,5164,open
688286,5165,open
688384,5166,open
688482,5167,open
688583,5168,open
688681,5169,open
688782,5170,open
688881,5171,open
688985,5172,open
689084,5173,open
689183,5174,open
689282,5175,open
689382,5176,open
689480,5177,open
689583,5178,open
689682,5179,open
689789,5180,open
689888,5181,open
689988,5182,open
690087,5183,open
690186,5184,open
690285,5185,open
690384,5186,open
690487,5187,open
690586,5188,open
690685,5189,open
690800,5190,open
690899,5191,open
690998,5192,open
691097,5193,open
691203,5194,open
691302,5195,open
691401,5196,open
691499,5197,open
691604,5198,open
691703,5199,open
691802,5200,open
691901,5201,open
692006,5202,open
692104,5203,open
692203,5204,open
692302,5205,open
692402,5206,open
692503,5207,open
692602,5208,open
692701,5209,open
692809,5210,open
692908,5211,open
693008,5212,open
693113,5213,open
693211,5214,open
693308,5215,open
693407,5216,open
693504,5217,open
693604,5218,open
693702,5219,open
693813,5220,open
693911,5221,open
694010,5222,open
694107,5223,open
694213,5224,open
694311,5225,open
694409,5226,open
694507,5227,open
694605,5228,open
694703,5229,open
694802,5230,open
694902,5231,open
695007,5232,open
695106,5233,open
695205,5234,open
695305,5235,open
695402,5236,open
695504,5237,open
695606,5238,open
695706,5239,open
695811,5240,open
695910,5241,open
696010,5242,open
696111,5243,open
696210,5244,open
696309,5245,open
696409,5246,open
696506,5247,open
696600,5248,open
696701,5249,open
696819,5250,open
696918,5251,open
697018,5252,open
697126,5253,open
697241,5254,open
697342,5255,open
697444,5256,open
697544,5257,open
697645,5258,open
697744,5259,open
697851,5260,open
697950,5261,open
698050,5262,open
698150,5263,open
698250,5264,open
698349,5265,open
698449,5266,open
698548,5267,open
698652,5268,open
698756,5269,open
698856,5270,open
698956,5271,open
699058,5272,open
699158,5273,open
699257,5274,open
699363,5275,open
699461,5276,open
699553,5277,open
699653,5278,open
699752,5279,open
699867,5280,open
699973,5281,open
700074,5282,open
700173,5283,open
700279,5284,open
700378,5285,open
700477,5286,open
700577,5287,open
700678,5288,open
700784,5289,open
700883,5290,open
700983,5291,open
701082,5292,open
701182,5293,open
701283,5294,open
701412,5295,open
701510,5296,open
701612,5297,open
701719,5298,open
701816,5299,open
701915,5300,open
702014,5301,open
702112,5302,open
702217,5303,open
702316,5304,open
702416,5305,open
702514,5306,open
702614,5307,open
702721,5308,open
702818,5309,open
702937,5310,open
703036,5311,open
703134,5312,open
703234,5313,open
703337,5314,open
703439,5315,open
703549,5316,open
703648,5317,open
703751,5318,open
703851,5319,open
703950,5320,open
704049,5321,open
704148,5322,open
704247,5323,open
704347,5324,open
704451,5325,open
704562,5326,open
704660,5327,open
704759,5328,open
704859,5329,open
704972,5330,open
705072,5331,open
705172,5332,open
705272,5333,open
705371,5334,open
705470,5335,open
705569,5336,open
705668,5337,open
705773,5338,open
705872,5339,open
705982,5340,open
706079,5341,closed
706176,5342,closed
706287,5343,closed
706389,5344,open
706487,5345,open
706585,5346,open
706684,5347,open
706784,5348,open
706887,5349,open
706986,5350,open
707085,5351,open
707192,5352,open
707292,5353,open
707393,5354,open
707492,5355,open
707596,5356,open
707699,5357,open
707798,5358,open
707906,5359,open
708007,5360,open
708107,5361,open
708206,5362,open
708306,5363,open
708405,5364,open
708505,5365,open
708610,5366,open
708710,5367,open
708811,5368,open
708911,5369,open
709020,5370,open
709119,5371,open
709227,5372,open
709327,5373,open
709426,5374,open
709526,5375,open
709629,5376,open
709729,5377,open
709828,5378,open
709928,5379,open
710034,5380,open
710133,5381,open
710234,5382,open
710333,5383,open
710436,5384,open
710548,5385,open
710649,5386,open
710757,5387,open
710857,5388,open
710957,5389,open
711057,5390,open
711156,5391,open
711262,5392,open
711361,5393,open
711461,5394,open
711563,5395,open
711665,5396,open
711765,5397,open
711866,5398,open
711966,5399,open
712077,5400,open
712181,5401,open
712281,5402,open
712385,5403,open
712484,5404,open
712583,5405,open
712684,5406,open
712783,5407,open
712888,5408,open
712989,5409,open
713089,5410,open
713189,5411,open
713289,5412,open
713390,5413,open
713490,5414,open
713591,5415,open
713699,5416,open
713798,5417,open
713901,5418,open
714000,5419,open
714101,5420,open
714203,5421,open
714302,5422,open
714405,5423,open
714503,5424,open
714604,5425,open
714706,5426,open
714808,5427,open
714907,5428,open
715006,5429,open
715123,5430,open
715223,5431,open
715323,5432,open
715422,5433,open
715521,5434,open
715620,5435,open
715719,5436,open
715824,5437,open
715924,5438,open
716023,5439,open
716123,5440,open
716222,5441,open
716321,5442,open
716420,5443,open
716519,5444,open
716626,5445,open
716726,5446,open
716826,5447,open
716925,5448,open
717025,5449,open
717124,5450,open
717223,5451,open
717322,5452,open
717427,5453,open
717525,5454,open
717625,5455,open
717725,5456,open
717825,5457,open
717925,5458,open
718025,5459,open
718143,5460,open
718243,5461,open
718342,5462,open
718442,5463,open
718545,5464,open
718648,5465,closed
718745,5466,open
718850,5467,open
718950,5468,open
719050,5469,open
719150,5470,open
719249,5471,open
719349,5472,open
719448,5473,open
719547,5474,open
719652,5475,open
719754,5476,open
719858,5477,open
719957,5478,open
720056,5479,open
720155,5480,open
720255,5481,open
720365,5482,open
720464,5483,open
720564,5484,open
720668,5485,open
720768,5486,open
720871,5487,open
720970,5488,open
721076,5489,open
721189,5490,open
721288,5491,open
721388,5492,open
721487,5493,open
721586,5494,open
721692,5495,open
721796,5496,open
721895,5497,open
721994,5498,open
722095,5499,open
722195,5500,open
722325,5501,open
722424,5502,open
722523,5503,open
722625,5504,open
722726,5505,open
722828,5506,open
722926,5507,open
723024,5508,open
723124,5509,open
723223,5510,open
723328,5511,open
723427,5512,open
723534,5513,open
723630,5514,open
723729,5515,open
723829,5516,open
723929,5517,open
724031,5518,open
724130,5519,open
724242,5520,open
724341,5521,open
724440,5522,open
724539,5523,open
724648,5524,open
724747,5525,open
724846,5526,open
724945,5527,open
725044,5528,open
725143,5529,open
725242,5530,open
725342,5531,open
725441,5532,open
725553,5533,open
725652,5534,open
725755,5535,open
725858,5536,open
725957,5537,open
726056,5538,open
726155,5539,open
726260,5540,open
726359,5541,open
726459,5542,open
726563,5543,open
726662,5544,open
726761,5545,open
726861,5546,open
726966,5547,open
727066,5548,open
727165,5549,open
727277,5550,open
727381,5551,open
727479,5552,open
727578,5553,open
727683,5554,open
727786,5555,open
727885,5556,open
727984,5557,open
728083,5558,open
728182,5559,open
728281,5560,open
728381,5561,open
728487,5562,open
728587,5563,open
728686,5564,open
728785,5565,open
728887,5566,open
728986,5567,open
729086,5568,open
729185,5569,open
729290,5570,open
729394,5571,open
729492,5572,open
729592,5573,open
729694,5574,open
729796,5575,open
729899,5576,open
729998,5577,open
730096,5578,open
730194,5579,open
730305,5580,open
730404,5581,open
730504,5582,open
730612,5583,open
730711,5584,open
730809,5585,open
730910,5586,closed
731008,5587,closed
731105,5588,open
731204,5589,open
731304,5590,open
731405,5591,open
731507,5592,open
731606,5593,open
731707,5594,open
731806,5595,open
731908,5596,open
732008,5597,open
732107,5598,open
732212,5599,open
732312,5600,open
732413,5601,open
732512,5602,open
732612,5603,closed
732711,5604,open
732811,5605,open
732922,5606,open
733023,5607,open
733123,5608,open
733222,5609,open
733334,5610,open
733433,5611,open
733532,5612,open
733638,5613,open
733741,5614,open
733840,5615,open
733939,5616,open
734038,5617,open
734138,5618,open
734237,5619,open
734336,5620,open
734441,5621,open
734547,5622,open
734646,5623,open
734745,5624,open
734844,5625,open
734943,5626,open
735044,5627,open
735143,5628,open
735249,5629,open
735348,5630,open
735447,5631,open
735545,5632,open
735644,5633,open
735744,5634,open
735843,5635,open
735952,5636,open
736051,5637,open
736151,5638,open
736250,5639,open
736362,5640,open
736465,5641,open
736571,5642,open
736670,5643,open
736769,5644,open
736873,5645,open
736971,5646,open
737070,5647,open
737169,5648,open
737269,5649,open
737368,5650,open
737474,5651,open
737573,5652,open
737676,5653,open
737775,5654,open
737874,5655,open
737974,5656,open
738073,5657,open
738178,5658,open
738277,5659,open
738376,5660,open
738474,5661,open
738573,5662,open
738672,5663,open
738770,5664,open
738877,5665,open
738977,5666,open
739076,5667,open
739175,5668,open
739274,5669,open
739386,5670,open
739484,5671,open
739589,5672,open
739692,5673,open
739792,5674,open
739890,5675,open
739989,5676,closed
740100,5677,open
740199,5678,open
740298,5679,open
740406,5680,open
740510,5681,open
740609,5682,open
740708,5683,open
740807,5684,open
740911,5685,open
741015,5686,open
741114,5687,open
741217,5688,open
741316,5689,open
741415,5690,open
741513,5691,open
741613,5692,open
741713,5693,open
741812,5694,open
741914,5695,open
742014,5696,open
742115,5697,open
742214,5698,open
742313,5699,open
742424,5700,open
742528,5701,open
742627,5702,open
742727,5703,open
742828,5704,open
742927,5705,open
743027,5706,open
743126,5707,open
743227,5708,open
743332,5709,open
743432,5710,open
743530,5711,open
744049,5712,open
745049,5713,open
746057,5714,open
747044,5715,open
747898,5716,open
748987,5717,open
749597,5718,open
749768,5719,open
749864,5720,open
749959,5721,open
750056,5722,open
750151,5723,open
750247,5724,open
750342,5725,open
750443,5726,open
750540,5727,open
750636,5728,open
750731,5729,open
750836,5730,open
750932,5731,open
751027,5732,open
751194,5733,open
751294,5734,open
751389,5735,open
751484,5736,open
751579,5737,open
751676,5738,open
751776,5739,open
751889,5740,open
751987,5741,open
752081,5742,open
752179,5743,open
752274,5744,open
752371,5745,open
752467,5746,open
752563,5747,open
752664,5748,open
752760,5749,open
752855,5750,open
752951,5751,open
753048,5752,open
753145,5753,open
753241,5754,open
753343,5755,open
753439,5756,open
753539,5757,open
753635,5758,open
753731,5759,open
753834,5760,open
753935,5761,open
754031,5762,open
754128,5763,open
754223,5764,open
754318,5765,open
754413,5766,open
754509,5767,open
754606,5768,open
754707,5769,open
754804,5770,open
754900,5771,open
754996,5772,open
755091,5773,open
755187,5774,open
755283,5775,open
755378,5776,open
755479,5777,open
755576,5778,open
755671,5779,open
755766,5780,open
755861,5781,open
755958,5782,open
756054,5783,open
756156,5784,open
756252,5785,open
756348,5786,open
756443,5787,open
756539,5788,open
756634,5789,open
756743,5790,open
756839,5791,open
756934,5792,open
757029,5793,open
757125,5794,open
757220,5795,open
757315,5796,open
757410,5797,open
757506,5798,open
757601,5799,open
757695,5800,open
757790,5801,open
757886,5802,open
757980,5803,open
758075,5804,open
758170,5805,open
758265,5806,open
758366,5807,open
758461,5808,open
758556,5809,open
758652,5810,open
758747,5811,open
758845,5812,open
758940,5813,open
759042,5814,open
759138,5815,open
759234,5816,open
759330,5817,open
759426,5818,open
759522,5819,closed
759632,5820,closed
759725,5821,open
759821,5822,open
759917,5823,open
760014,5824,open
760109,5825,open
760204,5826,open
760299,5827,open
760394,5828,open
760495,5829,open
760591,5830,open
760687,5831,open
760782,5832,open
760876,5833,open
760971,5834,open
761067,5835,open
761164,5836,open
761266,5837,open
761362,5838,open
761458,5839,open
761553,5840,open
761648,5841,open
761744,5842,open
761839,5843,open
761940,5844,open
762035,5845,open
762130,5846,open
762225,5847,open
762320,5848,open
762415,5849,open
762519,5850,open
762620,5851,open
762715,5852,open
762810,5853,open
762907,5854,open
763001,5855,open
763096,5856,open
763192,5857,open
763288,5858,open
763388,5859,open
763482,5860,open
763570,5861,open
763667,5862,open
763763,5863,open
763858,5864,open
763953,5865,open
764048,5866,open
764149,5867,open
764245,5868,open
764342,5869,open
764436,5870,open
764537,5871,open
764632,5872,open
764727,5873,open
764829,5874,open
764924,5875,open
765019,5876,open
765114,5877,open
765209,5878,open
765304,5879,open
765408,5880,open
765502,5881,open
765591,5882,open
765686,5883,open
765782,5884,open
765877,5885,open
765973,5886,open
766068,5887,open
766164,5888,open
766265,5889,open
766360,5890,open
766455,5891,open
766550,5892,open
766650,5893,open
766744,5894,open
766839,5895,open
766934,5896,open
767035,5897,open
767131,5898,open
767228,5899,open
767323,5900,open
767418,5901,open
767513,5902,open
767608,5903,open
767709,5904,open
767805,5905,open
767901,5906,open
767996,5907,open
768091,5908,closed
768186,5909,open
768290,5910,open
768392,5911,open
768488,5912,open
768584,5913,open
768682,5914,open
768777,5915,open
768872,5916,open
768967,5917,open
769062,5918,open
769161,5919,open
769259,5920,open
769354,5921,open
769449,5922,open
769542,5923,open
769637,5924,open
769761,5925,open
769856,5926,open
769955,5927,open
770052,5928,closed
770156,5929,open
770249,5930,open
770344,5931,open
770439,5932,open
770536,5933,open
770638,5934,open
770733,5935,open
770828,5936,open
770923,5937,open
771018,5938,open
771113,5939,open
771218,5940,open
771319,5941,open
771415,5942,open
771510,5943,open
771605,5944,open
771700,5945,open
771795,5946,open
771890,5947,open
771985,5948,open
772086,5949,open
772181,5950,open
772276,5951,open
772371,5952,open
772466,5953,open
772562,5954,open
772658,5955,open
772766,5956,open
772860,5957,open
772956,5958,open
773051,5959,open
773147,5960,open
773242,5961,open
773339,5962,open
773434,5963,open
773535,5964,open
773631,5965,open
773728,5966,open
773825,5967,closed
773921,5968,open
774016,5969,open
774127,5970,open
774222,5971,open
774318,5972,open
774413,5973,open
774509,5974,open
774604,5975,open
774700,5976,open
774795,5977,open
774898,5978,open
774993,5979,open
775089,5980,open
775184,5981,open
775280,5982,open
775375,5983,open
775470,5984,open
775578,5985,open
775672,5986,open
775767,5987,open
775863,5988,open
775959,5989,open
776054,5990,open
776149,5991,open
776245,5992,open
776346,5993,open
776442,5994,open
776538,5995,open
776633,5996,open
776728,5997,open
776824,5998,open
776919,5999,open
777030,6000,open
777125,6001,open
777220,6002,open
777315,6003,open
777410,6004,open
777504,6005,open
777605,6006,open
777700,6007,open
777795,6008,open
777890,6009,open
777985,6010,open
778081,6011,open
778175,6012,open
778270,6013,open
778365,6014,open
778467,6015,open
778561,6016,open
778656,6017,open
778751,6018,open
778846,6019,open
778941,6020,open
779036,6021,open
779131,6022,open
779232,6023,open
779328,6024,open
779423,6025,open
779519,6026,open
779616,6027,open
779712,6028,open
779808,6029,open
779920,6030,open
780016,6031,open
780112,6032,open
780208,6033,open
780304,6034,open
780400,6035,open
780495,6036,open
780597,6037,open
780694,6038,open
780790,6039,open
780887,6040,open
780983,6041,open
781079,6042,open
781174,6043,open
781270,6044,open
781367,6045,open
781468,6046,open
781564,6047,open
781659,6048,open
781755,6049,open
781850,6050,open
781945,6051,open
782040,6052,open
782140,6053,open
782235,6054,open
782330,6055,open
782426,6056,open
782521,6057,open
782617,6058,open
782712,6059,open
782824,6060,open
782920,6061,open
783016,6062,open
783112,6063,open
783208,6064,open
783304,6065,open
783400,6066,open
783502,6067,open
783598,6068,open
783697,6069,closed
783793,6070,open
783888,6071,open
783984,6072,open
784081,6073,open
784177,6074,open
784280,6075,open
784376,6076,open
784471,6077,open
784567,6078,open
784663,6079,open
784764,6080,open
784860,6081,open
784962,6082,open
785058,6083,open
785154,6084,open
785251,6085,open
785346,6086,open
785441,6087,open
785538,6088,open
785640,6089,open
785746,6090,open
785841,6091,open
785937,6092,open
786033,6093,open
786128,6094,open
786223,6095,open
786325,6096,open
786421,6097,open
786518,6098,open
786614,6099,open
786707,6100,closed
786803,6101,open
786898,6102,open
786993,6103,open
787094,6104,open
787190,6105,open
787285,6106,open
787380,6107,open
787475,6108,open
787570,6109,open
787665,6110,open
787761,6111,open
787864,6112,open
787959,6113,open
788054,6114,open
788149,6115,open
788245,6116,open
788341,6117,open
788436,6118,open
788544,6119,open
788644,6120,open
788740,6121,open
788836,6122,open
788931,6123,open
789027,6124,open
789123,6125,open
789225,6126,open
789321,6127,open
789417,6128,open
789513,6129,open
789610,6130,open
789707,6131,open
789802,6132,open
789898,6133,open
789999,6134,open
790095,6135,open
790190,6136,open
790317,6137,open
790416,6138,open
790514,6139,open
790613,6140,open
790719,6141,open
790819,6142,open
790918,6143,open
791018,6144,open
791117,6145,open
791217,6146,open
791316,6147,open
791414,6148,open
791518,6149,open
791626,6150,open
791723,6151,open
791822,6152,open
791922,6153,open
792021,6154,open
792120,6155,open
792227,6156,open
792326,6157,open
792426,6158,open
792524,6159,open
792623,6160,open
792724,6161,open
792822,6162,open
792921,6163,open
793026,6164,open
793125,6165,open
793224,6166,open
793323,6167,open
793422,6168,open
793521,6169,open
793620,6170,open
793719,6171,open
793821,6172,open
793920,6173,open
794019,6174,open
794118,6175,open
794218,6176,open
794319,6177,open
794417,6178,open
794522,6179,open
794628,6180,open
794727,6181,open
794826,6182,open
794925,6183,open
795024,6184,open
795122,6185,open
795220,6186,open
795322,6187,open
795421,6188,open
795519,6189,open
795618,6190,open
795727,6191,open
795828,6192,open
795927,6193,open
796029,6194,open
796128,6195,open
796229,6196,open
796328,6197,open
796427,6198,open
796526,6199,open
796626,6200,open
796730,6201,open
796830,6202,open
796930,6203,open
797029,6204,open
797129,6205,open
797229,6206,open
797329,6207,open
797429,6208,open
797529,6209,open
797636,6210,open
797735,6211,open
797836,6212,open
797935,6213,open
798033,6214,open
798131,6215,open
798229,6216,open
798334,6217,open
798433,6218,open
798531,6219,open
798634,6220,open
798734,6221,open
798833,6222,open
798933,6223,open
799034,6224,open
799139,6225,open
799240,6226,open
799340,6227,open
799441,6228,open
799547,6229,unsure
799645,6230,unsure
799742,6231,unsure
799847,6232,unsure
799947,6233,unsure
800047,6234,unsure
800146,6235,unsure
800247,6236,unsure
800346,6237,unsure
800444,6238,unsure
800551,6239,unsure
800676,6240,unsure
800770,6241,unsure
800867,6242,unsure
800968,6243,open
801071,6244,open
801170,6245,open
801276,6246,open
801376,6247,open
801476,6248,open
801577,6249,open
801676,6250,open
801775,6251,open
801878,6252,open
801977,6253,open
802082,6254,open
802181,6255,open
802282,6256,open
802380,6257,open
802478,6258,open
802577,6259,open
802679,6260,open
802784,6261,open
802889,6262,open
802987,6263,open
803086,6264,open
803184,6265,open
803283,6266,open
803382,6267,open
803482,6268,open
803581,6269,open
803689,6270,open
803788,6271,open
803891,6272,open
803990,6273,open
804091,6274,open
804190,6275,open
804296,6276,open
804396,6277,open
804497,6278,open
804596,6279,open
804696,6280,open
804795,6281,open
804896,6282,open
804995,6283,open
805101,6284,open
805201,6285,open
805301,6286,open
805400,6287,open
805499,6288,open
805599,6289,open
805698,6290,open
805800,6291,open
805900,6292,open
805999,6293,open
806096,6294,open
806194,6295,open
806294,6296,open
806393,6297,open
806490,6298,open
806590,6299,open
806701,6300,open
806800,6301,open
806899,6302,open
806998,6303,open
807097,6304,open
807196,6305,open
807301,6306,open
807400,6307,open
807500,6308,open
807599,6309,open
807698,6310,open
807797,6311,open
807897,6312,open
807996,6313,open
808098,6314,open
808197,6315,open
808296,6316,open
808397,6317,open
808495,6318,open
808595,6319,open
808694,6320,open
808799,6321,open
808898,6322,open
808996,6323,open
809094,6324,open
809195,6325,open
809294,6326,open
809393,6327,open
809487,6328,open
809582,6329,open
809684,6330,open
809785,6331,open
809884,6332,open
809982,6333,open
810081,6334,open
810180,6335,open
810285,6336,open
810383,6337,open
810482,6338,open
810584,6339,open
810683,6340,open
810782,6341,open
810881,6342,open
810980,6343,open
811086,6344,open
811185,6345,open
811284,6346,open
811383,6347,open
811477,6348,open
811567,6349,open
811703,6350,open
811809,6351,open
811909,6352,open
812009,6353,open
812108,6354,open
812207,6355,open
812306,6356,open
812405,6357,open
812507,6358,open
812610,6359,open
812721,6360,open
812822,6361,open
812920,6362,open
813022,6363,open
813122,6364,open
813227,6365,open
813326,6366,open
813424,6367,open
813527,6368,open
813628,6369,open
813727,6370,open
813829,6371,open
813927,6372,open
814040,6373,open
814138,6374,open
814240,6375,open
814341,6376,open
814440,6377,open
814544,6378,open
814649,6379,open
814748,6380,open
814848,6381,open
814948,6382,open
815048,6383,open
815147,6384,open
815246,6385,open
815345,6386,closed
815449,6387,open
815545,6388,open
815645,6389,open
815760,6390,open
815859,6391,open
815959,6392,open
816064,6393,open
816168,6394,open
816267,6395,open
816365,6396,open
816461,6397,open
816551,6398,open
816649,6399,open
816748,6400,open
816854,6401,open
816957,6402,open
817056,6403,open
817156,6404,open
817255,6405,open
817357,6406,open
817455,6407,open
817552,6408,open
817658,6409,open
817761,6410,open
817860,6411,open
817960,6412,open
818059,6413,open
818158,6414,open
818257,6415,open
818362,6416,open
818461,6417,open
818566,6418,open
818666,6419,open
818775,6420,open
818875,6421,open
818978,6422,open
819085,6423,open
819186,6424,open
819285,6425,open
819384,6426,open
819479,6427,open
819571,6428,open
819672,6429,open
819776,6430,open
819874,6431,open
819972,6432,open
820070,6433,open
820168,6434,open
820267,6435,open
820367,6436,open
820466,6437,open
820572,6438,open
820672,6439,open
820771,6440,open
820871,6441,open
820971,6442,open
821075,6443,open
821174,6444,open
821278,6445,open
821377,6446,open
821475,6447,open
821574,6448,open
821678,6449,open
821789,6450,open
821893,6451,open
821993,6452,open
822096,6453,open
822197,6454,open
822300,6455,open
822401,6456,open
822500,6457,open
822601,6458,open
822706,6459,open
822810,6460,open
822910,6461,open
823010,6462,open
823109,6463,open
823210,6464,open
823310,6465,open
823412,6466,open
823518,6467,open
823622,6468,open
823722,6469,open
823824,6470,open
823924,6471,open
824023,6472,open
824123,6473,open
824226,6474,open
824325,6475,open
824427,6476,open
824526,6477,open
824626,6478,open
824730,6479,open
824847,6480,open
824947,6481,open
825049,6482,open
825152,6483,open
825254,6484,open
825353,6485,open
825452,6486,open
825557,6487,closed
825656,6488,open
825755,6489,open
825856,6490,open
825956,6491,open
826055,6492,open
826155,6493,open
826255,6494,open
826355,6495,open
826457,6496,open
826555,6497,open
826654,6498,open
826756,6499,open
826855,6500,open
826954,6501,open
827061,6502,open
827160,6503,open
827260,6504,open
827359,6505,open
827460,6506,open
827560,6507,open
827659,6508,open
827764,6509,open
827880,6510,open
827979,6511,open
828079,6512,open
828178,6513,open
828282,6514,open
828382,6515,open
828487,6516,open
828588,6517,open
828690,6518,open
828789,6519,open
828888,6520,open
828988,6521,open
829087,6522,open
829186,6523,open
829291,6524,open
829390,6525,open
829492,6526,open
829591,6527,open
829690,6528,open
829790,6529,open
829891,6530,open
829996,6531,open
830095,6532,open
830194,6533,open
830294,6534,open
830393,6535,open
830491,6536,open
830592,6537,open
830698,6538,open
830798,6539,open
830908,6540,open
831011,6541,open
831110,6542,open
831209,6543,open
831309,6544,open
831413,6545,open
831512,6546,open
831611,6547,open
831710,6548,open
831813,6549,open
831912,6550,open
832012,6551,open
832111,6552,open
832216,6553,open
832317,6554,open
832420,6555,open
832525,6556,open
832628,6557,open
832759,6558,open
832871,6559,open
832974,6560,open
833079,6561,open
833178,6562,open
833277,6563,open
833376,6564,open
833475,6565,closed
833573,6566,open
833677,6567,open
833776,6568,open
833876,6569,open
833988,6570,open
834088,6571,open
834187,6572,open
834285,6573,open
834390,6574,open
834488,6575,open
834588,6576,open
834688,6577,open
834791,6578,open
834890,6579,open
834989,6580,open
835088,6581,open
835195,6582,open
835294,6583,open
835393,6584,open
835492,6585,open
835595,6586,open
835694,6587,open
835797,6588,open
835903,6589,open
836003,6590,open
836102,6591,open
836202,6592,open
836301,6593,open
836400,6594,open
836500,6595,open
836607,6596,open
836707,6597,open
836806,6598,open
836905,6599,closed
837017,6600,open
837116,6601,open
837217,6602,open
837322,6603,open
837422,6604,open
837520,6605,open
837619,6606,open
837719,6607,open
837817,6608,open
837917,6609,open
838019,6610,open
838118,6611,open
838217,6612,open
838315,6613,open
838414,6614,open
838515,6615,open
838615,6616,open
838714,6617,open
838821,6618,open
838924,6619,open
839023,6620,open
839124,6621,open
839230,6622,open
839330,6623,open
839430,6624,open
839535,6625,open
839636,6626,open
839739,6627,open
839840,6628,open
839939,6629,open
840053,6630,open
840162,6631,open
840261,6632,open
840361,6633,open
840463,6634,open
840562,6635,open
840662,6636,open
840761,6637,open
840865,6638,open
840971,6639,open
841071,6640,open
841170,6641,open
841269,6642,open
841369,6643,open
841468,6644,open
841568,6645,open
841677,6646,open
841776,6647,open
841875,6648,open
841975,6649,open
842074,6650,open
842173,6651,open
842272,6652,open
842372,6653,open
842476,6654,open
842576,6655,open
842675,6656,open
842778,6657,open
842877,6658,open
842976,6659,open
843099,6660,open
843201,6661,open
843300,6662,open
843400,6663,open
843499,6664,open
843602,6665,open
843702,6666,open
843810,6667,open
843911,6668,open
844010,6669,open
844109,6670,open
844209,6671,open
844308,6672,open
844407,6673,open
844506,6674,open
844610,6675,open
844710,6676,open
844811,6677,open
844910,6678,open
845012,6679,open
845111,6680,open
845210,6681,open
845314,6682,open
845414,6683,open
845511,6684,open
845610,6685,open
845709,6686,open
845808,6687,open
845908,6688,open
846015,6689,open
846125,6690,open
846226,6691,open
846330,6692,open
846430,6693,open
846529,6694,open
846630,6695,open
846739,6696,open
846843,6697,open
846943,6698,open
847044,6699,open
847145,6700,open
847246,6701,open
847346,6702,open
847445,6703,open
847550,6704,open
847650,6705,open
847749,6706,open
847850,6707,open
847950,6708,open
848049,6709,open
848148,6710,open
848253,6711,open
848352,6712,open
848451,6713,open
848548,6714,open
848649,6715,open
848749,6716,open
848847,6717,open
848952,6718,open
849051,6719,open
849162,6720,open
849261,6721,open
849360,6722,open
849462,6723,open
849568,6724,open
849668,6725,open
849768,6726,open
849870,6727,open
849969,6728,open
850069,6729,open
850168,6730,open
850270,6731,open
850369,6732,open
850474,6733,open
850573,6734,open
850679,6735,open
850780,6736,open
850879,6737,open
850980,6738,open
851082,6739,open
851213,6740,open
851312,6741,open
851411,6742,open
851510,6743,open
851610,6744,open
851709,6745,open
851818,6746,open
851918,6747,open
852017,6748,open
852118,6749,open
852231,6750,open
852334,6751,open
852437,6752,open
852544,6753,open
852648,6754,open
852747,6755,open
852847,6756,open
852946,6757,open
853045,6758,open
853144,6759,open
853244,6760,open
853351,6761,open
853450,6762,open
853548,6763,open
853647,6764,open
853777,6765,open
853877,6766,open
853976,6767,open
854079,6768,open
854178,6769,open
854277,6770,open
854376,6771,open
854474,6772,open
854576,6773,open
854675,6774,open
854778,6775,open
854878,6776,open
854977,6777,open
855075,6778,open
855173,6779,open
855285,6780,open
855387,6781,open
855491,6782,open
855590,6783,open
855691,6784,open
855793,6785,open
855892,6786,open
855991,6787,open
856090,6788,open
856191,6789,open
856297,6790,open
856397,6791,open
856496,6792,open
856595,6793,open
856695,6794,open
856797,6795,open
856897,6796,open
856998,6797,open
857102,6798,open
857201,6799,open
857301,6800,open
857407,6801,open
857499,6802,open
857591,6803,open
857694,6804,open
857798,6805,open
857898,6806,open
857998,6807,open
858097,6808,open
858198,6809,open
858309,6810,open
858413,6811,open
858515,6812,open
858613,6813,open
858711,6814,open
858810,6815,open
858912,6816,open
859012,6817,open
859111,6818,open
859215,6819,open
859315,6820,open
859415,6821,open
859507,6822,open
859600,6823,open
859704,6824,open
859803,6825,open
859905,6826,open
860009,6827,open
860108,6828,open
860206,6829,open
860305,6830,open
860418,6831,closed
860528,6832,open
860628,6833,open
860728,6834,open
860827,6835,open
860931,6836,open
861030,6837,open
861132,6838,open
861231,6839,open
861347,6840,open
861446,6841,closed
861539,6842,open
861637,6843,open
861737,6844,open
861836,6845,open
861936,6846,open
862034,6847,open
862140,6848,open
862238,6849,open
862337,6850,open
862436,6851,open
862545,6852,open
862643,6853,open
862741,6854,open
862841,6855,open
862946,6856,open
863048,6857,open
863146,6858,open
863245,6859,open
863344,6860,open
863444,6861,open
863546,6862,open
863655,6863,open
863754,6864,open
863853,6865,open
863952,6866,open
864052,6867,open
864151,6868,open
864250,6869,open
864372,6870,open
864472,6871,open
864563,6872,open
864673,6873,open
864773,6874,open
864878,6875,open
864977,6876,open
865085,6877,open
865187,6878,open
865286,6879,open
865386,6880,open
865484,6881,open
865584,6882,open
865684,6883,open
865788,6884,open
865887,6885,open
865986,6886,open
866085,6887,open
866184,6888,open
866283,6889,open
866384,6890,open
866482,6891,open
866589,6892,open
866690,6893,open
866793,6894,open
866892,6895,open
866991,6896,open
867091,6897,open
867190,6898,open
867295,6899,open
867407,6900,open
867501,6901,open
867598,6902,open
867697,6903,open
867796,6904,open
867895,6905,open
868005,6906,open
868104,6907,open
868205,6908,open
868304,6909,open
868403,6910,open
868502,6911,open
868601,6912,open
868700,6913,open
868807,6914,open
868909,6915,open
869011,6916,open
869110,6917,open
869209,6918,open
869308,6919,open
869408,6920,open
869506,6921,open
869607,6922,open
869706,6923,open
869805,6924,open
869905,6925,open
870004,6926,open
870103,6927,open
870208,6928,open
870308,6929,open
870419,6930,open
870518,6931,open
870617,6932,open
870716,6933,open
870815,6934,open
870921,6935,open
871020,6936,open
871119,6937,open
871220,6938,open
871320,6939,open
871419,6940,open
871518,6941,open
871618,6942,open
871726,6943,open
871826,6944,open
871930,6945,open
872032,6946,open
872131,6947,open
872231,6948,open
872330,6949,open
872429,6950,open
872535,6951,open
872635,6952,open
872735,6953,open
872834,6954,open
872934,6955,open
873033,6956,open
873132,6957,open
873237,6958,open
873336,6959,open
873447,6960,open
873542,6961,open
873642,6962,open
873741,6963,open
873843,6964,open
873948,6965,open
874048,6966,open
874147,6967,open
874248,6968,open
874347,6969,open
874448,6970,open
874547,6971,open
874655,6972,open
874753,6973,open
874851,6974,open
874984,6975,open
875086,6976,open
875185,6977,open
875284,6978,open
875383,6979,open
875487,6980,open
875591,6981,open
875691,6982,open
875791,6983,open
875893,6984,open
875992,6985,open
876091,6986,open
876197,6987,open
876295,6988,open
876394,6989,open
876502,6990,open
876598,6991,open
876697,6992,open
876797,6993,closed
876902,6994,closed
877001,6995,open
877100,6996,open
877202,6997,open
877301,6998,open
877400,6999,open
877498,7000,open
877601,7001,open
877702,7002,open
877803,7003,open
877903,7004,open
878002,7005,open
878101,7006,open
878200,7007,open
878300,7008,open
878404,7009,open
878503,7010,open
878604,7011,open
878703,7012,open
878802,7013,open
878901,7014,open
879002,7015,open
879107,7016,open
879206,7017,open
879305,7018,open
879404,7019,open
879513,7020,open
879612,7021,open
879712,7022,open
879819,7023,open
879918,7024,open
880017,7025,open
880115,7026,open
880214,7027,open
880313,7028,open
880411,7029,open
880509,7030,open
880615,7031,open
880714,7032,open
880813,7033,open
880913,7034,open
881012,7035,open
881114,7036,open
881213,7037,open
881313,7038,open
881420,7039,open
881519,7040,open
881619,7041,open
881721,7042,open
881820,7043,open
881919,7044,open
882019,7045,open
882125,7046,open
882224,7047,open
882324,7048,open
882423,7049,open
882534,7050,open
882633,7051,open
882736,7052,open
882835,7053,open
882940,7054,open
883039,7055,open
883137,7056,open
883236,7057,open
883335,7058,open
883433,7059,open
883530,7060,open
883629,7061,open
883731,7062,open
883831,7063,open
883929,7064,open
884027,7065,open
884131,7066,open
884233,7067,open
884335,7068,open
884436,7069,open
884545,7070,open
884644,7071,open
884744,7072,open
884843,7073,open
884942,7074,open
885049,7075,open
885148,7076,open
885249,7077,open
885348,7078,open
885447,7079,open
885556,7080,open
885659,7081,open
885762,7082,open
885861,7083,open
885963,7084,open
886062,7085,open
886165,7086,open
886268,7087,open
886367,7088,open
886465,7089,open
886565,7090,open
886666,7091,open
886765,7092,open
886868,7093,open
886967,7094,open
887067,7095,open
887170,7096,open
887273,7097,open
887377,7098,open
887477,7099,open
887577,7100,open
887679,7101,open
887778,7102,open
887877,7103,open
887976,7104,open
888079,7105,open
888179,7106,open
888279,7107,open
888380,7108,open
888478,7109,open
888588,7110,open
888694,7111,open
888797,7112,open
888896,7113,open
888997,7114,open
889098,7115,open
889198,7116,open
889298,7117,open
889399,7118,open
889504,7119,open
889607,7120,open
889707,7121,open
889806,7122,open
889907,7123,open
890006,7124,open
890106,7125,open
890209,7126,open
890316,7127,open
890415,7128,open
890524,7129,open
890624,7130,open
890723,7131,open
890823,7132,open
890922,7133,open
891025,7134,open
891124,7135,open
891223,7136,open
891323,7137,open
891422,7138,open
891521,7139,open
891633,7140,open
891738,7141,open
891837,7142,open
891940,7143,open
892040,7144,open
892142,7145,open
892241,7146,open
892344,7147,open
892443,7148,open
892548,7149,open
892648,7150,open
892751,7151,open
892850,7152,open
892950,7153,open
893049,7154,open
893150,7155,open
893257,7156,open
893356,7157,open
893456,7158,open
893556,7159,open
893655,7160,open
893760,7161,open
893861,7162,open
893964,7163,open
894063,7164,open
894162,7165,open
894263,7166,open
894362,7167,open
894462,7168,open
894561,7169,open
894676,7170,open
894776,7171,open
894875,7172,open
894974,7173,open
895074,7174,open
895175,7175,open
895274,7176,open
895383,7177,open
895483,7178,open
895583,7179,open
895682,7180,open
895783,7181,open
895885,7182,open
895985,7183,open
896084,7184,open
896190,7185,open
896324,7186,open
896423,7187,open
896522,7188,open
896622,7189,open
896723,7190,open
896824,7191,open
896929,7192,open
897029,7193,open
897128,7194,open
897228,7195,open
897329,7196,open
897429,7197,open
897527,7198,open
897626,7199,open
897734,7200,open
897834,7201,open
897935,7202,open
898034,7203,open
898134,7204,open
898233,7205,open
898338,7206,open
898437,7207,open
898546,7208,open
898646,7209,open
898746,7210,open
898845,7211,open
898944,7212,open
899048,7213,open
899148,7214,open
899250,7215,open
899349,7216,open
899448,7217,open
899545,7218,open
899645,7219,open
899746,7220,open
899848,7221,open
899947,7222,open
900047,7223,open
900146,7224,open
900248,7225,open
900348,7226,open
900447,7227,open
900557,7228,open
900656,7229,open
900769,7230,open
900868,7231,open
900973,7232,open
901072,7233,open
901177,7234,open
901277,7235,open
901376,7236,open
901474,7237,open
901577,7238,open
901679,7239,open
901778,7240,open
901878,7241,open
901983,7242,open
902082,7243,open
902182,7244,open
902282,7245,open
902383,7246,open
902481,7247,open
902581,7248,open
902686,7249,open
902785,7250,open
902888,7251,open
902988,7252,open
903087,7253,open
903186,7254,open
903285,7255,open
903385,7256,open
903490,7257,open
903588,7258,open
903691,7259,open
903804,7260,open
903903,7261,open
904001,7262,open
904107,7263,open
904205,7264,open
904304,7265,open
904403,7266,open
904501,7267,open
904601,7268,open
904700,7269,open
904800,7270,open
904907,7271,open
905006,7272,open
905105,7273,closed
905204,7274,open
905304,7275,open
905403,7276,open
905511,7277,open
905617,7278,open
905718,7279,open
905818,7280,open
905918,7281,open
906017,7282,open
906118,7283,open
906218,7284,open
906323,7285,open
906423,7286,open
906522,7287,open
906623,7288,open
906726,7289,open
906838,7290,open
906941,7291,open
907044,7292,open
907148,7293,open
907247,7294,open
907346,7295,open
907445,7296,open
907549,7297,open
907656,7298,open
907756,7299,open
907855,7300,open
907956,7301,open
908055,7302,open
908154,7303,open
908253,7304,open
908356,7305,open
908455,7306,open
908551,7307,open
908650,7308,open
908750,7309,open
908850,7310,open
908949,7311,open
909048,7312,open
909149,7313,open
909252,7314,open
909351,7315,open
909451,7316,open
909548,7317,open
909651,7318,open
909750,7319,open
909871,7320,open
909971,7321,open
910070,7322,open
910173,7323,open
910277,7324,open
910378,7325,open
910477,7326,open
910584,7327,open
910687,7328,open
910788,7329,open
910888,7330,open
910991,7331,open
911092,7332,open
911193,7333,open
911293,7334,open
911399,7335,open
911500,7336,open
911601,7337,open
911700,7338,open
911804,7339,open
911908,7340,open
912008,7341,open
912111,7342,open
912211,7343,open
912311,7344,open
912410,7345,open
912511,7346,open
912610,7347,closed
912722,7348,open
912817,7349,open
912928,7350,open
913027,7351,open
913126,7352,closed
913224,7353,open
913324,7354,open
913429,7355,open
913520,7356,open
913616,7357,open
913719,7358,open
913819,7359,open
913922,7360,open
914022,7361,open
914121,7362,open
914228,7363,open
914327,7364,open
914426,7365,open
914529,7366,open
914628,7367,open
914728,7368,open
914830,7369,open
914939,7370,open
915040,7371,open
915139,7372,open
915238,7373,open
915337,7374,open
915438,7375,open
915529,7376,open
915625,7377,open
915724,7378,open
915824,7379,open
915931,7380,open
916031,7381,open
916131,7382,open
916230,7383,open
916335,7384,open
916435,7385,open
916538,7386,open
916637,7387,open
916736,7388,open
916838,7389,open
916937,7390,open
917037,7391,open
917141,7392,open
917271,7393,open
917369,7394,open
917467,7395,open
917568,7396,open
917672,7397,open
917771,7398,open
917874,7399,open
917974,7400,open
918073,7401,open
918172,7402,open
918272,7403,open
918370,7404,open
918468,7405,open
918575,7406,open
918673,7407,open
918772,7408,open
918871,7409,open
918982,7410,open
919081,7411,open
919182,7412,open
919289,7413,open
919386,7414,open
919485,7415,open
919585,7416,open
919684,7417,open
919785,7418,open
919884,7419,open
919984,7420,open
920091,7421,open
920190,7422,open
920289,7423,open
920404,7424,open
920504,7425,open
920606,7426,open
920706,7427,open
920813,7428,open
920913,7429,open
921012,7430,closed
921110,7431,open
921209,7432,open
921308,7433,open
921407,7434,open
921505,7435,open
921610,7436,open
921711,7437,open
921811,7438,open
921910,7439,open
922017,7440,open
922115,7441,open
922224,7442,open
922325,7443,open
922425,7444,open
922525,7445,open
922625,7446,open
922725,7447,open
922825,7448,open
922930,7449,open
923029,7450,open
923130,7451,open
923229,7452,open
923330,7453,open
923430,7454,open
923530,7455,open
923633,7456,open
923739,7457,open
923838,7458,open
923941,7459,open
924042,7460,open
924141,7461,open
924241,7462,open
924341,7463,open
924446,7464,open
924544,7465,open
924647,7466,open
924748,7467,open
924847,7468,open
924946,7469,open
925063,7470,open
925162,7471,open
925261,7472,open
925361,7473,open
925463,7474,open
925562,7475,open
925661,7476,open
925761,7477,open
925870,7478,open
925970,7479,open
926069,7480,open
926168,7481,open
926267,7482,open
926367,7483,open
926465,7484,open
926564,7485,open
926674,7486,open
926773,7487,open
926872,7488,open
926972,7489,open
927071,7490,open
927172,7491,open
927273,7492,open
927378,7493,open
927475,7494,open
927566,7495,open
927674,7496,open
927776,7497,open
927877,7498,open
927978,7499,open
928095,7500,open
928198,7501,open
928297,7502,open
928398,7503,open
928497,7504,open
928601,7505,open
928707,7506,open
928808,7507,open
928909,7508,open
929008,7509,open
929111,7510,open
929210,7511,open
929312,7512,open
929413,7513,open
929505,7514,open
929604,7515,open
929707,7516,open
929806,7517,open
929905,7518,open
930005,7519,open
930109,7520,open
930208,7521,open
930317,7522,open
930417,7523,open
930516,7524,open
930615,7525,open
930716,7526,open
930815,7527,open
930927,7528,open
931026,7529,open
931136,7530,open
931237,7531,open
931337,7532,open
931437,7533,open
931561,7534,open
931664,7535,open
931764,7536,open
931864,7537,open
931966,7538,open
932066,7539,open
932168,7540,open
932270,7541,closed
932377,7542,closed
932483,7543,open
932576,7544,open
932675,7545,open
932773,7546,open
932877,7547,open
932976,7548,open
933075,7549,open
933180,7550,open
933283,7551,open
933383,7552,open
933482,7553,open
933581,7554,open
933683,7555,open
933783,7556,open
933888,7557,open
933987,7558,open
934086,7559,open
934198,7560,open
934296,7561,open
934395,7562,open
934493,7563,open
934593,7564,open
934692,7565,open
934795,7566,open
934894,7567,open
934996,7568,open
935096,7569,open
935195,7570,open
935303,7571,open
935404,7572,open
935504,7573,open
935604,7574,open
935704,7575,open
935803,7576,open
935903,7577,open
936009,7578,open
936108,7579,open
936208,7580,open
936307,7581,open
936408,7582,open
936507,7583,open
936608,7584,open
936719,7585,open
936820,7586,open
936920,7587,open
937021,7588,open
937122,7589,open
937231,7590,open
937338,7591,open
937442,7592,open
937544,7593,open
937652,7594,open
937751,7595,open
937857,7596,open
937957,7597,open
938092,7598,open
938192,7599,open
938294,7600,open
938393,7601,open
938492,7602,open
938591,7603,open
938691,7604,open
938796,7605,open
938896,7606,open
938996,7607,open
939095,7608,open
939196,7609,open
939296,7610,open
939398,7611,open
939498,7612,open
939600,7613,open
939699,7614,open
939800,7615,open
939900,7616,open
940000,7617,open
940101,7618,open
940201,7619,open
940316,7620,open
940417,7621,open
940512,7622,open
940607,7623,open
940708,7624,open
940809,7625,open
940916,7626,open
941015,7627,open
941116,7628,open
941215,7629,open
941314,7630,open
941413,7631,open
941512,7632,open
941618,7633,open
941717,7634,open
941816,7635,open
941916,7636,open
942016,7637,closed
942126,7638,open
942223,7639,open
942323,7640,open
942427,7641,open
942517,7642,open
942611,7643,open
942710,7644,open
942813,7645,open
942913,7646,open
943012,7647,open
943114,7648,open
943214,7649,open
943323,7650,open
943424,7651,open
943524,7652,unsure
943639,7653,unsure
943739,7654,unsure
943837,7655,unsure
943935,7656,unsure
944038,7657,open
944138,7658,open
944240,7659,open
944340,7660,open
944439,7661,open
944549,7662,open
944649,7663,open
944748,7664,open
944851,7665,open
944954,7666,open
945053,7667,open
945153,7668,open
945269,7669,open
945366,7670,open
945465,7671,open
945565,7672,open
945664,7673,open
945763,7674,open
945862,7675,open
945968,7676,open
946067,7677,open
946166,7678,open
946265,7679,open
946377,7680,open
946475,7681,open
946574,7682,open
946679,7683,open
946783,7684,open
946882,7685,open
946981,7686,open
947080,7687,open
947179,7688,open
947279,7689,open
947378,7690,open
947483,7691,open
947590,7692,open
947690,7693,open
947789,7694,open
947890,7695,open
947993,7696,open
948093,7697,open
948193,7698,open
948305,7699,open
948405,7700,open
948504,7701,open
948605,7702,open
948708,7703,open
948810,7704,open
948918,7705,open
949018,7706,open
949119,7707,open
949218,7708,open
949318,7709,open
949429,7710,open
949534,7711,open
949635,7712,open
949735,7713,open
949836,7714,open
949936,7715,open
950037,7716,open
950137,7717,open
950237,7718,open
950346,7719,open
950445,7720,open
950547,7721,open
950649,7722,open
950750,7723,open
950853,7724,open
950953,7725,open
951057,7726,open
951163,7727,open
951263,7728,open
951364,7729,open
951463,7730,open
951567,7731,open
951667,7732,open
951774,7733,open
951876,7734,open
951976,7735,open
952076,7736,open
952176,7737,open
952277,7738,open
952379,7739,open
952501,7740,open
952605,7741,open
952706,7742,open
952805,7743,open
952905,7744,open
953004,7745,open
953107,7746,open
953214,7747,open
953314,7748,open
953415,7749,open
953515,7750,open
953615,7751,open
953718,7752,open
953819,7753,open
953918,7754,open
954030,7755,open
954131,7756,open
954231,7757,open
954332,7758,open
954433,7759,open
954533,7760,open
954638,7761,open
954738,7762,open
954839,7763,open
954938,7764,open
955038,7765,open
955137,7766,closed
955236,7767,closed
955337,7768,open
955444,7769,open
955558,7770,open
955662,7771,open
955765,7772,open
955864,7773,open
955965,7774,open
956069,7775,open
956170,7776,open
956270,7777,open
956371,7778,open
956471,7779,open
956573,7780,open
956673,7781,open
956775,7782,open
956882,7783,open
956982,7784,open
957087,7785,open
957186,7786,open
957287,7787,open
957386,7788,open
957486,7789,open
957594,7790,open
957694,7791,open
957795,7792,open
957895,7793,open
957996,7794,open
958095,7795,open
958196,7796,open
958302,7797,open
958402,7798,open
958502,7799,open
958611,7800,open
958715,7801,open
958845,7802,open
958945,7803,open
959047,7804,open
959146,7805,open
959246,7806,open
959345,7807,open
959445,7808,open
959545,7809,open
959644,7810,open
959749,7811,open
959849,7812,open
959949,7813,open
960048,7814,open
960148,7815,open
960251,7816,open
960350,7817,open
960450,7818,open
960550,7819,open
960654,7820,open
960756,7821,open
960857,7822,open
960957,7823,open
961057,7824,open
961156,7825,open
961263,7826,open
961362,7827,open
961460,7828,open
961551,7829,open
961663,7830,open
961764,7831,open
961869,7832,open
961968,7833,open
962069,7834,open
962169,7835,open
962269,7836,open
962368,7837,open
962468,7838,open
962572,7839,open
962677,7840,open
962777,7841,open
962876,7842,open
962975,7843,open
963076,7844,open
963176,7845,open
963278,7846,open
963379,7847,open
963481,7848,open
963573,7849,open
963674,7850,open
963773,7851,open
963873,7852,open
963973,7853,open
964072,7854,open
964176,7855,open
964275,7856,open
964375,7857,open
964474,7858,open
964578,7859,open
964684,7860,open
964790,7861,open
964891,7862,open
964991,7863,open
965091,7864,open
965190,7865,open
965291,7866,open
965391,7867,open
965490,7868,open
965591,7869,open
965691,7870,open
965792,7871,open
965893,7872,open
965992,7873,open
966091,7874,open
966191,7875,open
966295,7876,open
966398,7877,open
966504,7878,open
966602,7879,open
966701,7880,open
966804,7881,open
966903,7882,open
967009,7883,open
967108,7884,open
967208,7885,open
967308,7886,open
967407,7887,open
967506,7888,open
967605,7889,open
967717,7890,open
967816,7891,open
967919,7892,open
968018,7893,open
968116,7894,open
968216,7895,open
968315,7896,open
968414,7897,open
968520,7898,open
968619,7899,open
968721,7900,open
968821,7901,open
968921,7902,open
969020,7903,open
969120,7904,open
969221,7905,open
969329,7906,open
969430,7907,open
969529,7908,open
969630,7909,open
969733,7910,open
969835,7911,open
969935,7912,open
970042,7913,open
970141,7914,open
970240,7915,open
970341,7916,open
970442,7917,open
970546,7918,open
970650,7919,open
970764,7920,open
970864,7921,open
970965,7922,open
971068,7923,open
971169,7924,open
971269,7925,open
971370,7926,open
971473,7927,open
971574,7928,open
971674,7929,open
971775,7930,open
971876,7931,open
971975,7932,open
972075,7933,open
972182,7934,open
972282,7935,open
972384,7936,open
972484,7937,open
972586,7938,open
972685,7939,open
972785,7940,open
972892,7941,open
972993,7942,open
973094,7943,open
973194,7944,open
973294,7945,open
973396,7946,open
973495,7947,open
973601,7948,open
973702,7949,open
973818,7950,open
973917,7951,open
974016,7952,open
974116,7953,open
974219,7954,open
974325,7955,open
974428,7956,open
974527,7957,closed
974626,7958,closed
974725,7959,closed
974824,7960,open
974924,7961,open
975024,7962,open
975131,7963,open
975230,7964,open
975330,7965,open
975429,7966,open
975529,7967,open
975630,7968,open
975732,7969,open
975839,7970,open
975941,7971,open
976040,7972,open
976142,7973,open
976242,7974,open
976343,7975,open
976445,7976,open
976550,7977,open
976651,7978,open
976751,7979,open
976864,7980,open
976964,7981,open
977065,7982,open
977172,7983,open
977277,7984,open
977376,7985,open
977476,7986,open
977577,7987,open
977679,7988,open
977782,7989,open
977885,7990,open
977989,7991,open
978089,7992,open
978188,7993,open
978287,7994,open
978389,7995,open
978488,7996,open
978587,7997,open
978693,7998,open
978797,7999,open
978896,8000,open
978999,8001,open
979101,8002,open
979200,8003,open
979299,8004,open
979406,8005,open
979506,8006,open
979610,8007,open
979712,8008,open
979811,8009,open
979953,8010,open
980058,8011,open
980158,8012,open
980256,8013,open
980354,8014,open
980453,8015,open
980549,8016,open
980648,8017,open
980750,8018,open
980856,8019,open
980955,8020,open
981055,8021,open
981154,8022,open
981252,8023,open
981352,8024,open
981450,8025,open
981554,8026,open
981654,8027,open
981753,8028,open
981852,8029,open
981951,8030,open
982050,8031,open
982152,8032,open
982252,8033,open
982359,8034,open
982458,8035,open
982559,8036,open
982660,8037,open
982761,8038,open
982860,8039,open
982978,8040,open
983078,8041,open
983178,8042,open
983277,8043,open
983376,8044,open
983475,8045,open
983577,8046,open
983685,8047,open
983785,8048,open
983889,8049,open
983988,8050,open
984087,8051,open
984186,8052,open
984285,8053,open
984385,8054,open
984487,8055,open
984589,8056,open
984699,8057,closed
984814,8058,open
984909,8059,open
985007,8060,open
985107,8061,open
985220,8062,open
985319,8063,open
985420,8064,open
985520,8065,open
985622,8066,open
985721,8067,open
985831,8068,open
985931,8069,open
986043,8070,open
986144,8071,open
986248,8072,open
986347,8073,open
986446,8074,open
986553,8075,closed
986654,8076,open
986754,8077,open
986854,8078,open
986953,8079,open
987053,8080,open
987153,8081,open
987250,8082,open
987349,8083,open
987452,8084,open
987549,8085,open
987651,8086,open
987751,8087,open
987850,8088,open
987949,8089,open
988050,8090,open
988153,8091,open
988253,8092,open
988352,8093,open
988450,8094,open
988545,8095,open
988646,8096,open
988749,8097,open
988848,8098,open
988948,8099,open
989059,8100,open
989158,8101,open
989258,8102,open
989361,8103,open
989459,8104,open
989557,8105,open
989656,8106,open
989760,8107,open
989861,8108,open
989962,8109,open
990064,8110,open
990166,8111,open
990272,8112,open
990373,8113,open
990472,8114,open
990573,8115,open
990675,8116,open
990776,8117,open
990878,8118,open
990988,8119,open
991088,8120,open
991187,8121,open
991287,8122,open
991387,8123,open
991482,8124,open
991575,8125,open
991677,8126,open
991777,8127,open
991878,8128,open
991978,8129,open
992092,8130,open
992192,8131,open
992299,8132,open
992403,8133,open
992504,8134,open
992604,8135,open
992705,8136,open
992808,8137,open
992910,8138,open
993012,8139,open
993116,8140,open
993216,8141,open
993316,8142,open
993415,8143,open
993514,8144,open
993617,8145,open
993718,8146,open
993824,8147,open
993929,8148,open
994028,8149,open
994129,8150,open
994230,8151,open
994331,8152,open
994430,8153,open
994533,8154,open
994633,8155,open
994735,8156,open
994834,8157,open
994934,8158,open
995033,8159,open
995151,8160,open
995251,8161,open
995350,8162,open
995452,8163,open
995550,8164,open
995650,8165,open
995750,8166,open
995851,8167,open
995959,8168,open
996059,8169,open
996158,8170,open
996257,8171,open
996357,8172,open
996455,8173,open
996552,8174,open
996659,8175,open
996758,8176,open
996857,8177,open
996957,8178,open
997057,8179,open
997156,8180,open
997256,8181,open
997355,8182,open
997459,8183,open
997551,8184,open
997649,8185,open
997750,8186,open
997849,8187,open
997948,8188,open
998048,8189,open
998167,8190,open
998268,8191,open
998367,8192,open
998467,8193,open
998571,8194,open
998670,8195,open
998772,8196,open
998873,8197,open
998978,8198,open
999077,8199,open
999177,8200,open
999276,8201,open
999375,8202,open
999471,8203,open
999566,8204,open
999673,8205,open
999776,8206,open
999876,8207,open
999976,8208,open
1000078,8209,open
1000177,8210,open
1000284,8211,open
1000383,8212,open
1000482,8213,open
1000610,8214,open
1000709,8215,open
1000809,8216,open
1000911,8217,open
1001018,8218,open
1001118,8219,open
1001226,8220,open
1001328,8221,open
1001426,8222,open
1001525,8223,open
1001629,8224,open
1001732,8225,open
1001832,8226,open
1001931,8227,open
1002031,8228,open
1002130,8229,open
1002229,8230,open
1002329,8231,open
1002428,8232,open
1002534,8233,open
1002634,8234,open
1002735,8235,open
1002846,8236,open
1002945,8237,open
1003046,8238,open
1003145,8239,open
1003252,8240,open
1003351,8241,open
1003451,8242,open
1003548,8243,open
1003647,8244,open
1003747,8245,open
1003853,8246,open
1003953,8247,open
1004052,8248,open
1004153,8249,open
1004265,8250,open
1004368,8251,open
1004465,8252,open
1004564,8253,open
1004672,8254,open
1004773,8255,open
1004873,8256,closed
1004985,8257,open
1005084,8258,open
1005183,8259,open
1005287,8260,open
1005386,8261,open
1005485,8262,open
1005584,8263,open
1005683,8264,open
1005785,8265,open
1005887,8266,open
1005993,8267,open
1006094,8268,open
1006192,8269,open
1006292,8270,open
1006391,8271,open
1006490,8272,open
1006590,8273,open
1006695,8274,open
1006795,8275,open
1006894,8276,open
1006993,8277,open
1007093,8278,open
1007192,8279,open
1007312,8280,open
1007415,8281,open
1007507,8282,open
1007602,8283,open
1007702,8284,open
1007806,8285,open
1007905,8286,open
1008005,8287,open
1008110,8288,open
1008209,8289,open
1008309,8290,open
1008407,8291,open
1008506,8292,open
1008605,8293,open
1008703,8294,open
1008810,8295,open
1008910,8296,open
1009010,8297,open
1009109,8298,open
1009209,8299,open
1009309,8300,open
1009408,8301,open
1009507,8302,open
1009606,8303,open
1009712,8304,open
1009811,8305,open
1009910,8306,open
1010010,8307,open
1010109,8308,open
1010217,8309,open
1010328,8310,open
1010427,8311,open
1010530,8312,open
1010629,8313,open
1010729,8314,open
1010830,8315,open
1010938,8316,open
1011040,8317,open
1011139,8318,open
1011240,8319,open
1011340,8320,open
1011441,8321,open
1011546,8322,open
1011649,8323,open
1011752,8324,open
1011853,8325,open
1011954,8326,open
1012054,8327,open
1012154,8328,open
1012254,8329,open
1012353,8330,open
1012460,8331,open
1012561,8332,open
1012661,8333,open
1012762,8334,open
1012862,8335,open
1012961,8336,open
1013060,8337,open
1013166,8338,open
1013267,8339,open
1013379,8340,open
1013477,8341,open
1013581,8342,open
1013681,8343,open
1013788,8344,open
1013888,8345,open
1013987,8346,open
1014087,8347,open
1014186,8348,open
1014287,8349,open
1014387,8350,open
1014488,8351,open
1014594,8352,open
1014696,8353,open
1014795,8354,open
1014895,8355,open
1014996,8356,open
1015097,8357,open
1015196,8358,open
1015298,8359,open
1015402,8360,open
1015502,8361,open
1015601,8362,open
1015702,8363,open
1015801,8364,open
1015903,8365,open
1016006,8366,open
1016106,8367,open
1016206,8368,open
1016305,8369,open
1016415,8370,open
1016513,8371,open
1016616,8372,open
1016721,8373,open
1016820,8374,open
1016920,8375,open
1017020,8376,open
1017119,8377,open
1017219,8378,open
1017322,8379,open
1017423,8380,open
1017530,8381,open
1017630,8382,open
1017730,8383,open
1017831,8384,open
1017930,8385,open
1018030,8386,open
1018131,8387,open
1018237,8388,open
1018337,8389,open
1018437,8390,open
1018546,8391,open
1018647,8392,open
1018747,8393,open
1018852,8394,open
1018953,8395,open
1019066,8396,open
1019165,8397,open
1019270,8398,open
1019371,8399,open
1019488,8400,open
1019588,8401,open
1019692,8402,open
1019791,8403,open
1019891,8404,open
1019991,8405,open
1020091,8406,open
1020191,8407,open
1020298,8408,open
1020398,8409,open
1020500,8410,open
1020601,8411,open
1020700,8412,open
1020816,8413,open
1020915,8414,open
1021023,8415,open
1021156,8416,open
1021267,8417,open
1021365,8418,open
1021463,8419,open
1021568,8420,open
1021674,8421,open
1021775,8422,open
1021874,8423,open
1021973,8424,open
1022075,8425,open
1022175,8426,open
1022273,8427,open
1022379,8428,open
1022478,8429,open
1022585,8430,open
1022688,8431,open
1022789,8432,open
1022890,8433,open
1022990,8434,open
1023094,8435,open
1023193,8436,open
1023296,8437,open
1023398,8438,open
1023505,8439,open
1023601,8440,open
1023701,8441,open
1023811,8442,open
1023911,8443,open
1024012,8444,open
1024116,8445,open
1024216,8446,open
1024316,8447,open
1024417,8448,open
1024531,8449,open
1024625,8450,open
1024725,8451,open
1024827,8452,open
1024931,8453,open
1025031,8454,open
1025139,8455,open
1025239,8456,open
1025338,8457,open
1025451,8458,open
1025550,8459,open
1025665,8460,open
1025772,8461,open
1025871,8462,open
1025971,8463,open
1026075,8464,open
1026175,8465,open
1026274,8466,open
1026374,8467,open
1026474,8468,open
1026574,8469,open
1026674,8470,open
1026774,8471,open
1026874,8472,open
1026974,8473,open
1027074,8474,open
1027178,8475,open
1027283,8476,open
1027383,8477,open
1027484,8478,open
1027585,8479,open
1027685,8480,open
1027797,8481,open
1027898,8482,open
1027998,8483,open
1028097,8484,open
1028197,8485,open
1028296,8486,open
1028396,8487,open
1028496,8488,open
1028595,8489,open
1028711,8490,open
1028811,8491,open
1028911,8492,open
1029011,8493,open
1029112,8494,open
1029218,8495,open
1029318,8496,open
1029418,8497,open
1029518,8498,open
1029618,8499,open
1029718,8500,open
1029819,8501,open
1029927,8502,open
1030027,8503,open
1030128,8504,open
1030230,8505,open
1030331,8506,open
1030431,8507,open
1030533,8508,open
1030640,8509,open
1030741,8510,open
1030846,8511,open
1030947,8512,open
1031048,8513,open
1031151,8514,open
1031252,8515,open
1031360,8516,open
1031460,8517,open
1031563,8518,open
1031664,8519,open
1031776,8520,open
1031883,8521,open
1031988,8522,open
1032089,8523,open
1032200,8524,open
1032305,8525,open
1032406,8526,open
1032506,8527,open
1032607,8528,open
1032712,8529,open
1032813,8530,open
1032916,8531,open
1033017,8532,open
1033116,8533,open
1033216,8534,open
1033323,8535,open
1033424,8536,open
1033524,8537,open
1033625,8538,open
1033728,8539,open
1033833,8540,open
1033934,8541,open
1034041,8542,open
1034141,8543,open
1034241,8544,open
1034342,8545,open
1034443,8546,open
1034553,8547,open
1034654,8548,open
1034761,8549,open
1034879,8550,open
1034981,8551,open
1035082,8552,open
1035182,8553,open
1035283,8554,open
1035388,8555,open
1035488,8556,open
1035590,8557,open
1035697,8558,open
1035797,8559,open
1035898,8560,open
1035998,8561,open
1036098,8562,open
1036205,8563,open
1036306,8564,open
1036411,8565,open
1036511,8566,open
1036612,8567,open
1036713,8568,open
1036820,8569,open
1036920,8570,open
1037021,8571,open
1037124,8572,open
1037225,8573,open
1037326,8574,open
1037427,8575,open
1037533,8576,open
1037634,8577,open
1037734,8578,open
1037840,8579,open
1037952,8580,open
1038053,8581,open
1038160,8582,open
1038265,8583,open
1038366,8584,open
1038466,8585,open
1038568,8586,open
1038669,8587,open
1038770,8588,open
1038876,8589,open
1038977,8590,open
1039078,8591,open
1039186,8592,open
1039286,8593,open
1039387,8594,open
1039491,8595,open
1039597,8596,open
1039703,8597,open
1039806,8598,open
1039909,8599,open
1040010,8600,open
1040110,8601,open
1040216,8602,open
1040317,8603,open
1040418,8604,open
1040519,8605,open
1040619,8606,open
1040722,8607,open
1040824,8608,open
1040932,8609,open
1041044,8610,open
1041175,8611,open
1041275,8612,open
1041375,8613,open
1041474,8614,open
1041580,8615,open
1041679,8616,open
1041779,8617,open
1041878,8618,open
1041977,8619,open
1042076,8620,open
1042176,8621,open
1042276,8622,open
1042381,8623,open
1042479,8624,open
1042580,8625,open
1042684,8626,open
1042783,8627,open
1042885,8628,open
1042984,8629,open
1043091,8630,open
1043191,8631,open
1043291,8632,open
1043392,8633,open
1043491,8634,open
1043592,8635,open
1043691,8636,open
1043798,8637,open
1043898,8638,open
1043999,8639,open
1044108,8640,open
1044209,8641,open
1044309,8642,open
1044411,8643,open
1044520,8644,closed
1044617,8645,open
1044717,8646,open
1044816,8647,open
1044917,8648,open
1045017,8649,open
1045116,8650,open
1045224,8651,open
1045324,8652,open
1045424,8653,open
1045523,8654,open
1045628,8655,open
1045732,8656,open
1045831,8657,open
1045935,8658,open
1046035,8659,open
1046135,8660,open
1046235,8661,open
1046337,8662,open
1046445,8663,open
1046551,8664,open
1046652,8665,open
1046752,8666,open
1046855,8667,open
1046956,8668,open
1047056,8669,open
1047173,8670,open
1047274,8671,open
1047373,8672,open
1047473,8673,open
1047579,8674,open
1047692,8675,open
1047797,8676,open
1047898,8677,open
1048004,8678,open
1048104,8679,open
1048205,8680,open
1048305,8681,open
1048405,8682,open
1048504,8683,open
1048604,8684,open
1048708,8685,open
1048809,8686,open
1048909,8687,open
1049009,8688,open
1049109,8689,open
1049208,8690,open
1049311,8691,open
1049414,8692,open
1049505,8693,open
1049598,8694,open
1049698,8695,open
1049801,8696,open
1049907,8697,open
1050007,8698,open
1050106,8699,open
1050219,8700,open
1050318,8701,open
1050418,8702,open
1050519,8703,open
1050624,8704,open
1050724,8705,open
1050824,8706,open
1050924,8707,open
1051026,8708,open
1051125,8709,open
1051226,8710,open
1051327,8711,open
1051434,8712,open
1051525,8713,open
1051622,8714,open
1051727,8715,open
1051828,8716,open
1051929,8717,open
1052033,8718,open
1052133,8719,open
1052234,8720,open
1052335,8721,open
1052437,8722,open
1052547,8723,open
1052649,8724,open
1052756,8725,open
1052857,8726,open
1052957,8727,open
1053058,8728,open
1053159,8729,open
1053274,8730,open
1053380,8731,open
1053481,8732,open
1053582,8733,open
1053683,8734,open
1053784,8735,open
1053885,8736,open
1053985,8737,open
1054087,8738,open
1054193,8739,open
1054294,8740,open
1054395,8741,open
1054494,8742,open
1054595,8743,open
1054701,8744,open
1054804,8745,open
1054910,8746,open
1055011,8747,open
1055111,8748,open
1055212,8749,open
1055312,8750,open
1055413,8751,open
1055514,8752,open
1055621,8753,open
1055720,8754,open
1055821,8755,open
1055921,8756,open
1056020,8757,open
1056120,8758,open
1056219,8759,open
1056338,8760,open
1056437,8761,open
1056539,8762,open
1056643,8763,open
1056743,8764,open
1056843,8765,open
1056942,8766,open
1057048,8767,open
1057147,8768,open
1057247,8769,open
1057351,8770,open
1057450,8771,open
1057545,8772,open
1057645,8773,open
1057747,8774,open
1057854,8775,open
1057955,8776,open
1058055,8777,open
1058157,8778,open
1058257,8779,open
1058358,8780,open
1058456,8781,open
1058557,8782,open
1058656,8783,open
1058756,8784,open
1058855,8785,open
1058955,8786,open
1059054,8787,open
1059154,8788,open
1059329,8789,open
1059447,8790,open
1059547,8791,open
1059646,8792,open
1059749,8793,open
1059851,8794,open
1059955,8795,open
1060070,8796,open
1060170,8797,open
1060269,8798,open
1060369,8799,open
1060468,8800,open
1060569,8801,open
1060669,8802,open
1060775,8803,open
1060875,8804,open
1060975,8805,open
1061077,8806,open
1061177,8807,open
1061279,8808,open
1061379,8809,open
1061477,8810,open
1061606,8811,open
1061710,8812,open
1061809,8813,open
1061909,8814,open
1062009,8815,open
1062108,8816,open
1062217,8817,open
1062317,8818,open
1062417,8819,open
1062520,8820,open
1062618,8821,open
1062718,8822,open
1062825,8823,open
1062925,8824,open
1063025,8825,open
1063124,8826,open
1063224,8827,open
1063323,8828,open
1063424,8829,open
1063524,8830,open
1063631,8831,open
1063731,8832,open
1063831,8833,open
1063934,8834,open
1064038,8835,open
1064138,8836,open
1064237,8837,open
1064338,8838,open
1064443,8839,open
1064535,8840,open
1064632,8841,open
1064732,8842,open
1064831,8843,open
1064931,8844,open
1065030,8845,open
1065134,8846,open
1065235,8847,open
1065335,8848,open
1065436,8849,open
1065554,8850,open
1065653,8851,open
1065758,8852,open
1065860,8853,open
1065959,8854,open
1066059,8855,open
1066158,8856,open
1066258,8857,open
1066357,8858,open
1066456,8859,open
1066560,8860,open
1066664,8861,open
1066763,8862,open
1066865,8863,open
1066965,8864,open
1067065,8865,open
1067165,8866,open
1067271,8867,open
1067370,8868,open
1067468,8869,open
1067569,8870,open
1067670,8871,open
1067774,8872,open
1067874,8873,open
1067980,8874,open
1068079,8875,open
1068179,8876,open
1068278,8877,open
1068378,8878,open
1068478,8879,open
1068591,8880,open
1068690,8881,open
1068791,8882,open
1068893,8883,open
1068994,8884,open
1069093,8885,open
1069193,8886,open
1069292,8887,open
1069396,8888,open
1069494,8889,open
1069593,8890,open
1069697,8891,open
1069796,8892,open
1069895,8893,open
1069994,8894,open
1070094,8895,open
1070202,8896,open
1070301,8897,open
1070401,8898,open
1070498,8899,open
1070597,8900,open
1070695,8901,open
1070797,8902,open
1070902,8903,open
1071000,8904,open
1071100,8905,open
1071199,8906,open
1071298,8907,open
1071398,8908,open
1071491,8909,open
1071601,8910,open
1071700,8911,open
1071799,8912,open
1071899,8913,open
1072002,8914,open
1072103,8915,open
1072202,8916,open
1072302,8917,open
1072408,8918,open
1072507,8919,open
1072608,8920,open
1072709,8921,open
1072812,8922,open
1072911,8923,open
1073011,8924,open
1073116,8925,open
1073219,8926,open
1073320,8927,open
1073419,8928,open
1073510,8929,open
1073605,8930,open
1073704,8931,open
1073807,8932,open
1073907,8933,open
1074007,8934,open
1074108,8935,open
1074207,8936,open
1074306,8937,open
1074406,8938,open
1074503,8939,open
1074612,8940,open
1074718,8941,open
1074818,8942,open
1074916,8943,open
1075016,8944,open
1075115,8945,open
1075215,8946,open
1075320,8947,open
1075420,8948,open
1075524,8949,open
1075623,8950,open
1075724,8951,open
1075823,8952,open
1075926,8953,open
1076027,8954,open
1076133,8955,open
1076236,8956,open
1076336,8957,open
1076437,8958,open
1076545,8959,open
1076644,8960,open
1076745,8961,open
1076851,8962,open
1076950,8963,open
1077050,8964,open
1077149,8965,open
1077248,8966,open
1077348,8967,closed
1077446,8968,open
1077550,8969,open
1077658,8970,open
1077757,8971,open
1077861,8972,open
1077960,8973,open
1078060,8974,open
1078159,8975,open
1078266,8976,open
1078366,8977,open
1078474,8978,open
1078576,8979,open
1078676,8980,open
1078776,8981,open
1078882,8982,open
1078982,8983,open
1079082,8984,open
1079183,8985,open
1079282,8986,open
1079383,8987,open
1079483,8988,open
1079590,8989,open
1079691,8990,open
1079793,8991,open
1079894,8992,open
1079994,8993,open
1080098,8994,open
1080198,8995,open
1080297,8996,open
1080403,8997,open
1080503,8998,open
1080605,8999,open
1080714,9000,open
1080816,9001,open
1080915,9002,open
1081015,9003,open
1081118,9004,open
1081217,9005,open
1081317,9006,open
1081416,9007,open
1081517,9008,open
1081619,9009,open
1081721,9010,open
1081829,9011,open
1081930,9012,open
1082029,9013,open
1082129,9014,open
1082230,9015,open
1082330,9016,open
1082553,9017,open
1083206,9018,open
1083614,9019,open
1083714,9020,open
1083813,9021,open
1083914,9022,open
1084014,9023,open
1084114,9024,open
1084216,9025,open
1084321,9026,open
1084421,9027,open
1084521,9028,open
1084621,9029,open
1084729,9030,open
1084832,9031,open
1084941,9032,open
1085042,9033,open
1085143,9034,open
1085243,9035,open
1085344,9036,open
1085443,9037,open
1085550,9038,open
1085650,9039,open
1085752,9040,open
1085853,9041,open
1085953,9042,open
1086053,9043,open
1086153,9044,open
1086254,9045,open
1086355,9046,open
1086459,9047,open
1086559,9048,open
1086662,9049,open
1086763,9050,open
1086875,9051,open
1086973,9052,open
1087082,9053,open
1087182,9054,open
1087281,9055,open
1087381,9056,open
1087480,9057,open
1087581,9058,open
1087681,9059,open
1087800,9060,open
1087899,9061,open
1087999,9062,open
1088099,9063,open
1088203,9064,open
1088305,9065,open
1088404,9066,open
1088503,9067,open
1088604,9068,open
1088703,9069,open
1088803,9070,open
1088902,9071,open
1089002,9072,open
1089103,9073,open
1089203,9074,open
1089302,9075,open
1089406,9076,open
1089499,9077,open
1089597,9078,open
1089700,9079,closed
1089801,9080,open
1089902,9081,open
1090008,9082,open
1090108,9083,open
1090208,9084,open
1090308,9085,open
1090411,9086,open
1090510,9087,open
1090610,9088,open
1090715,9089,open
1090833,9090,open
1090932,9091,open
1091032,9092,open
1091132,9093,open
1091234,9094,closed
1091333,9095,closed
1091434,9096,open
1091526,9097,open
1091621,9098,open
1091721,9099,open
1091820,9100,open
1091938,9101,open
1092041,9102,open
1092141,9103,open
1092240,9104,open
1092345,9105,open
1092444,9106,open
1092546,9107,open
1092645,9108,open
1092751,9109,open
1092851,9110,closed
1092961,9111,open
1093058,9112,open
1093158,9113,open
1093258,9114,open
1093357,9115,open
1093463,9116,open
1093563,9117,open
1093668,9118,open
1093769,9119,open
1093886,9120,open
1093987,9121,open
1094094,9122,open
1094193,9123,open
1094299,9124,open
1094398,9125,open
1094498,9126,open
1094598,9127,open
1094703,9128,open
1094802,9129,open
1094908,9130,open
1095009,9131,open
1095108,9132,open
1095208,9133,open
1095307,9134,open
1095419,9135,open
1095521,9136,open
1095625,9137,open
1095725,9138,open
1095829,9139,open
1095928,9140,open
1096029,9141,open
1096128,9142,open
1096229,9143,open
1096337,9144,open
1096438,9145,open
1096529,9146,open
1096626,9147,open
1096727,9148,open
1096828,9149,open
1096951,9150,open
1097052,9151,open
1097152,9152,open
1097253,9153,open
1097356,9154,open
1097456,9155,open
1097558,9156,open
1097666,9157,open
1097769,9158,open
1097870,9159,open
1097972,9160,open
1098074,9161,open
1098174,9162,open
1098273,9163,open
1098373,9164,open
1098480,9165,open
1098580,9166,open
1098681,9167,open
1098780,9168,open
1098884,9169,open
1098984,9170,open
1099084,9171,open
1099189,9172,open
1099288,9173,open
1099388,9174,open
1099485,9175,open
1099577,9176,open
1099673,9177,open
1099780,9178,open
1099879,9179,open
1099996,9180,open
1100098,9181,open
1100198,9182,open
1100297,9183,open
1100401,9184,unsure
1100505,9185,unsure
1100605,9186,unsure
1100704,9187,unsure
1100807,9188,unsure
1100906,9189,unsure
1101006,9190,unsure
1101107,9191,unsure
1101213,9192,unsure
1101314,9193,unsure
1101414,9194,unsure
1101513,9195,unsure
1101614,9196,unsure
1101713,9197,unsure
1101814,9198,unsure
1101917,9199,unsure
1102020,9200,unsure
1102119,9201,unsure
1102219,9202,unsure
1102318,9203,unsure
1102418,9204,unsure
1102520,9205,unsure
1102629,9206,unsure
1102728,9207,unsure
1102828,9208,unsure
1102928,9209,unsure
1103038,9210,unsure
1103139,9211,unsure
1103238,9212,unsure
1103345,9213,unsure
1103449,9214,unsure
1103547,9215,unsure
1103676,9216,open
1103776,9217,open
1103889,9218,open
1103996,9219,open
1104100,9220,open
1104200,9221,open
1104302,9222,open
1104402,9223,open
1104500,9224,open
1104599,9225,open
1104703,9226,open
1104808,9227,open
1104909,9228,open
1105008,9229,open
1105107,9230,open
1105209,9231,open
1105308,9232,open
1105408,9233,open
1105506,9234,open
1105607,9235,open
1105707,9236,closed
1105821,9237,open
1105918,9238,open
1106017,9239,open
1106130,9240,open
1106235,9241,open
1106337,9242,open
1106436,9243,open
1106547,9244,open
1106650,9245,open
1106749,9246,open
1106849,9247,open
1106955,9248,open
1107054,9249,closed
1107155,9250,open
1107255,9251,open
1107354,9252,open
1107452,9253,open
1107549,9254,open
1107652,9255,open
1107756,9256,open
1107855,9257,open
1107956,9258,open
1108057,9259,open
1108156,9260,open
1108256,9261,open
1108361,9262,open
1108461,9263,open
1108561,9264,open
1108662,9265,open
1108762,9266,open
1108862,9267,open
1108961,9268,open
1109068,9269,open
1109179,9270,open
1109282,9271,open
1109382,9272,open
1109482,9273,open
1109584,9274,open
1109690,9275,open
1109790,9276,open
1109889,9277,open
1109990,9278,open
1110089,9279,open
1110188,9280,open
1110290,9281,open
1110389,9282,open
1110487,9283,open
1110587,9284,open
1110686,9285,open
1110789,9286,open
1110888,9287,open
1110987,9288,open
1111087,9289,open
1111185,9290,open
1111289,9291,open
1111389,9292,open
1111487,9293,open
1111589,9294,open
1111688,9295,open
1111793,9296,open
1111891,9297,open
1111993,9298,open
1112095,9299,open
1112204,9300,open
1112303,9301,open
1112405,9302,open
1112503,9303,open
1112613,9304,open
1112712,9305,open
1112813,9306,open
1112912,9307,open
1113011,9308,open
1113111,9309,open
1113210,9310,open
1113309,9311,open
1113415,9312,open
1113514,9313,open
1113613,9314,open
1113713,9315,open
1113817,9316,open
1113920,9317,open
1114020,9318,open
1114125,9319,open
1114224,9320,open
1114324,9321,open
1114423,9322,open
1114522,9323,open
1114625,9324,open
1114728,9325,open
1114834,9326,open
1114933,9327,open
1115033,9328,unsure
1115132,9329,unsure
1115244,9330,unsure
1115343,9331,unsure
1115446,9332,unsure
1115553,9333,unsure
1115653,9334,unsure
1115751,9335,unsure
1115853,9336,unsure
1115952,9337,unsure
1116051,9338,unsure
1116149,9339,unsure
1116247,9340,unsure
1116352,9341,unsure
1116451,9342,unsure
1116546,9343,unsure
1116648,9344,unsure
1116747,9345,unsure
1116847,9346,unsure
1116949,9347,unsure
1117056,9348,unsure
1117157,9349,unsure
1117256,9350,unsure
1117356,9351,unsure
1117454,9352,unsure
1117551,9353,unsure
1117650,9354,unsure
1117756,9355,unsure
1117860,9356,unsure
1117961,9357,unsure
1118060,9358,unsure
1118159,9359,unsure
1118273,9360,unsure
1118374,9361,unsure
1118480,9362,unsure
1118580,9363,unsure
1118683,9364,unsure
1118783,9365,unsure
1118882,9366,unsure
1118983,9367,unsure
1119082,9368,unsure
1119180,9369,unsure
1119284,9370,unsure
1119383,9371,unsure
1119481,9372,unsure
1119580,9373,unsure
1119680,9374,unsure
1119783,9375,unsure
1119884,9376,unsure
1119987,9377,unsure
1120087,9378,unsure
1120186,9379,unsure
1120285,9380,unsure
1120385,9381,unsure
1120483,9382,unsure
1120585,9383,unsure
1120690,9384,unsure
1120790,9385,unsure
1120889,9386,unsure
1120988,9387,unsure
1121091,9388,unsure
1121193,9389,unsure
1121305,9390,unsure
1121411,9391,unsure
1121522,9392,unsure
1121621,9393,unsure
1121720,9394,unsure
1121820,9395,unsure
1121919,9396,unsure
1122019,9397,unsure
1122123,9398,unsure
1122223,9399,unsure
1122322,9400,unsure
1122421,9401,unsure
1122519,9402,unsure
1122618,9403,unsure
1122717,9404,unsure
1122817,9405,unsure
1122927,9406,unsure
1123026,9407,unsure
1123125,9408,open
1123224,9409,open
1123323,9410,open
1123423,9411,open
1123521,9412,open
1123627,9413,open
1123731,9414,open
1123830,9415,open
1123930,9416,open
1124029,9417,open
1124129,9418,open
1124243,9419,open
1124352,9420,open
1124452,9421,open
1124579,9422,open
1125742,9423,open
1126720,9424,open
1127826,9425,open
1128825,9426,open
1129818,9427,open
1130543,9428,open
1130642,9429,open
1130743,9430,open
1130852,9431,open
1130950,9432,open
1131054,9433,open
1131152,9434,open
1131258,9435,open
1131356,9436,open
1131467,9437,open
1131555,9438,open
1131653,9439,open
1131752,9440,open
1131855,9441,open
1131953,9442,open
1132057,9443,open
1132156,9444,open
1132256,9445,open
1132356,9446,open
1132454,9447,open
1132550,9448,open
1132655,9449,open
1132774,9450,open
1132872,9451,open
1132970,9452,open
1133072,9453,open
1133171,9454,open
1133270,9455,open
1133369,9456,open
1133466,9457,open
1133564,9458,open
1133673,9459,open
1133772,9460,open
1133876,9461,open
1133975,9462,open
1134075,9463,open
1134174,9464,open
1134274,9465,open
1134378,9466,open
1134477,9467,open
1134576,9468,open
1134676,9469,open
1134776,9470,open
1134875,9471,open
1134975,9472,open
1135080,9473,open
1135179,9474,open
1135281,9475,open
1135380,9476,open
1135479,9477,open
1135578,9478,open
1135682,9479,open
1135797,9480,open
1135896,9481,open
1135996,9482,open
1136095,9483,open
1136198,9484,open
1136298,9485,open
1136397,9486,open
1136502,9487,open
1136602,9488,open
1136702,9489,open
1136801,9490,open
1136902,9491,open
1137001,9492,open
1137100,9493,open
1137199,9494,open
1137303,9495,open
1137402,9496,open
1137501,9497,open
1137602,9498,open
1137703,9499,open
1137803,9500,open
1137902,9501,open
1138005,9502,open
1138105,9503,open
1138204,9504,open
1138307,9505,open
1138407,9506,open
1138506,9507,open
1138611,9508,open
1138710,9509,open
1138817,9510,open
1138922,9511,open
1139021,9512,open
1139121,9513,open
1139220,9514,open
1139319,9515,open
1139424,9516,open
1139524,9517,open
1139625,9518,open
1139729,9519,open
1139828,9520,open
1139929,9521,open
1140028,9522,open
1140127,9523,open
1140233,9524,open
1140332,9525,open
1140435,9526,open
1140534,9527,open
1140633,9528,open
1140733,9529,open
1140834,9530,open
1140941,9531,open
1141043,9532,open
1141143,9533,open
1141243,9534,open
1141344,9535,open
1141443,9536,open
1141552,9537,open
1141655,9538,open
1141755,9539,open
1141867,9540,open
1141967,9541,open
1142071,9542,open
1142171,9543,open
1142276,9544,open
1142376,9545,open
1142475,9546,open
1142576,9547,open
1142677,9548,open
1142780,9549,open
1142880,9550,open
1142981,9551,open
1143087,9552,open
1143187,9553,open
1143288,9554,open
1143388,9555,open
1143491,9556,open
1143593,9557,open
1143693,9558,open
1143800,9559,open
1143900,9560,open
1144013,9561,open
1144112,9562,open
1144213,9563,open
1144314,9564,open
1144416,9565,open
1144523,9566,open
1144623,9567,open
1144726,9568,open
1144829,9569,open
1144941,9570,open
1145041,9571,open
1145148,9572,open
1145259,9573,open
1145359,9574,open
1145462,9575,open
1145563,9576,open
1145662,9577,open
1145763,9578,open
1145869,9579,open
1145969,9580,open
1146070,9581,open
1146169,9582,open
1146282,9583,open
1146379,9584,open
1146483,9585,open
1146589,9586,open
1146691,9587,open
1146792,9588,open
1146891,9589,open
1146991,9590,open
1147090,9591,open
1147191,9592,open
1147296,9593,open
1147397,9594,open
1147497,9595,open
1147596,9596,open
1147696,9597,open
1147798,9598,open
1147899,9599,open
1148013,9600,unsure
1148112,9601,unsure
1148214,9602,unsure
1148316,9603,unsure
1148417,9604,unsure
1148516,9605,unsure
1148623,9606,unsure
1148727,9607,unsure
1148826,9608,unsure
1148930,9609,unsure
1149029,9610,unsure
1149130,9611,unsure
1149229,9612,unsure
1149329,9613,unsure
1149434,9614,unsure
1149535,9615,unsure
1149636,9616,unsure
1149756,9617,unsure
1149853,9618,unsure
1149953,9619,unsure
1150062,9620,unsure
1150162,9621,unsure
1150262,9622,unsure
1150361,9623,unsure
1150464,9624,unsure
1150596,9625,unsure
1150696,9626,unsure
1150801,9627,unsure
1150900,9628,unsure
1150999,9629,unsure
1151113,9630,unsure
1151211,9631,unsure
1151313,9632,unsure
1151411,9633,unsure
1151516,9634,unsure
1151616,9635,unsure
1151719,9636,unsure
1151817,9637,unsure
1151916,9638,unsure
1152014,9639,unsure
1152113,9640,open
1152212,9641,open
1152318,9642,open
1152417,9643,open
1152516,9644,open
1152617,9645,open
1152719,9646,open
1152818,9647,open
1152921,9648,open
1153029,9649,open
1153129,9650,open
1153228,9651,open
1153329,9652,open
1153428,9653,open
1153527,9654,open
1153626,9655,open
1153737,9656,open
1153837,9657,open
1153935,9658,open
1154035,9659,open
1154148,9660,open
1154247,9661,open
1154346,9662,open
1154451,9663,open
1154550,9664,open
1154649,9665,open
1154748,9666,open
1154847,9667,open
1154946,9668,open
1155045,9669,open
1155147,9670,open
1155251,9671,open
1155353,9672,open
1155451,9673,open
1155541,9674,open
1155641,9675,open
1155745,9676,open
1155844,9677,open
1155943,9678,open
1156051,9679,open
1156150,9680,open
1156249,9681,open
1156349,9682,open
1156448,9683,open
1156545,9684,open
1156651,9685,open
1156750,9686,open
1156854,9687,open
1156954,9688,open
1157056,9689,open
1157169,9690,open
1157270,9691,open
1157376,9692,open
1157473,9693,open
1157569,9694,open
1157673,9695,open
1157774,9696,open
1157875,9697,open
1157976,9698,open
1158083,9699,open
1158185,9700,open
1158286,9701,open
1158386,9702,open
1158485,9703,open
1158586,9704,open
1158692,9705,open
1158800,9706,open
1158901,9707,open
1159001,9708,open
1159101,9709,open
1159200,9710,open
1159301,9711,open
1159404,9712,open
1159510,9713,open
1159611,9714,open
1159710,9715,open
1159814,9716,open
1159914,9717,open
1160015,9718,open
1160118,9719,open
1160235,9720,open
1160334,9721,open
1160434,9722,open
1160537,9723,open
1160638,9724,open
1160738,9725,open
1160844,9726,open
1160947,9727,open
1161048,9728,open
1161147,9729,open
1161246,9730,open
1161348,9731,open
1161447,9732,open
1161544,9733,open
1161648,9734,open
1161748,9735,open
1161849,9736,open
1161949,9737,open
1162050,9738,open
1162150,9739,open
1162251,9740,unsure
1162356,9741,unsure
1162456,9742,unsure
1162556,9743,unsure
1162657,9744,unsure
1162758,9745,unsure
1162862,9746,unsure
1162962,9747,unsure
1163069,9748,unsure
1163169,9749,unsure
1163282,9750,unsure
1163383,9751,unsure
1163482,9752,unsure
1163586,9753,unsure
1163692,9754,unsure
1163805,9755,unsure
1163903,9756,unsure
1164007,9757,unsure
1164106,9758,unsure
1164205,9759,unsure
1164305,9760,unsure
1164406,9761,unsure
1164513,9762,unsure
1164615,9763,unsure
1164716,9764,unsure
1164816,9765,unsure
1164917,9766,unsure
1165017,9767,unsure
1165117,9768,unsure
1165236,9769,unsure
1165335,9770,unsure
1165434,9771,unsure
1165537,9772,unsure
1165636,9773,unsure
1165736,9774,unsure
1165842,9775,unsure
1165946,9776,unsure
1166045,9777,unsure
1166145,9778,unsure
1166244,9779,unsure
1166357,9780,unsure
1166456,9781,unsure
1166555,9782,unsure
1166657,9783,unsure
1166756,9784,unsure
1166862,9785,unsure
1166962,9786,unsure
1167062,9787,unsure
1167164,9788,unsure
1167270,9789,unsure
1167371,9790,unsure
1167473,9791,unsure
1167574,9792,open
1167683,9793,open
1167781,9794,open
1167883,9795,open
1167990,9796,open
1168089,9797,open
1168190,9798,open
1168291,9799,open
1168390,9800,open
1168490,9801,open
1168591,9802,open
1168698,9803,open
1168798,9804,open
1168897,9805,open
1168997,9806,open
1169097,9807,open
1169197,9808,open
1169297,9809,open
1169414,9810,open
1169506,9811,open
1169600,9812,open
1169703,9813,open
1169802,9814,open
1169901,9815,open
1170001,9816,open
1170107,9817,open
1170211,9818,open
1170313,9819,open
1170413,9820,open
1170512,9821,open
1170613,9822,open
1170712,9823,open
1170820,9824,open
1170923,9825,open
1171026,9826,open
1171125,9827,open
1171226,9828,open
1171365,9829,open
1171465,9830,open
1171556,9831,open
1171657,9832,open
1171757,9833,open
1171856,9834,open
1171974,9835,open
1172069,9836,open
1172169,9837,open
1172268,9838,open
1172370,9839,open
1172486,9840,open
1172587,9841,closed
1172688,9842,open
1172791,9843,open
1172892,9844,open
1172991,9845,open
1173091,9846,open
1173191,9847,open
1173292,9848,open
1173398,9849,open
1173497,9850,open
1173597,9851,open
1173697,9852,open
1173805,9853,open
1173905,9854,open
1174005,9855,open
1174110,9856,open
1174212,9857,open
1174315,9858,open
1174415,9859,open
1174514,9860,open
1174615,9861,open
1174718,9862,open
1174825,9863,open
1174925,9864,open
1175028,9865,open
1175127,9866,open
1175227,9867,open
1175326,9868,open
1175426,9869,open
1175543,9870,open
1175644,9871,open
1175743,9872,open
1175846,9873,open
1175958,9874,open
1176056,9875,open
1176157,9876,open
1176265,9877,open
1176365,9878,open
1176465,9879,open
1176569,9880,open
1176669,9881,open
1176770,9882,open
1176871,9883,open
1176978,9884,open
1177082,9885,open
1177183,9886,open
1177285,9887,open
1177393,9888,open
1177493,9889,open
1177608,9890,open
1177705,9891,closed
1177806,9892,open
1177907,9893,open
1178007,9894,open
1178108,9895,open
1178209,9896,open
1178310,9897,open
1178417,9898,open
1178518,9899,open
1178627,9900,open
1178727,9901,open
1178830,9902,open
1178931,9903,open
1179039,9904,open
1179139,9905,open
1179243,9906,open
1179343,9907,open
1179443,9908,open
1179534,9909,open
1179632,9910,open
1179739,9911,open
1179838,9912,open
1179942,9913,open
1180043,9914,open
1180145,9915,open
1180246,9916,open
1180347,9917,open
1180451,9918,open
1180550,9919,open
1180651,9920,open
1180752,9921,open
1180853,9922,open
1180954,9923,open
1181060,9924,open
1181161,9925,open
1181262,9926,open
1181363,9927,open
1181462,9928,open
1181554,9929,open
1181675,9930,open
1181778,9931,open
1181881,9932,open
1181981,9933,open
1182083,9934,open
1182187,9935,open
1182289,9936,open
1182390,9937,open
1182497,9938,open
1182599,9939,open
1182701,9940,open
1182804,9941,open
1182908,9942,open
1183009,9943,open
1183110,9944,open
1183220,9945,open
1183321,9946,open
1183422,9947,open
1183523,9948,open
1183624,9949,open
1183725,9950,open
1183826,9951,open
1183932,9952,open
1184033,9953,open
1184145,9954,open
1184242,9955,open
1184343,9956,open
1184446,9957,open
1184558,9958,open
1184659,9959,open
1184773,9960,open
1184873,9961,open
1184980,9962,open
1185079,9963,open
1185184,9964,open
1185289,9965,open
1185390,9966,open
1185490,9967,open
1185594,9968,open
1185696,9969,open
1185797,9970,open
1185896,9971,open
1186003,9972,open
1186116,9973,open
1186213,9974,open
1186316,9975,open
1186415,9976,open
1186517,9977,open
1186617,9978,open
1186734,9979,open
1186831,9980,open
1186930,9981,open
1187031,9982,open
1187134,9983,open
1187234,9984,open
1187340,9985,open
1187439,9986,open
1187546,9987,open
1187645,9988,open
1187747,9989,open
1187859,9990,open
1187965,9991,open
1188065,9992,open
1188164,9993,open
1188264,9994,open
1188365,9995,open
1188464,9996,open
1188564,9997,open
1188667,9998,open
1188773,9999,open
1188884,10000,open
1188983,10001,open
1189087,10002,open
1189186,10003,open
1189285,10004,open
1189385,10005,open
1189486,10006,open
1189587,10007,open
1189686,10008,open
1189787,10009,open
1189890,10010,open
1189991,10011,open
1190092,10012,open
1190199,10013,open
1190300,10014,open
1190402,10015,open
1190502,10016,open
1190607,10017,open
1190709,10018,open
1190819,10019,open
1190931,10020,open
1191032,10021,open
1191132,10022,closed
1191233,10023,open
1191339,10024,open
1191439,10025,open
1191547,10026,open
1191683,10027,open
1191783,10028,open
1191881,10029,open
1191982,10030,open
1192082,10031,open
1192181,10032,open
1192280,10033,open
1192380,10034,open
1192483,10035,open
1192584,10036,open
1192684,10037,open
1192783,10038,open
1192886,10039,open
1192986,10040,open
1193093,10041,open
1193193,10042,open
1193293,10043,open
1193392,10044,open
1193491,10045,open
1193592,10046,open
1193691,10047,open
1193797,10048,open
1193896,10049,open
1194008,10050,open
1194109,10051,open
1194208,10052,open
1194308,10053,open
1194412,10054,open
1194518,10055,open
1194617,10056,open
1194717,10057,open
1194819,10058,open
1194919,10059,open
1195018,10060,open
1195117,10061,open
1195216,10062,open
1195322,10063,open
1195421,10064,open
1195520,10065,open
1195624,10066,open
1195723,10067,open
1195824,10068,open
1195923,10069,open
1196029,10070,open
1196130,10071,open
1196229,10072,open
1196329,10073,open
1196429,10074,open
1196520,10075,open
1196616,10076,open
1196725,10077,open
1196825,10078,open
1196927,10079,closed
1197040,10080,open
1197140,10081,open
1197241,10082,open
1197349,10083,open
1197454,10084,open
1197553,10085,open
1197653,10086,open
1197754,10087,open
1197855,10088,open
1197955,10089,open
1198063,10090,open
1198164,10091,open
1198265,10092,open
1198366,10093,open
1198463,10094,open
1198563,10095,open
1198674,10096,open
1198777,10097,open
1198879,10098,open
1198982,10099,open
1199084,10100,open
1199183,10101,open
1199283,10102,open
1199382,10103,open
1199488,10104,open
1199587,10105,open
1199691,10106,open
1199790,10107,open
1199890,10108,open
1199990,10109,open
1200107,10110,open
1200207,10111,open
1200306,10112,open
1200408,10113,open
1200510,10114,open
1200609,10115,open
1200708,10116,open
1200814,10117,open
1200917,10118,open
1201018,10119,open
1201117,10120,open
1201218,10121,open
1201317,10122,open
1201418,10123,open
1201518,10124,open
1201623,10125,open
1201723,10126,open
1201824,10127,open
1201925,10128,open
1202026,10129,open
1202126,10130,open
1202226,10131,open
1202331,10132,open
1202431,10133,open
1202529,10134,open
1202630,10135,open
1202732,10136,open
1202832,10137,open
1202936,10138,open
1203036,10139,open
1203156,10140,open
1203256,10141,open
1203356,10142,open
1203457,10143,open
1203560,10144,open
1203667,10145,open
1203767,10146,open
1203868,10147,open
1203967,10148,open
1204068,10149,open
1204167,10150,open
1204267,10151,open
1204366,10152,open
1204464,10153,open
1204566,10154,open
1204665,10155,open
1204768,10156,open
1204868,10157,open
1204968,10158,open
1205069,10159,open
1205173,10160,open
1205275,10161,open
1205376,10162,open
1205476,10163,open
1205577,10164,open
1205678,10165,open
1205779,10166,open
1205886,10167,open
1205988,10168,open
1206088,10169,open
1206202,10170,open
1206305,10171,open
1206408,10172,open
1206514,10173,open
1206618,10174,open
1206719,10175,open
1206819,10176,open
1206919,10177,open
1207018,10178,open
1207118,10179,open
1207218,10180,open
1207327,10181,open
1207427,10182,open
1207526,10183,open
1207628,10184,open
1207735,10185,open
1207837,10186,open
1207937,10187,open
1208043,10188,open
1208143,10189,open
1208242,10190,open
1208341,10191,open
1208441,10192,open
1208544,10193,open
1208643,10194,open
1208753,10195,open
1208854,10196,open
1208954,10197,open
1209053,10198,open
1209152,10199,open
1209264,10200,open
1209363,10201,open
1209467,10202,open
1209557,10203,open
1209660,10204,open
1209761,10205,open
1209861,10206,open
1209960,10207,open
1210063,10208,open
1210168,10209,open
1210269,10210,closed
1210381,10211,open
