timestamp_ms,frame_idx,state
76323,0,unsure
76426,1,unsure
76537,2,unsure
76635,3,unsure
76739,4,unsure
76837,5,unsure
76935,6,unsure
77037,7,unsure
77138,8,unsure
77235,9,unsure
77332,10,unsure
77436,11,unsure
77534,12,unsure
77631,13,unsure
77729,14,unsure
77827,15,unsure
77924,16,unsure
78012,17,unsure
78103,18,unsure
78199,19,unsure
78295,20,unsure
78392,21,unsure
78489,22,unsure
78587,23,unsure
78684,24,unsure
78784,25,unsure
78883,26,unsure
78981,27,unsure
79078,28,unsure
79175,29,unsure
79280,30,unsure
79376,31,unsure
79478,32,unsure
79575,33,unsure
79673,34,unsure
79770,35,unsure
79867,36,unsure
79964,37,unsure
80060,38,unsure
80157,39,unsure
80260,40,unsure
80356,41,unsure
80453,42,unsure
80551,43,unsure
80647,44,unsure
80745,45,unsure
80843,46,unsure
80946,47,unsure
81042,48,unsure
81139,49,unsure
81236,50,unsure
81331,51,unsure
81430,52,unsure
81532,53,unsure
81634,54,unsure
81729,55,unsure
81826,56,unsure
81923,57,unsure
82019,58,unsure
82114,59,unsure
82226,60,unsure
82323,61,unsure
82419,62,unsure
82516,63,unsure
82611,64,unsure
82708,65,unsure
82803,66,unsure
82903,67,unsure
83001,68,unsure
83099,69,unsure
83204,70,unsure
83299,71,unsure
83395,72,unsure
83492,73,unsure
83599,74,unsure
83695,75,unsure
83791,76,unsure
83888,77,unsure
83985,78,unsure
84081,79,unsure
84178,80,unsure
84280,81,unsure
84382,82,unsure
84480,83,unsure
84586,84,unsure
84679,85,unsure
84776,86,unsure
84876,87,unsure
84974,88,unsure
85070,89,unsure
85176,90,unsure
85272,91,unsure
85373,92,unsure
85469,93,unsure
85571,94,unsure
85668,95,unsure
85764,96,unsure
85861,97,unsure
85957,98,unsure
86054,99,unsure
86150,100,unsure
86246,101,unsure
86348,102,unsure
86446,103,unsure
86543,104,unsure
86639,105,unsure
86735,106,unsure
86832,107,unsure
86928,108,unsure
87030,109,unsure
87136,110,unsure
87231,111,unsure
87327,112,unsure
87424,113,unsure
87522,114,unsure
87623,115,unsure
87723,116,unsure
87821,117,unsure
87918,118,unsure
88015,119,unsure
88122,120,unsure
88218,121,unsure
88320,122,unsure
88417,123,unsure
88514,124,unsure
88610,125,unsure
88715,126,unsure
88809,127,unsure
88919,128,unsure
89018,129,unsure
89115,130,unsure
89212,131,unsure
89309,132,unsure
89406,133,unsure
89504,134,unsure
89600,135,unsure
89703,136,unsure
89801,137,unsure
89898,138,unsure
89994,139,unsure
90091,140,unsure
90188,141,unsure
90285,142,unsure
90386,143,unsure
90483,144,unsure
90581,145,unsure
90678,146,unsure
90774,147,unsure
90871,148,unsure
90975,149,unsure
91081,150,unsure
91177,151,unsure
91274,152,unsure
91369,153,unsure
91471,154,unsure
91574,155,unsure
91669,156,unsure
91767,157,unsure
91863,158,unsure
91960,159,unsure
92057,160,unsure
92155,161,unsure
92252,162,unsure
92355,163,unsure
92453,164,unsure
92551,165,unsure
92648,166,unsure
92746,167,unsure
92843,168,unsure
92939,169,unsure
93051,170,unsure
93147,171,unsure
93243,172,unsure
93340,173,unsure
93437,174,unsure
93562,175,unsure
93675,176,unsure
93775,177,unsure
93875,178,unsure
93975,179,unsure
94086,180,unsure
94186,181,unsure
94292,182,unsure
94389,183,unsure
94489,184,unsure
94589,185,unsure
94692,186,unsure
94793,187,unsure
94903,188,unsure
95007,189,unsure
95110,190,unsure
95211,191,unsure
95310,192,unsure
95412,193,unsure
95512,194,unsure
95616,195,unsure
95724,196,unsure
95825,197,unsure
95926,198,unsure
96027,199,unsure
96128,200,unsure
96229,201,unsure
96329,202,unsure
96435,203,unsure
96540,204,open
96642,205,open
96743,206,open
96844,207,open
96945,208,open
97051,209,open
97163,210,open
97267,211,open
97367,212,open
97467,213,open
97568,214,open
97673,215,open
97776,216,open
97876,217,open
97975,218,open
98076,219,open
98176,220,open
98276,221,open
98390,222,open
98496,223,open
98597,224,open
98701,225,open
98801,226,open
98902,227,open
99002,228,open
99102,229,open
99209,230,open
99309,231,open
99409,232,open
99514,233,open
99615,234,open
99717,235,open
99825,236,open
99929,237,open
100029,238,open
100130,239,open
100244,240,open
100345,241,open
100444,242,open
100551,243,open
100656,244,open
100757,245,open
100857,246,open
100957,247,open
101057,248,open
101160,249,open
101261,250,open
101366,251,open
101471,252,open
101574,253,open
101677,254,open
101781,255,open
101881,256,open
101980,257,open
102087,258,open
102187,259,open
102287,260,open
102387,261,open
102493,262,open
102594,263,open
102701,264,open
102802,265,open
102902,266,open
103003,267,open
103105,268,open
103209,269,open
103325,270,open
103426,271,open
103527,272,open
103628,273,open
103729,274,open
103830,275,open
103933,276,open
104034,277,closed
104141,278,open
104242,279,open
104342,280,open
104443,281,open
104545,282,open
104647,283,open
104748,284,open
104857,285,open
104958,286,open
105059,287,open
105160,288,open
105261,289,open
105352,290,open
105447,291,open
105548,292,open
105648,293,open
105751,294,open
105853,295,open
105954,296,open
106055,297,open
106164,298,open
106265,299,open
106377,300,open
106478,301,open
106584,302,open
106687,303,open
106788,304,open
106901,305,open
107003,306,open
107104,307,open
107205,308,open
107305,309,open
107398,310,open
107498,311,open
107605,312,open
107707,313,open
107807,314,open
107910,315,open
108011,316,open
108112,317,open
108213,318,open
108318,319,open
108423,320,open
108524,321,open
108624,322,open
108725,323,open
108825,324,open
108932,325,open
109033,326,open
109134,327,open
109236,328,open
109336,329,open
109445,330,open
109552,331,open
109653,332,open
109756,333,open
109857,334,open
109958,335,open
110059,336,open
110160,337,open
110261,338,open
110368,339,open
110468,340,open
110572,341,open
110673,342,open
110774,343,open
110873,344,open
110976,345,open
111085,346,open
111185,347,open
111285,348,open
111386,349,open
111487,350,open
111588,351,open
111688,352,open
111795,353,open
111896,354,open
111996,355,open
112097,356,open
112197,357,open
112296,358,open
112388,359,open
112511,360,open
112612,361,open
112712,362,open
112813,363,open
112915,364,open
113015,365,open
113116,366,open
113224,367,open
113323,368,open
113424,369,open
113524,370,open
113627,371,open
113728,372,open
113829,373,open
113964,374,open
114067,375,open
114169,376,open
114272,377,open
114363,378,open
114458,379,open
114559,380,open
114665,381,open
114767,382,open
114867,383,open
114969,384,open
115068,385,open
115168,386,open
115269,387,open
115373,388,open
115474,389,open
115586,390,open
115685,391,open
115786,392,open
115888,393,open
115993,394,open
116094,395,open
116195,396,open
116294,397,open
116392,398,closed
116492,399,open
116594,400,open
116696,401,open
116803,402,open
116902,403,open
117004,404,open
117108,405,open
117209,406,open
117309,407,open
117413,408,open
117519,409,open
117620,410,open
117720,411,open
117821,412,open
117921,413,open
118026,414,open
118126,415,open
118233,416,open
118332,417,open
118433,418,open
118537,419,open
118650,420,open
118751,421,open
118855,422,open
118959,423,open
119058,424,open
119158,425,open
119257,426,open
119349,427,open
119444,428,open
119550,429,open
119654,430,open
119755,431,open
119855,432,open
119958,433,open
120071,434,closed
120171,435,open
120272,436,open
120376,437,open
120477,438,open
120576,439,open
120677,440,open
120776,441,open
120876,442,open
120976,443,open
121080,444,open
121179,445,open
121279,446,open
121370,447,open
121466,448,open
121573,449,open
121690,450,open
121790,451,open
121891,452,open
121991,453,open
122091,454,open
122191,455,open
122291,456,open
122393,457,open
122493,458,open
122594,459,open
122698,460,open
122799,461,open
122899,462,open
123000,463,open
123100,464,open
123210,465,open
123310,466,open
123415,467,open
123516,468,open
123617,469,open
123718,470,open
123825,471,open
123926,472,open
124028,473,open
124129,474,open
124231,475,open
124331,476,open
124432,477,open
124541,478,open
124644,479,open
124755,480,open
124856,481,open
124959,482,open
125060,483,open
125168,484,open
125269,485,open
125368,486,open
125468,487,open
125569,488,open
125669,489,open
125769,490,open
125870,491,open
125976,492,open
126076,493,closed
126188,494,open
126285,495,open
126385,496,open
126489,497,open
126589,498,open
126696,499,open
126797,500,open
126898,501,open
126999,502,open
127098,503,open
127199,504,open
127298,505,open
127402,506,open
127502,507,open
127606,508,open
127706,509,open
127818,510,open
127919,511,open
128026,512,open
128127,513,open
128238,514,open
128341,515,open
128442,516,open
128543,517,open
128644,518,open
128751,519,open
128851,520,open
128952,521,open
129064,522,closed
129163,523,open
129274,524,open
129374,525,open
129475,526,open
129580,527,open
129680,528,open
129781,529,open
129884,530,open
129985,531,open
130085,532,open
130191,533,open
130291,534,open
130390,535,open
130491,536,open
130592,537,open
130694,538,open
130800,539,open
130913,540,open
131014,541,open
131115,542,open
131216,543,open
131316,544,open
131419,545,open
131523,546,open
131624,547,open
131726,548,open
131826,549,open
131927,550,open
132028,551,open
132129,552,open
132237,553,open
132337,554,open
132439,555,open
132543,556,open
132644,557,open
132745,558,open
132846,559,open
132952,560,open
133053,561,open
133154,562,open
133255,563,open
133357,564,open
133459,565,open
133566,566,open
133668,567,open
133769,568,open
133870,569,open
133984,570,open
134085,571,open
134222,572,open
134321,573,open
134424,574,open
134524,575,open
134623,576,open
134723,577,open
134826,578,open
134925,579,open
135030,580,open
135130,581,open
135230,582,open
135328,583,open
135429,584,open
135533,585,open
135633,586,open
135733,587,open
135837,588,open
135938,589,open
136038,590,open
136144,591,open
136243,592,open
136343,593,open
136452,594,open
136553,595,open
136658,596,open
136758,597,open
136859,598,open
136960,599,open
137080,600,open
137180,601,open
137281,602,open
137381,603,open
137482,604,open
137582,605,open
137683,606,open
137784,607,open
137892,608,open
137992,609,open
138092,610,open
138193,611,open
138292,612,open
138388,613,open
138491,614,open
138598,615,open
138699,616,open
138800,617,open
138899,618,open
139000,619,open
139100,620,open
139201,621,open
139304,622,open
139405,623,open
139506,624,open
139606,625,open
139709,626,open
139810,627,open
139914,628,open
140019,629,open
140132,630,open
140232,631,open
140332,632,closed
140436,633,open
140536,634,open
140637,635,open
140745,636,open
140846,637,open
140948,638,open
141048,639,open
141149,640,open
141250,641,open
141350,642,open
141457,643,open
141562,644,open
141666,645,open
141766,646,open
141880,647,open
141979,648,open
142079,649,open
142186,650,open
142286,651,open
142386,652,open
142486,653,open
142587,654,open
142689,655,open
142789,656,open
142892,657,open
142993,658,open
143094,659,open
143208,660,open
143315,661,open
143410,662,open
143516,663,open
143617,664,open
143717,665,open
143818,666,open
143919,667,open
144019,668,open
144119,669,open
144220,670,open
144321,671,open
144415,672,open
144516,673,open
144619,674,open
144722,675,open
144822,676,open
144923,677,open
145029,678,open
145130,679,open
145231,680,open
145330,681,open
145431,682,open
145532,683,open
145637,684,open
145742,685,open
145843,686,open
145943,687,open
146045,688,open
146146,689,open
146258,690,open
146355,691,open
146454,692,open
146554,693,open
146655,694,open
146757,695,open
146862,696,open
146963,697,open
147071,698,open
147172,699,open
147273,700,open
147372,701,open
147474,702,open
147579,703,open
147679,704,open
147789,705,open
147890,706,open
147991,707,closed
148104,708,open
148203,709,open
148304,710,open
148412,711,open
148513,712,open
148615,713,open
148716,714,open
148817,715,open
148921,716,open
149022,717,open
149133,718,open
149234,719,open
149344,720,open
149444,721,open
149545,722,open
149646,723,open
149747,724,open
149854,725,open
149955,726,open
150056,727,open
150157,728,open
150257,729,open
150357,730,open
150458,731,open
150567,732,open
150669,733,open
150770,734,open
150874,735,open
150974,736,open
151075,737,open
151176,738,open
151281,739,open
151388,740,open
151489,741,open
151589,742,open
151689,743,open
151790,744,open
151890,745,open
151997,746,open
152098,747,open
152200,748,open
152300,749,open
152406,750,open
152509,751,open
152616,752,open
152716,753,open
152819,754,open
152920,755,open
153021,756,open
153121,757,open
153222,758,open
153322,759,open
153425,760,open
153526,761,open
153632,762,open
153732,763,open
153833,764,open
153934,765,open
154035,766,open
154141,767,open
154242,768,open
154355,769,open
154456,770,open
154557,771,open
154691,772,open
154801,773,open
154902,774,open
155002,775,open
155102,776,open
155202,777,open
155303,778,open
155404,779,open
155524,780,open
155627,781,open
155730,782,open
155833,783,open
155933,784,open
156034,785,open
156134,786,open
156238,787,open
156338,788,open
156439,789,open
156542,790,open
156647,791,open
156748,792,open
156848,793,open
156955,794,open
157059,795,open
157160,796,open
157261,797,open
157356,798,closed
157451,799,open
157553,800,open
157658,801,open
157762,802,open
157863,803,open
157963,804,open
158064,805,open
158164,806,open
158263,807,open
158369,808,open
158472,809,open
158588,810,open
158688,811,open
158789,812,open
158893,813,open
158997,814,open
159100,815,open
159200,816,open
159298,817,open
159389,818,open
159489,819,open
159591,820,open
159698,821,open
159799,822,open
159898,823,open
159999,824,open
160103,825,open
160205,826,open
160304,827,open
160415,828,open
160516,829,open
160615,830,open
160716,831,open
160816,832,open
160917,833,open
161018,834,open
161121,835,open
161222,836,open
161322,837,open
161421,838,open
161525,839,open
161641,840,open
161748,841,open
161848,842,open
161950,843,open
162049,844,open
162150,845,open
162252,846,open
162351,847,open
162451,848,open
162558,849,open
162661,850,open
162761,851,open
162860,852,open
162962,853,open
163062,854,open
163161,855,open
163263,856,open
163368,857,open
163469,858,open
163570,859,open
163670,860,open
163771,861,open
163872,862,open
163979,863,open
164079,864,open
164180,865,open
164281,866,open
164385,867,open
164486,868,open
164590,869,open
164712,870,open
164813,871,open
164916,872,open
165017,873,open
165117,874,open
165219,875,open
165319,876,open
165421,877,open
165521,878,open
165622,879,open
165723,880,open
165824,881,open
165923,882,open
166024,883,open
166130,884,open
166235,885,open
166337,886,open
166442,887,open
166543,888,open
166643,889,open
166746,890,open
166853,891,open
166953,892,open
167054,893,open
167155,894,open
167256,895,open
167357,896,open
167463,897,open
167568,898,open
167672,899,open
167787,900,open
167889,901,open
167989,902,open
168090,903,open
168201,904,open
168304,905,open
168408,906,open
168510,907,open
168610,908,open
168715,909,open
168816,910,open
168923,911,open
169023,912,open
169124,913,open
169226,914,open
169328,915,open
169431,916,open
169532,917,open
169640,918,open
169740,919,open
169842,920,open
169943,921,open
170044,922,open
170143,923,open
170244,924,open
170350,925,open
170451,926,open
170552,927,open
170653,928,open
170754,929,open
170868,930,open
170978,931,open
171079,932,open
171180,933,open
171282,934,open
171376,935,open
171477,936,open
171577,937,open
171685,938,open
171786,939,open
171887,940,open
171989,941,open
172089,942,open
172190,943,open
172290,944,open
172396,945,open
172503,946,open
172603,947,open
172704,948,open
172805,949,open
172906,950,open
173007,951,open
173113,952,open
173214,953,open
173312,954,open
173404,955,open
173513,956,open
173614,957,open
173715,958,open
173822,959,open
173936,960,open
174037,961,open
174139,962,open
174240,963,open
174345,964,open
174451,965,open
174552,966,open
174652,967,open
174752,968,open
174853,969,open
174953,970,open
175052,971,open
175184,972,open
175286,973,open
175387,974,open
175491,975,open
175591,976,open
175691,977,open
175790,978,open
175890,979,open
175996,980,open
176096,981,open
176196,982,open
176294,983,open
176393,984,open
176495,985,open
176599,986,open
176705,987,open
176806,988,open
176909,989,open
177023,990,open
177124,991,open
177225,992,open
177329,993,open
177430,994,open
177530,995,open
177631,996,open
177737,997,open
177838,998,open
177939,999,open
178039,1000,open
178145,1001,open
178245,1002,open
178339,1003,open
178432,1004,open
178535,1005,open
178634,1006,open
178734,1007,open
178839,1008,open
178939,1009,open
179039,1010,open
179138,1011,open
179238,1012,open
179344,1013,open
179453,1014,open
179552,1015,closed
179656,1016,closed
179767,1017,closed
179865,1018,closed
179965,1019,closed
180078,1020,closed
180182,1021,open
180288,1022,open
180380,1023,open
180480,1024,open
180582,1025,open
180682,1026,open
180783,1027,open
180891,1028,open
180990,1029,open
181091,1030,open
181192,1031,open
181291,1032,open
181389,1033,open
181490,1034,open
181599,1035,open
181700,1036,open
181801,1037,open
181902,1038,open
182002,1039,open
182103,1040,open
182204,1041,closed
182308,1042,open
182410,1043,open
182510,1044,open
182609,1045,open
182712,1046,open
182811,1047,open
182913,1048,open
183017,1049,open
183129,1050,open
183229,1051,open
183331,1052,open
183432,1053,open
183533,1054,open
183639,1055,open
183739,1056,open
183840,1057,open
183944,1058,open
184045,1059,closed
184145,1060,closed
184244,1061,open
184344,1062,open
184450,1063,open
184554,1064,open
184658,1065,open
184758,1066,open
184858,1067,open
184958,1068,open
185059,1069,open
185165,1070,open
185266,1071,open
185358,1072,open
185454,1073,open
185554,1074,open
185654,1075,open
185755,1076,open
185873,1077,open
185972,1078,open
186077,1079,open
186190,1080,open
186290,1081,open
186389,1082,open
186493,1083,open
186594,1084,open
186695,1085,open
186795,1086,open
186896,1087,open
186998,1088,open
187099,1089,open
187202,1090,open
187301,1091,open
187393,1092,open
187493,1093,open
187595,1094,open
187699,1095,open
187803,1096,open
187909,1097,open
188009,1098,open
188110,1099,open
188211,1100,open
188312,1101,open
188412,1102,open
188515,1103,open
188623,1104,open
188728,1105,open
188829,1106,open
188929,1107,open
189030,1108,open
189131,1109,open
189248,1110,open
189348,1111,open
189453,1112,open
189554,1113,open
189656,1114,open
189757,1115,open
189858,1116,open
189959,1117,open
190066,1118,closed
190166,1119,open
190265,1120,open
190365,1121,open
190465,1122,open
190569,1123,open
190673,1124,open
190779,1125,open
190879,1126,open
190980,1127,open
191081,1128,open
191182,1129,open
191281,1130,open
191387,1131,open
191493,1132,open
191594,1133,closed
191710,1134,open
191807,1135,open
191908,1136,open
192008,1137,open
192117,1138,open
192219,1139,open
192330,1140,open
192430,1141,open
192529,1142,open
192629,1143,open
192728,1144,open
192837,1145,open
192937,1146,open
193036,1147,open
193138,1148,open
193237,1149,open
193337,1150,open
193437,1151,open
193543,1152,open
193647,1153,open
193746,1154,open
193847,1155,open
193947,1156,open
194047,1157,open
194148,1158,open
194249,1159,open
194354,1160,open
194455,1161,open
194556,1162,open
194678,1163,open
194793,1164,open
194894,1165,open
194998,1166,open
195099,1167,open
195199,1168,open
195299,1169,open
195407,1170,open
195511,1171,open
195641,1172,open
195745,1173,open
195845,1174,open
195945,1175,open
196044,1176,open
196143,1177,open
196243,1178,open
196341,1179,open
196446,1180,open
196546,1181,open
196647,1182,open
196746,1183,open
196846,1184,open
196947,1185,open
197047,1186,open
197147,1187,open
197254,1188,open
197352,1189,open
197457,1190,open
197556,1191,open
197658,1192,open
197758,1193,open
197859,1194,open
197962,1195,open
198061,1196,open
198161,1197,open
198262,1198,open
198362,1199,open
198470,1200,open
198579,1201,open
198679,1202,open
198780,1203,open
198881,1204,open
198980,1205,open
199080,1206,open
199179,1207,open
199281,1208,open
199393,1209,closed
199508,1210,open
199608,1211,open
199709,1212,open
199808,1213,open
199908,1214,open
200008,1215,open
200125,1216,open
200223,1217,closed
200318,1218,closed
200408,1219,open
200512,1220,open
200613,1221,open
200721,1222,open
200823,1223,open
200922,1224,open
201022,1225,open
201121,1226,open
201221,1227,open
201320,1228,open
201428,1229,open
201535,1230,open
201639,1231,open
201740,1232,open
201841,1233,open
201942,1234,open
202043,1235,open
202150,1236,open
202251,1237,open
202353,1238,open
202447,1239,open
202548,1240,open
202649,1241,open
202751,1242,open
202859,1243,open
202959,1244,open
203059,1245,open
203159,1246,open
203259,1247,open
203358,1248,open
203460,1249,open
203566,1250,open
203666,1251,open
203765,1252,open
203866,1253,open
203966,1254,open
204066,1255,open
204165,1256,open
204271,1257,open
204371,1258,open
204471,1259,open
204585,1260,open
204684,1261,open
204785,1262,open
204891,1263,open
204994,1264,open
205095,1265,open
205196,1266,open
205296,1267,open
205393,1268,open
205494,1269,open
205602,1270,open
205704,1271,open
205805,1272,open
205908,1273,open
206008,1274,open
206111,1275,open
206212,1276,open
206311,1277,open
206413,1278,open
206518,1279,open
206619,1280,open
206720,1281,open
206820,1282,open
206922,1283,open
207028,1284,open
207129,1285,open
207229,1286,open
207329,1287,open
207429,1288,open
207530,1289,open
207652,1290,open
207753,1291,open
207860,1292,open
207957,1293,open
208057,1294,open
208158,1295,open
208259,1296,open
208364,1297,open
208466,1298,open
208566,1299,closed
208666,1300,open
208770,1301,open
208875,1302,closed
208989,1303,open
209091,1304,open
209193,1305,open
209294,1306,open
209392,1307,open
209496,1308,open
209598,1309,open
209699,1310,open
209806,1311,open
209906,1312,open
210008,1313,open
210109,1314,open
210209,1315,closed
210317,1316,open
210419,1317,open
210519,1318,open
210622,1319,open
210732,1320,open
210833,1321,open
210934,1322,open
211038,1323,open
211144,1324,open
211245,1325,open
211345,1326,open
211446,1327,open
211547,1328,open
211647,1329,open
211748,1330,closed
211867,1331,open
211966,1332,open
212067,1333,open
212172,1334,open
212279,1335,open
212385,1336,open
212494,1337,open
212595,1338,open
212696,1339,open
212797,1340,open
212898,1341,open
212999,1342,open
213100,1343,open
213207,1344,open
213307,1345,open
213409,1346,open
213511,1347,open
213616,1348,closed
213728,1349,open
213837,1350,open
213937,1351,open
214042,1352,open
214143,1353,open
214244,1354,open
214343,1355,open
214449,1356,open
214550,1357,open
214652,1358,open
214755,1359,open
214856,1360,open
214957,1361,open
215057,1362,open
215158,1363,open
215262,1364,open
215357,1365,open
215452,1366,open
215551,1367,open
215651,1368,open
215750,1369,open
215885,1370,open
215991,1371,open
216090,1372,open
216191,1373,open
216289,1374,open
216387,1375,open
216486,1376,open
216586,1377,open
216694,1378,open
216793,1379,open
216905,1380,open
217005,1381,open
217105,1382,open
217205,1383,open
217308,1384,open
217401,1385,open
217499,1386,open
217600,1387,open
217702,1388,open
217805,1389,open
217906,1390,open
218006,1391,open
218112,1392,open
218213,1393,open
218312,1394,open
218415,1395,closed
218519,1396,open
218618,1397,open
218718,1398,open
218825,1399,open
218924,1400,open
219025,1401,open
219125,1402,open
219226,1403,open
219326,1404,open
219433,1405,open
219532,1406,open
219633,1407,open
219734,1408,open
219833,1409,open
219945,1410,open
220052,1411,open
220158,1412,open
220258,1413,open
220358,1414,open
220463,1415,open
220563,1416,open
220664,1417,open
220766,1418,closed
220872,1419,open
220973,1420,open
221073,1421,open
221173,1422,open
221272,1423,open
221372,1424,open
221476,1425,open
221585,1426,open
221686,1427,open
221787,1428,open
221887,1429,open
221988,1430,open
222089,1431,open
222190,1432,open
222296,1433,open
222388,1434,open
222490,1435,open
222591,1436,open
222692,1437,open
222791,1438,open
222895,1439,closed
223018,1440,open
223112,1441,open
223212,1442,open
223311,1443,open
223415,1444,open
223514,1445,open
223621,1446,open
223721,1447,open
223821,1448,open
223921,1449,open
224021,1450,open
224121,1451,open
224220,1452,open
224316,1453,open
224414,1454,open
224516,1455,closed
224628,1456,open
224725,1457,open
224827,1458,open
224931,1459,open
225038,1460,open
225138,1461,open
225238,1462,open
225338,1463,open
225440,1464,open
225540,1465,open
225653,1466,open
225753,1467,open
225854,1468,open
225955,1469,open
226069,1470,open
226173,1471,open
226274,1472,open
226383,1473,open
226484,1474,open
226586,1475,open
226687,1476,open
226790,1477,open
226892,1478,open
226998,1479,open
227105,1480,open
227207,1481,open
227309,1482,open
227413,1483,open
227517,1484,open
227619,1485,open
227721,1486,open
227829,1487,open
227931,1488,open
228035,1489,open
228139,1490,open
228240,1491,open
228341,1492,open
228453,1493,open
228557,1494,open
228660,1495,open
228761,1496,open
228863,1497,open
228965,1498,open
229066,1499,open
229183,1500,open
229284,1501,open
229381,1502,closed
229481,1503,open
229581,1504,open
229682,1505,open
229782,1506,open
229883,1507,open
229990,1508,open
230090,1509,open
230191,1510,open
230289,1511,open
230381,1512,open
230479,1513,open
230584,1514,open
230685,1515,open
230787,1516,open
230886,1517,open
230987,1518,open
231088,1519,open
231189,1520,open
231290,1521,open
231391,1522,open
231493,1523,open
231598,1524,open
231699,1525,open
231799,1526,open
231900,1527,open
232000,1528,open
232103,1529,open
232219,1530,open
232320,1531,open
232412,1532,open
232513,1533,open
232614,1534,open
232722,1535,open
232823,1536,open
232922,1537,open
233024,1538,open
233127,1539,open
233226,1540,open
233326,1541,open
233436,1542,open
233536,1543,open
233635,1544,open
233738,1545,open
233837,1546,open
233940,1547,open
234039,1548,open
234145,1549,open
234244,1550,open
234344,1551,open
234444,1552,open
234549,1553,open
234648,1554,open
234748,1555,open
234854,1556,open
234955,1557,open
235054,1558,open
235154,1559,open
235266,1560,open
235370,1561,open
235474,1562,open
235573,1563,open
235673,1564,open
235775,1565,open
235875,1566,open
235974,1567,open
236113,1568,open
236215,1569,open
236313,1570,open
236413,1571,open
236514,1572,open
236614,1573,open
236713,1574,open
236821,1575,open
236923,1576,open
237023,1577,open
237122,1578,open
237222,1579,open
237317,1580,open
237409,1581,open
237520,1582,open
237621,1583,open
237722,1584,open
237821,1585,open
237921,1586,open
238022,1587,open
238122,1588,open
238229,1589,open
238342,1590,open
238445,1591,open
238545,1592,open
238645,1593,open
238746,1594,open
238846,1595,open
238953,1596,open
239053,1597,open
239166,1598,open
239265,1599,open
239357,1600,open
239454,1601,open
239558,1602,open
239663,1603,open
239764,1604,open
239870,1605,open
239970,1606,open
240071,1607,open
240170,1608,open
240270,1609,open
240375,1610,open
240474,1611,open
240575,1612,closed
240689,1613,open
240787,1614,open
240886,1615,open
240993,1616,open
241096,1617,open
241196,1618,open
241294,1619,open
241397,1620,open
241500,1621,open
241601,1622,open
241705,1623,open
241804,1624,open
241903,1625,open
242003,1626,open
242103,1627,open
242205,1628,open
242304,1629,open
242413,1630,open
242512,1631,open
242616,1632,open
242715,1633,open
242816,1634,open
242916,1635,open
243019,1636,open
243119,1637,open
243225,1638,open
243325,1639,open
243426,1640,open
243526,1641,open
243625,1642,open
243726,1643,open
243825,1644,open
243930,1645,open
244030,1646,open
244129,1647,open
244229,1648,open
244325,1649,open
244430,1650,open
244537,1651,open
244637,1652,closed
244736,1653,open
244838,1654,open
244938,1655,open
245037,1656,open
245143,1657,open
245243,1658,open
245348,1659,open
245447,1660,open
245547,1661,open
245650,1662,open
245749,1663,open
245848,1664,open
245949,1665,open
246052,1666,open
246160,1667,open
246260,1668,open
246351,1669,open
246446,1670,open
246546,1671,open
246645,1672,open
246751,1673,open
246856,1674,open
246956,1675,open
247056,1676,open
247157,1677,open
247257,1678,open
247356,1679,open
247473,1680,open
247572,1681,open
247674,1682,open
247774,1683,open
247875,1684,open
247975,1685,open
248076,1686,open
248176,1687,open
248285,1688,open
248387,1689,closed
248487,1690,open
248587,1691,open
248688,1692,open
248788,1693,open
248888,1694,open
248989,1695,open
249097,1696,open
249196,1697,open
249297,1698,open
249394,1699,open
249494,1700,open
249595,1701,open
249700,1702,open
249802,1703,open
249911,1704,open
250012,1705,open
250112,1706,open
250213,1707,open
250318,1708,open
250419,1709,open
250529,1710,open
250629,1711,open
250733,1712,open
250836,1713,open
250936,1714,open
251042,1715,open
251142,1716,open
251242,1717,open
251336,1718,open
251430,1719,open
251530,1720,open
251631,1721,open
251730,1722,open
251837,1723,open
251937,1724,open
252036,1725,open
252140,1726,open
252239,1727,open
252339,1728,open
252438,1729,open
252545,1730,open
252646,1731,open
252745,1732,open
252847,1733,open
252946,1734,open
253047,1735,open
253146,1736,open
253252,1737,open
253344,1738,open
253438,1739,open
253546,1740,open
253646,1741,open
253753,1742,open
253853,1743,open
253960,1744,open
254061,1745,open
254162,1746,open
254262,1747,open
254363,1748,open
254466,1749,open
254567,1750,open
254674,1751,open
254775,1752,open
254876,1753,open
254977,1754,open
255079,1755,open
255180,1756,open
255280,1757,open
255390,1758,open
255491,1759,open
255594,1760,open
255694,1761,open
255795,1762,open
255897,1763,open
255998,1764,open
256106,1765,open
256207,1766,open
256307,1767,open
256408,1768,open
256509,1769,open
256624,1770,open
256734,1771,open
256864,1772,open
256965,1773,open
257068,1774,open
257168,1775,open
257268,1776,open
257367,1777,open
257476,1778,open
257579,1779,open
257679,1780,open
257779,1781,open
257879,1782,open
257979,1783,open
258079,1784,open
258179,1785,open
258285,1786,open
258386,1787,open
258485,1788,open
258589,1789,open
258690,1790,open
258792,1791,open
258897,1792,open
258999,1793,open
259101,1794,open
259201,1795,open
259301,1796,open
259397,1797,open
259502,1798,open
259603,1799,open
259718,1800,open
259819,1801,open
259920,1802,open
260021,1803,open
260124,1804,open
260231,1805,open
260331,1806,open
260435,1807,open
260537,1808,open
260637,1809,open
260738,1810,open
260839,1811,open
260946,1812,open
261047,1813,open
261147,1814,open
261246,1815,open
261340,1816,open
261434,1817,open
261538,1818,open
261645,1819,open
261744,1820,open
261845,1821,open
261945,1822,open
262046,1823,open
262145,1824,open
262246,1825,open
262354,1826,open
262455,1827,open
262556,1828,open
262660,1829,open
262774,1830,open
262874,1831,open
262983,1832,open
263085,1833,open
263186,1834,open
263290,1835,open
263381,1836,open
263480,1837,open
263582,1838,open
263689,1839,open
263793,1840,open
263894,1841,open
263995,1842,open
264095,1843,open
264195,1844,open
264294,1845,open
264397,1846,open
264502,1847,open
264601,1848,open
264700,1849,open
264800,1850,open
264900,1851,open
265000,1852,open
265106,1853,open
265206,1854,open
265306,1855,open
265405,1856,open
265505,1857,open
265607,1858,open
265706,1859,open
265824,1860,open
265923,1861,open
266027,1862,open
266126,1863,open
266227,1864,open
266329,1865,open
266432,1866,open
266537,1867,open
266637,1868,open
266738,1869,open
266839,1870,open
266941,1871,open
267043,1872,open
267143,1873,open
267244,1874,open
267351,1875,open
267451,1876,open
267556,1877,open
267656,1878,open
267757,1879,open
267858,1880,open
267962,1881,open
268063,1882,open
268165,1883,open
268266,1884,open
268366,1885,open
268466,1886,open
268569,1887,open
268680,1888,open
268782,1889,open
268896,1890,open
268996,1891,open
269097,1892,open
269198,1893,open
269305,1894,open
269409,1895,open
269511,1896,open
269612,1897,open
269713,1898,open
269813,1899,open
269914,1900,open
270015,1901,open
270120,1902,open
270221,1903,open
270321,1904,open
270426,1905,open
270533,1906,open
270634,1907,open
270742,1908,open
270843,1909,open
270944,1910,open
271044,1911,open
271145,1912,open
271246,1913,open
271346,1914,open
271452,1915,open
271553,1916,open
271659,1917,open
271758,1918,open
271858,1919,open
271971,1920,open
272077,1921,open
272178,1922,open
272278,1923,open
272386,1924,open
272487,1925,open
272588,1926,open
272689,1927,open
272797,1928,open
272898,1929,open
272999,1930,open
273098,1931,open
273200,1932,open
273300,1933,open
273400,1934,open
273508,1935,open
273610,1936,open
273709,1937,closed
273810,1938,open
273911,1939,open
274013,1940,open
274114,1941,open
274213,1942,open
274316,1943,open
274417,1944,open
274519,1945,open
274623,1946,open
274724,1947,open
274825,1948,open
274932,1949,open
275046,1950,open
275147,1951,open
275248,1952,open
275342,1953,open
275437,1954,open
275546,1955,open
275647,1956,open
275752,1957,open
275853,1958,open
275954,1959,open
276055,1960,open
276155,1961,closed
276256,1962,open
276362,1963,open
276466,1964,open
276570,1965,open
276671,1966,open
276770,1967,open
276870,1968,open
276969,1969,open
277108,1970,open
277207,1971,open
277305,1972,open
277396,1973,open
277495,1974,open
277596,1975,open
277702,1976,open
277811,1977,open
277910,1978,open
278016,1979,open
278128,1980,open
278229,1981,open
278335,1982,open
278438,1983,open
278539,1984,open
278639,1985,open
278738,1986,open
278838,1987,open
278941,1988,open
279042,1989,open
279149,1990,open
279250,1991,open
279350,1992,open
279451,1993,open
279556,1994,open
279658,1995,open
279758,1996,open
279865,1997,open
279966,1998,open
280067,1999,open
280167,2000,open
280266,2001,open
280366,2002,open
280474,2003,open
280577,2004,open
280681,2005,open
280781,2006,open
280883,2007,open
280985,2008,open
281087,2009,open
281205,2010,open
281305,2011,open
281415,2012,open
281515,2013,open
281615,2014,open
281715,2015,open
281816,2016,open
281922,2017,open
282023,2018,open
282124,2019,open
282225,2020,open
282321,2021,open
282415,2022,open
282515,2023,open
282624,2024,open
282728,2025,open
282833,2026,open
282934,2027,open
283035,2028,open
283137,2029,open
283238,2030,open
283344,2031,open
283444,2032,open
283547,2033,open
283648,2034,open
283749,2035,open
283850,2036,open
283959,2037,open
284060,2038,open
284161,2039,open
284274,2040,open
284366,2041,open
284463,2042,open
284568,2043,open
284672,2044,open
284773,2045,open
284874,2046,open
284974,2047,open
285074,2048,open
285174,2049,open
285274,2050,open
285379,2051,open
285481,2052,open
285581,2053,open
285681,2054,open
285785,2055,open
285886,2056,open
285987,2057,open
286094,2058,open
286195,2059,open
286296,2060,open
286395,2061,open
286500,2062,open
286601,2063,open
286709,2064,open
286808,2065,open
286909,2066,open
287011,2067,open
287112,2068,open
287213,2069,open
287324,2070,open
287425,2071,open
287526,2072,open
287631,2073,open
287734,2074,open
287835,2075,open
287936,2076,open
288037,2077,open
288143,2078,open
288244,2079,open
288344,2080,open
288445,2081,open
288546,2082,open
288647,2083,open
288752,2084,open
288861,2085,open
288962,2086,open
289063,2087,open
289164,2088,open
289265,2089,open
289358,2090,open
289455,2091,open
289562,2092,open
289664,2093,open
289765,2094,open
289867,2095,open
289968,2096,open
290069,2097,open
290170,2098,open
290278,2099,open
290395,2100,open
290495,2101,open
290602,2102,open
290703,2103,open
290803,2104,open
290908,2105,open
291009,2106,open
291110,2107,open
291210,2108,open
291309,2109,open
291402,2110,open
291503,2111,open
291607,2112,open
291716,2113,open
291817,2114,open
291918,2115,open
292019,2116,open
292120,2117,open
292220,2118,open
292320,2119,open
292425,2120,open
292525,2121,open
292626,2122,open
292727,2123,open
292827,2124,open
292928,2125,open
293029,2126,open
293134,2127,open
293234,2128,open
293334,2129,open
293442,2130,open
293547,2131,open
293648,2132,open
293754,2133,open
293857,2134,open
293958,2135,open
294058,2136,open
294159,2137,open
294259,2138,open
294359,2139,open
294466,2140,open
294567,2141,open
294673,2142,open
294772,2143,open
294872,2144,open
294972,2145,open
295072,2146,open
295172,2147,open
295278,2148,open
295387,2149,open
295489,2150,open
295590,2151,open
295689,2152,open
295790,2153,open
295889,2154,open
295995,2155,open
296098,2156,open
296200,2157,open
296299,2158,open
296390,2159,open
296502,2160,open
296613,2161,open
296714,2162,open
296814,2163,open
296915,2164,open
297015,2165,open
297116,2166,open
297215,2167,open
297327,2168,open
297458,2169,open
297559,2170,open
297662,2171,open
297765,2172,open
297865,2173,open
297965,2174,open
298064,2175,open
298171,2176,open
298271,2177,open
298362,2178,open
298458,2179,open
298559,2180,open
298658,2181,open
298764,2182,open
298865,2183,open
298964,2184,open
299064,2185,open
299163,2186,open
299265,2187,open
299365,2188,open
299475,2189,open
299588,2190,open
299692,2191,open
299793,2192,open
299893,2193,open
299994,2194,open
300094,2195,open
300201,2196,open
300302,2197,open
300406,2198,open
300507,2199,open
300606,2200,open
300706,2201,open
300807,2202,open
300909,2203,open
301013,2204,open
301115,2205,open
301217,2206,open
301319,2207,open
301419,2208,open
301523,2209,open
301630,2210,open
301731,2211,open
301832,2212,open
301933,2213,open
302033,2214,open
302134,2215,open
302235,2216,open
302413,2217,open
302513,2218,open
302613,2219,open
302726,2220,open
302828,2221,open
302927,2222,open
303028,2223,open
303148,2224,open
303252,2225,open
303344,2226,open
303439,2227,open
303541,2228,open
303642,2229,open
303742,2230,open
303843,2231,open
303950,2232,open
304050,2233,open
304151,2234,open
304255,2235,open
304356,2236,open
304458,2237,open
304559,2238,open
304665,2239,open
304764,2240,open
304865,2241,open
304966,2242,open
305067,2243,open
305167,2244,open
305267,2245,open
305364,2246,open
305463,2247,open
305566,2248,open
305665,2249,open
305779,2250,open
305884,2251,open
305983,2252,open
306087,2253,open
306187,2254,open
306287,2255,open
306386,2256,open
306490,2257,open
306591,2258,open
306696,2259,open
306797,2260,open
306899,2261,open
307000,2262,open
307100,2263,open
307201,2264,open
307303,2265,open
307411,2266,open
307511,2267,open
307616,2268,open
307717,2269,open
307818,2270,open
307918,2271,open
308019,2272,open
308126,2273,open
308226,2274,open
308326,2275,open
308429,2276,open
308531,2277,open
308634,2278,open
308739,2279,open
308856,2280,open
308957,2281,open
309058,2282,open
309160,2283,open
309261,2284,open
309360,2285,open
309472,2286,open
309573,2287,open
309674,2288,open
309775,2289,open
309875,2290,open
309977,2291,open
310078,2292,open
310180,2293,open
310287,2294,open
310391,2295,open
310492,2296,open
310596,2297,open
310698,2298,open
310800,2299,open
310908,2300,open
311010,2301,open
311111,2302,open
311211,2303,open
311309,2304,open
311402,2305,open
311504,2306,open
311612,2307,open
311717,2308,open
311817,2309,open
311929,2310,open
312033,2311,open
312137,2312,open
312244,2313,open
312343,2314,open
312446,2315,open
312547,2316,open
312646,2317,closed
312747,2318,closed
312846,2319,open
312945,2320,open
313052,2321,open
313151,2322,open
313252,2323,open
313345,2324,open
313438,2325,open
313542,2326,open
313642,2327,open
313748,2328,open
313849,2329,open
313949,2330,open
314050,2331,open
314152,2332,open
314252,2333,open
314351,2334,open
314452,2335,open
314555,2336,open
314656,2337,open
314760,2338,open
314861,2339,open
314971,2340,open
315080,2341,open
315181,2342,open
315284,2343,open
315387,2344,open
315490,2345,open
315591,2346,open
315691,2347,open
315799,2348,open
315899,2349,open
316000,2350,open
316102,2351,open
316203,2352,open
316303,2353,open
316402,2354,open
316505,2355,open
316615,2356,open
316716,2357,closed
316815,2358,open
316915,2359,open
317015,2360,open
317114,2361,open
317216,2362,open
317323,2363,open
317426,2364,open
317527,2365,open
317628,2366,open
317733,2367,closed
317833,2368,closed
317934,2369,open
318047,2370,open
318182,2371,open
318283,2372,open
318376,2373,open
318474,2374,open
318578,2375,open
318684,2376,open
318784,2377,open
318884,2378,open
318984,2379,open
319084,2380,open
319184,2381,open
319284,2382,open
319392,2383,open
319493,2384,open
319597,2385,open
319701,2386,open
319801,2387,open
319901,2388,open
320002,2389,open
320107,2390,open
320208,2391,closed
320310,2392,closed
320413,2393,open
320514,2394,open
320615,2395,open
320717,2396,open
320823,2397,open
320925,2398,open
321026,2399,open
321140,2400,open
321240,2401,open
321335,2402,open
321437,2403,open
321540,2404,open
321641,2405,open
321742,2406,open
321843,2407,open
321945,2408,open
322046,2409,open
322147,2410,open
322255,2411,open
322355,2412,open
322454,2413,open
322554,2414,open
322657,2415,open
322757,2416,open
322857,2417,open
322962,2418,open
323063,2419,open
323165,2420,open
323266,2421,open
323366,2422,open
323466,2423,open
323569,2424,open
323670,2425,open
323775,2426,open
323874,2427,open
323974,2428,open
324074,2429,open
324184,2430,open
324289,2431,open
324385,2432,open
324487,2433,open
324588,2434,open
324688,2435,open
324789,2436,open
324889,2437,open
324991,2438,open
325098,2439,open
325198,2440,open
325299,2441,open
325400,2442,open
325500,2443,open
325599,2444,open
325702,2445,open
325810,2446,open
325910,2447,open
326009,2448,open
326110,2449,open
326211,2450,open
326311,2451,open
326428,2452,open
326529,2453,open
326629,2454,open
326733,2455,open
326834,2456,open
326935,2457,open
327036,2458,open
327142,2459,open
327255,2460,open
327356,2461,open
327455,2462,open
327556,2463,open
327658,2464,open
327759,2465,open
327864,2466,open
327964,2467,open
328065,2468,open
328166,2469,open
328266,2470,open
328369,2471,open
328469,2472,open
328577,2473,open
328682,2474,open
328783,2475,open
328885,2476,open
328986,2477,open
329086,2478,open
329189,2479,open
329295,2480,open
329398,2481,open
329498,2482,open
329601,2483,open
329702,2484,open
329803,2485,open
329904,2486,open
330011,2487,open
330111,2488,open
330212,2489,open
330328,2490,open
330426,2491,open
330533,2492,open
330640,2493,open
330742,2494,open
330845,2495,open
330946,2496,open
331046,2497,open
331146,2498,open
331247,2499,open
331347,2500,open
331452,2501,open
331554,2502,open
331658,2503,open
331759,2504,open
331861,2505,open
331962,2506,open
332063,2507,open
332169,2508,open
332270,2509,open
332370,2510,open
332471,2511,open
332571,2512,open
332672,2513,open
332776,2514,open
332882,2515,open
332983,2516,open
333084,2517,open
333184,2518,open
333284,2519,open
333395,2520,open
333503,2521,open
333604,2522,open
333704,2523,open
333806,2524,open
333906,2525,open
334006,2526,open
334105,2527,open
334206,2528,open
334311,2529,open
334412,2530,open
334513,2531,open
334616,2532,open
334718,2533,open
334819,2534,open
334922,2535,open
335029,2536,open
335129,2537,open
335230,2538,open
335331,2539,open
335435,2540,open
335536,2541,open
335637,2542,open
335745,2543,open
335850,2544,open
335950,2545,open
336051,2546,open
336152,2547,open
336253,2548,open
336355,2549,open
336468,2550,open
336573,2551,open
336674,2552,open
336775,2553,open
336877,2554,open
336978,2555,open
337085,2556,closed
337188,2557,open
337289,2558,open
337389,2559,open
337490,2560,open
337590,2561,open
337692,2562,open
337799,2563,open
337901,2564,open
338006,2565,open
338107,2566,open
338208,2567,open
338307,2568,open
338415,2569,open
338554,2570,open
338654,2571,open
338754,2572,closed
338865,2573,open
338962,2574,open
339062,2575,open
339170,2576,open
339269,2577,open
339369,2578,open
339469,2579,open
339584,2580,open
339685,2581,open
339794,2582,open
339896,2583,open
339997,2584,open
340097,2585,open
340196,2586,open
340296,2587,open
340396,2588,open
340498,2589,open
340604,2590,open
340708,2591,open
340809,2592,open
340910,2593,open
341009,2594,open
341110,2595,open
341210,2596,open
341310,2597,open
341412,2598,open
341513,2599,open
341614,2600,closed
341715,2601,open
341814,2602,open
341915,2603,open
342022,2604,open
342122,2605,open
342223,2606,open
342322,2607,open
342425,2608,open
342529,2609,open
342649,2610,open
342750,2611,open
342852,2612,open
342956,2613,open
343057,2614,open
343156,2615,open
343256,2616,open
343354,2617,open
343455,2618,open
343554,2619,open
343655,2620,open
343756,2621,closed
343867,2622,closed
343964,2623,open
344067,2624,open
344177,2625,closed
344276,2626,closed
344387,2627,open
344490,2628,open
344593,2629,open
344694,2630,open
344801,2631,open
344903,2632,open
345003,2633,open
345104,2634,open
345214,2635,open
345314,2636,open
345422,2637,open
345524,2638,open
345629,2639,open
345745,2640,open
345846,2641,open
345948,2642,open
346049,2643,open
346157,2644,open
346258,2645,open
346359,2646,open
346460,2647,open
346561,2648,open
346663,2649,open
346765,2650,open
346873,2651,open
346974,2652,open
347075,2653,open
347176,2654,open
347282,2655,open
347387,2656,open
347488,2657,open
347593,2658,open
347694,2659,open
347795,2660,open
347896,2661,open
347998,2662,open
348099,2663,open
348205,2664,open
348306,2665,open
348408,2666,open
348513,2667,open
348615,2668,closed
348718,2669,open
348837,2670,open
348941,2671,open
349043,2672,open
349144,2673,open
349247,2674,open
349347,2675,open
349447,2676,open
349556,2677,open
349661,2678,open
349761,2679,open
349862,2680,open
349962,2681,closed
350075,2682,open
350172,2683,open
350273,2684,open
350380,2685,open
350484,2686,open
350586,2687,open
350686,2688,open
350786,2689,open
350887,2690,open
350987,2691,open
351094,2692,open
351194,2693,open
351294,2694,open
351393,2695,open
351493,2696,open
351598,2697,open
351706,2698,open
351808,2699,open
351923,2700,open
352025,2701,open
352129,2702,open
352230,2703,open
352334,2704,open
352436,2705,open
352538,2706,open
352639,2707,open
352741,2708,open
352842,2709,open
352943,2710,open
353044,2711,open
353150,2712,open
353250,2713,open
353342,2714,open
353441,2715,open
353542,2716,open
353642,2717,open
353742,2718,open
353850,2719,closed
353955,2720,open
354054,2721,open
354155,2722,open
354255,2723,open
354356,2724,open
354462,2725,open
354566,2726,open
354668,2727,open
354771,2728,open
354872,2729,open
354984,2730,open
355085,2731,open
355192,2732,open
355296,2733,open
355391,2734,open
355492,2735,open
355593,2736,open
355698,2737,closed
355797,2738,open
355905,2739,open
356006,2740,open
356107,2741,open
356208,2742,open
356308,2743,open
356413,2744,open
356518,2745,open
356625,2746,open
356726,2747,open
356826,2748,open
356927,2749,open
357026,2750,open
357127,2751,open
357228,2752,open
357333,2753,open
357434,2754,open
357539,2755,open
357639,2756,open
357740,2757,open
357841,2758,open
357942,2759,open
358059,2760,open
358159,2761,open
358264,2762,open
358364,2763,open
358465,2764,open
358565,2765,open
358676,2766,open
358808,2767,open
358909,2768,open
359008,2769,open
359108,2770,open
359209,2771,open
359309,2772,open
359417,2773,open
359518,2774,open
359621,2775,open
359721,2776,closed
359821,2777,open
359924,2778,open
360024,2779,open
360123,2780,open
360226,2781,open
360322,2782,open
360415,2783,open
360514,2784,open
360615,2785,open
360718,2786,open
360826,2787,open
360927,2788,open
361027,2789,open
361141,2790,open
361241,2791,open
361344,2792,open
361451,2793,open
361552,2794,open
361657,2795,open
361758,2796,open
361857,2797,open
361958,2798,open
362057,2799,open
362158,2800,open
362267,2801,open
362358,2802,open
362454,2803,open
362554,2804,open
362655,2805,open
362759,2806,open
362858,2807,open
362965,2808,closed
363064,2809,open
363165,2810,open
363265,2811,open
363364,2812,open
363464,2813,open
363570,2814,open
363673,2815,open
363775,2816,open
363876,2817,open
363977,2818,open
364078,2819,open
364191,2820,open
364301,2821,open
364401,2822,open
364502,2823,open
364603,2824,open
364707,2825,open
364810,2826,open
364911,2827,open
365022,2828,open
365123,2829,open
365224,2830,open
365326,2831,open
365431,2832,open
365531,2833,open
365632,2834,open
365740,2835,open
365841,2836,open
365942,2837,open
366043,2838,open
366144,2839,open
366245,2840,open
366346,2841,open
366448,2842,open
366548,2843,open
366649,2844,open
366752,2845,open
366854,2846,open
366953,2847,open
367060,2848,open
367160,2849,open
367273,2850,open
367366,2851,open
367466,2852,open
367567,2853,open
367667,2854,open
367774,2855,open
367873,2856,open
367974,2857,open
368075,2858,open
368174,2859,open
368275,2860,open
368376,2861,open
368482,2862,open
368585,2863,open
368687,2864,open
368790,2865,open
368890,2866,open
368991,2867,open
369092,2868,open
369192,2869,open
369298,2870,open
369390,2871,open
369489,2872,open
369590,2873,open
369690,2874,open
369791,2875,open
369899,2876,open
370000,2877,open
370101,2878,open
370201,2879,open
370314,2880,open
370413,2881,open
370514,2882,open
370628,2883,open
370730,2884,open
370831,2885,open
370932,2886,open
371033,2887,open
371133,2888,open
371234,2889,open
371334,2890,open
371437,2891,open
371537,2892,open
371638,2893,open
371743,2894,open
371849,2895,open
371950,2896,open
372051,2897,open
372160,2898,open
372260,2899,open
372359,2900,open
372462,2901,open
372563,2902,open
372663,2903,open
372770,2904,open
372870,2905,open
372972,2906,open
373073,2907,open
373173,2908,open
373274,2909,open
373388,2910,open
373494,2911,open
373595,2912,open
373700,2913,open
373802,2914,open
373903,2915,open
374004,2916,open
374104,2917,open
374219,2918,open
374316,2919,open
374413,2920,open
374514,2921,open
374615,2922,open
374716,2923,open
374821,2924,open
374928,2925,open
375029,2926,open
375130,2927,open
375230,2928,open
375330,2929,open
375431,2930,open
375536,2931,open
375637,2932,open
375745,2933,open
375846,2934,open
375951,2935,open
376052,2936,open
376152,2937,open
376253,2938,open
376346,2939,open
376460,2940,open
376559,2941,open
376663,2942,open
376764,2943,open
376864,2944,open
376965,2945,open
377066,2946,open
377173,2947,open
377275,2948,open
377375,2949,open
377476,2950,open
377577,2951,open
377678,2952,open
377785,2953,open
377891,2954,open
377993,2955,open
378094,2956,open
378195,2957,open
378295,2958,open
378391,2959,open
378502,2960,open
378603,2961,open
378704,2962,open
378805,2963,open
378906,2964,open
379006,2965,open
379107,2966,open
379574,2967,open
380192,2968,open
380786,2969,open
382172,2970,open
382728,2971,open
382827,2972,open
382927,2973,closed
383027,2974,open
383127,2975,open
383227,2976,open
383322,2977,open
383415,2978,open
383517,2979,open
383617,2980,open
383717,2981,open
383821,2982,closed
383933,2983,open
384032,2984,open
384135,2985,open
384243,2986,open
384342,2987,open
384445,2988,open
384549,2989,open
384649,2990,open
384750,2991,open
384859,2992,open
384962,2993,open
385063,2994,open
385164,2995,open
385264,2996,open
385364,2997,open
385465,2998,open
385570,2999,open
385683,3000,open
385783,3001,open
385884,3002,open
385985,3003,open
386092,3004,open
386198,3005,open
386297,3006,open
386394,3007,open
386502,3008,open
386601,3009,open
386701,3010,open
386801,3011,open
386902,3012,open
387009,3013,open
387110,3014,open
387214,3015,open
387314,3016,open
387415,3017,open
387515,3018,open
387621,3019,open
387722,3020,open
387823,3021,open
387925,3022,open
388025,3023,open
388127,3024,open
388228,3025,open
388329,3026,open
388421,3027,open
388520,3028,open
388621,3029,open
388734,3030,open
388834,3031,open
388941,3032,open
389046,3033,open
389147,3034,open
389248,3035,open
389347,3036,open
389451,3037,open
389555,3038,open
389658,3039,open
389758,3040,open
389858,3041,open
389958,3042,open
390058,3043,open
390158,3044,open
390261,3045,open
390358,3046,open
390460,3047,open
390564,3048,open
390666,3049,open
390766,3050,open
390865,3051,open
390966,3052,open
391065,3053,open
391172,3054,open
391274,3055,open
391372,3056,open
391473,3057,open
391574,3058,open
391678,3059,open
391796,3060,open
391897,3061,open
391999,3062,open
392101,3063,open
392203,3064,open
392303,3065,open
392411,3066,open
392512,3067,open
392612,3068,open
392713,3069,open
392814,3070,open
392915,3071,open
393017,3072,open
393117,3073,open
393224,3074,open
393328,3075,open
393428,3076,open
393533,3077,open
393633,3078,open
393737,3079,open
393837,3080,open
393944,3081,open
394044,3082,open
394145,3083,open
394245,3084,open
394345,3085,open
394445,3086,open
394546,3087,open
394651,3088,open
394753,3089,open
394866,3090,open
394966,3091,open
395070,3092,open
395170,3093,open
395276,3094,open
395368,3095,open
395474,3096,open
395576,3097,open
395676,3098,open
395777,3099,open
395882,3100,open
395989,3101,open
396090,3102,open
396191,3103,open
396291,3104,open
396391,3105,open
396491,3106,open
396596,3107,open
396704,3108,open
396806,3109,open
396906,3110,open
397007,3111,open
397107,3112,open
397208,3113,open
397305,3114,open
397404,3115,open
397514,3116,open
397614,3117,open
397719,3118,open
397819,3119,open
397929,3120,open
398042,3121,open
398147,3122,open
398248,3123,open
398348,3124,open
398450,3125,open
398551,3126,open
398652,3127,open
398758,3128,open
398859,3129,open
398960,3130,open
399062,3131,open
399163,3132,open
399264,3133,open
399366,3134,open
399472,3135,open
399581,3136,open
399682,3137,open
399783,3138,open
399885,3139,open
399988,3140,open
400089,3141,open
400196,3142,open
400295,3143,open
400392,3144,open
400493,3145,open
400594,3146,open
400699,3147,open
400799,3148,open
400909,3149,open
401022,3150,open
401122,3151,open
401223,3152,open
401322,3153,open
401426,3154,open
401534,3155,open
401636,3156,open
401736,3157,open
401837,3158,unsure
401950,3159,unsure
402049,3160,unsure
402148,3161,unsure
402252,3162,unsure
402347,3163,unsure
402476,3164,unsure
402590,3165,unsure
402686,3166,unsure
402785,3167,unsure
402885,3168,unsure
402993,3169,open
403093,3170,open
403193,3171,open
403293,3172,open
403391,3173,open
403491,3174,open
403597,3175,open
403697,3176,open
403797,3177,open
403897,3178,open
403997,3179,open
404108,3180,open
404210,3181,open
404314,3182,open
404406,3183,open
404512,3184,open
404612,3185,open
404713,3186,open
404814,3187,open
404917,3188,open
405018,3189,open
405122,3190,open
405223,3191,open
405322,3192,open
405424,3193,open
405525,3194,open
405631,3195,open
405732,3196,open
405838,3197,open
405939,3198,open
406041,3199,open
406142,3200,open
406242,3201,open
406342,3202,open
406450,3203,open
406551,3204,open
406652,3205,open
406757,3206,open
406858,3207,open
406959,3208,open
407059,3209,open
407179,3210,open
407279,3211,open
407378,3212,open
407481,3213,open
407580,3214,open
407681,3215,open
407781,3216,open
407887,3217,open
407987,3218,open
408089,3219,open
408190,3220,open
408290,3221,open
408388,3222,open
408493,3223,open
408596,3224,open
408697,3225,open
408798,3226,open
408898,3227,open
408999,3228,open
409099,3229,open
409200,3230,open
409302,3231,open
409398,3232,open
409498,3233,open
409598,3234,open
409699,3235,open
409803,3236,open
409902,3237,open
410008,3238,open
410108,3239,open
410220,3240,open
410320,3241,open
410423,3242,open
410526,3243,open
410628,3244,open
410732,3245,open
410835,3246,open
410934,3247,open
411035,3248,open
411135,3249,open
411234,3250,open
411329,3251,open
411421,3252,open
411516,3253,open
411622,3254,open
411727,3255,open
411827,3256,open
411927,3257,open
412026,3258,open
412126,3259,open
412231,3260,open
412331,3261,open
412436,3262,open
412536,3263,open
412637,3264,open
412738,3265,open
412841,3266,open
412942,3267,open
413042,3268,open
413143,3269,open
413255,3270,open
413354,3271,open
413456,3272,open
413569,3273,open
413669,3274,open
413768,3275,open
413869,3276,open
413981,3277,open
414080,3278,open
414179,3279,open
414280,3280,open
414384,3281,open
414483,3282,open
414584,3283,open
414683,3284,open
414784,3285,open
414886,3286,open
414985,3287,open
415103,3288,open
415203,3289,open
415302,3290,closed
415401,3291,open
415503,3292,open
415604,3293,open
415707,3294,open
415814,3295,open
415914,3296,open
416015,3297,open
416116,3298,open
416216,3299,open
416326,3300,open
416426,3301,open
416526,3302,open
416629,3303,open
416729,3304,open
416832,3305,open
416933,3306,open
417033,3307,open
417134,3308,open
417240,3309,open
417340,3310,open
417444,3311,open
417546,3312,open
417647,3313,open
417747,3314,open
417850,3315,open
417957,3316,open
418056,3317,open
418156,3318,open
418255,3319,open
418346,3320,open
418441,3321,open
418544,3322,open
418651,3323,open
418751,3324,open
418850,3325,open
418951,3326,open
419051,3327,open
419151,3328,open
419251,3329,open
419368,3330,open
419468,3331,open
419568,3332,open
419670,3333,open
419770,3334,open
419873,3335,open
419974,3336,open
420082,3337,open
420181,3338,open
420281,3339,open
420385,3340,open
420490,3341,open
420590,3342,open
420691,3343,open
420791,3344,open
420899,3345,open
421000,3346,open
421102,3347,open
421203,3348,open
421303,3349,open
421404,3350,open
421509,3351,open
421614,3352,open
421714,3353,open
421815,3354,open
421916,3355,open
422016,3356,open
422117,3357,open
422217,3358,open
422322,3359,open
422438,3360,open
422538,3361,open
422638,3362,open
422738,3363,open
422838,3364,open
422946,3365,open
423047,3366,open
423148,3367,open
423279,3368,open
423370,3369,open
423466,3370,open
423571,3371,open
423677,3372,open
423776,3373,open
423876,3374,open
423975,3375,open
424078,3376,open
424178,3377,open
424277,3378,open
424393,3379,open
424493,3380,open
424592,3381,open
424696,3382,open
424797,3383,open
424896,3384,open
424997,3385,open
425111,3386,open
425212,3387,open
425310,3388,open
425403,3389,open
425521,3390,open
425621,3391,open
425727,3392,open
425831,3393,open
425932,3394,open
426033,3395,open
426133,3396,open
426234,3397,open
426334,3398,open
426438,3399,open
426540,3400,open
426646,3401,open
426746,3402,open
426846,3403,open
426946,3404,open
427051,3405,open
427152,3406,open
427258,3407,open
427359,3408,open
427459,3409,open
427560,3410,open
427660,3411,open
427761,3412,open
427864,3413,open
427970,3414,open
428070,3415,open
428172,3416,open
428272,3417,open
428370,3418,open
428475,3419,open
428592,3420,open
428691,3421,open
428790,3422,open
428894,3423,open
428994,3424,open
429094,3425,open
429194,3426,open
429295,3427,open
429390,3428,open
429491,3429,open
429592,3430,open
429695,3431,open
429795,3432,open
429898,3433,open
429999,3434,open
430105,3435,open
430210,3436,open
430308,3437,open
430401,3438,open
430502,3439,open
430603,3440,open
430703,3441,open
430808,3442,open
430907,3443,open
431010,3444,open
431109,3445,open
431211,3446,open
431310,3447,open
431416,3448,open
431519,3449,open
431631,3450,open
431733,3451,open
431833,3452,open
431935,3453,open
432035,3454,open
432141,3455,open
432241,3456,open
432335,3457,open
432431,3458,open
432532,3459,open
432636,3460,open
432738,3461,open
432837,3462,open
432944,3463,open
433043,3464,open
433147,3465,open
433248,3466,open
433347,3467,open
433448,3468,open
433548,3469,open
433654,3470,open
433753,3471,open
433854,3472,open
433954,3473,open
434055,3474,open
434155,3475,open
434257,3476,open
434362,3477,open
434463,3478,open
434568,3479,open
434680,3480,open
434781,3481,open
434882,3482,open
434988,3483,open
435089,3484,open
435189,3485,open
435290,3486,open
435389,3487,open
435489,3488,open
435590,3489,open
435696,3490,open
435799,3491,open
435900,3492,open
436001,3493,open
436101,3494,open
436205,3495,open
436306,3496,open
436412,3497,open
436513,3498,open
436614,3499,open
436714,3500,open
436815,3501,open
436916,3502,open
437017,3503,open
437118,3504,open
437223,3505,open
437321,3506,open
437414,3507,open
437515,3508,open
437616,3509,open
437734,3510,open
437835,3511,open
437940,3512,open
438041,3513,open
438142,3514,open
438242,3515,open
438342,3516,closed
438448,3517,closed
438549,3518,open
438652,3519,open
438753,3520,open
438854,3521,open
438953,3522,open
439054,3523,open
439155,3524,open
439265,3525,open
439357,3526,open
439453,3527,open
439554,3528,open
439655,3529,open
439760,3530,open
439866,3531,open
439968,3532,open
440068,3533,open
440169,3534,open
440270,3535,open
440370,3536,open
440473,3537,open
440583,3538,open
440684,3539,open
440795,3540,open
440900,3541,open
441002,3542,open
441106,3543,open
441212,3544,open
441312,3545,open
441413,3546,open
441514,3547,open
441621,3548,open
441723,3549,open
441824,3550,open
441925,3551,open
442031,3552,open
442132,3553,open
442231,3554,open
442334,3555,open
442435,3556,open
442536,3557,open
442637,3558,open
442749,3559,open
442850,3560,open
442951,3561,open
443052,3562,open
443153,3563,open
443253,3564,open
443356,3565,open
443463,3566,open
443563,3567,open
443702,3568,open
443802,3569,open
443921,3570,open
444020,3571,open
444120,3572,open
444221,3573,open
444321,3574,open
444413,3575,open
444513,3576,open
444615,3577,open
444716,3578,open
444822,3579,open
444921,3580,open
445020,3581,open
445126,3582,open
445225,3583,open
445324,3584,open
445429,3585,open
445530,3586,open
445629,3587,open
445730,3588,open
445835,3589,open
445936,3590,open
446037,3591,open
446139,3592,open
446239,3593,open
446334,3594,open
446430,3595,open
446533,3596,open
446633,3597,open
446733,3598,open
446833,3599,open
446944,3600,open
447044,3601,open
447149,3602,open
447252,3603,open
447355,3604,open
447456,3605,open
447555,3606,closed
447658,3607,open
447760,3608,open
447868,3609,open
447967,3610,open
448070,3611,open
448170,3612,open
448270,3613,open
448369,3614,open
448471,3615,open
448577,3616,open
448678,3617,open
448781,3618,open
448881,3619,open
448982,3620,open
449081,3621,closed
449182,3622,open
449284,3623,open
449385,3624,open
449487,3625,open
449587,3626,open
449688,3627,open
449788,3628,open
449888,3629,open
450005,3630,open
450106,3631,open
450205,3632,open
450307,3633,open
450408,3634,open
450508,3635,open
450608,3636,open
450711,3637,open
450812,3638,open
450913,3639,open
451014,3640,open
451115,3641,open
451214,3642,open
451311,3643,open
451401,3644,open
451508,3645,open
451607,3646,open
451707,3647,open
451806,3648,open
451906,3649,open
452005,3650,open
452105,3651,open
452211,3652,open
452310,3653,open
452410,3654,open
452511,3655,open
452611,3656,open
452710,3657,open
452809,3658,open
452916,3659,open
453027,3660,open
453126,3661,open
453226,3662,open
453327,3663,open
453423,3664,open
453529,3665,open
453630,3666,open
453730,3667,open
453831,3668,open
453931,3669,open
454033,3670,open
454134,3671,open
454237,3672,open
454343,3673,open
454445,3674,open
454547,3675,open
454648,3676,open
454748,3677,open
454849,3678,open
454950,3679,open
455057,3680,open
455158,3681,open
455258,3682,open
455358,3683,open
455461,3684,open
455564,3685,open
455668,3686,open
455769,3687,open
455869,3688,open
455970,3689,open
456081,3690,open
456182,3691,open
456282,3692,open
456389,3693,open
456490,3694,open
456591,3695,open
456692,3696,open
456793,3697,open
456893,3698,open
456993,3699,open
457094,3700,open
457200,3701,open
457301,3702,open
457401,3703,open
457505,3704,open
457605,3705,open
457706,3706,open
457807,3707,open
457906,3708,open
458012,3709,open
458112,3710,open
458213,3711,open
458312,3712,open
458403,3713,open
458512,3714,open
458618,3715,open
458718,3716,open
458817,3717,open
458917,3718,open
459016,3719,open
459129,3720,open
459228,3721,open
459334,3722,open
459437,3723,open
459538,3724,open
459641,3725,open
459740,3726,open
459840,3727,open
459939,3728,open
460039,3729,open
460145,3730,open
460244,3731,open
460337,3732,open
460429,3733,open
460531,3734,open
460632,3735,open
460733,3736,open
460842,3737,open
460941,3738,open
461043,3739,open
461142,3740,open
461243,3741,open
461343,3742,open
461442,3743,open
461549,3744,open
461649,3745,open
461749,3746,open
461849,3747,open
461949,3748,open
462050,3749,open
462165,3750,open
462264,3751,open
462366,3752,open
462470,3753,open
462571,3754,open
462672,3755,open
462773,3756,open
462874,3757,open
462986,3758,open
463086,3759,open
463187,3760,open
463286,3761,open
463388,3762,open
463489,3763,open
463593,3764,open
463704,3765,open
463804,3766,open
463905,3767,open
464006,3768,open
464107,3769,open
464208,3770,open
464578,3771,open
465144,3772,open
465780,3773,open
466430,3774,open
467066,3775,open
467659,3776,open
468557,3777,open
468656,3778,open
468759,3779,open
468869,3780,open
468969,3781,open
469071,3782,open
469174,3783,open
469275,3784,open
469375,3785,open
469479,3786,open
469580,3787,open
469681,3788,open
469782,3789,open
469882,3790,open
469990,3791,open
470090,3792,open
470191,3793,open
470291,3794,open
470394,3795,open
470495,3796,closed
470599,3797,closed
470704,3798,open
470805,3799,open
470905,3800,open
471004,3801,open
471104,3802,open
471204,3803,open
471303,3804,open
471404,3805,open
471505,3806,open
471606,3807,open
471711,3808,open
471811,3809,open
471933,3810,open
472034,3811,open
472135,3812,open
472236,3813,open
472333,3814,open
472426,3815,open
472527,3816,open
472629,3817,open
472732,3818,open
472835,3819,open
472935,3820,open
473035,3821,open
473135,3822,open
473235,3823,open
473334,3824,open
473444,3825,open
473549,3826,open
473650,3827,open
473749,3828,open
473848,3829,open
473949,3830,open
474048,3831,open
474156,3832,open
474256,3833,open
474348,3834,open
474441,3835,open
474542,3836,open
474643,3837,open
474744,3838,open
474852,3839,open
474965,3840,open
475070,3841,open
475171,3842,open
475270,3843,open
475370,3844,open
475480,3845,open
475581,3846,open
475681,3847,open
475780,3848,open
475880,3849,open
475979,3850,open
476079,3851,open
476179,3852,open
476278,3853,open
476389,3854,open
476496,3855,open
476602,3856,open
476701,3857,open
476801,3858,open
476900,3859,open
477008,3860,open
477108,3861,open
477209,3862,open
477309,3863,open
477408,3864,open
477510,3865,open
477610,3866,open
477716,3867,open
477822,3868,open
477923,3869,open
478036,3870,open
478140,3871,open
478242,3872,open
478341,3873,open
478449,3874,closed
478549,3875,closed
478650,3876,open
478750,3877,open
478851,3878,open
478953,3879,open
479053,3880,open
479154,3881,open
479254,3882,open
479353,3883,open
479452,3884,open
479553,3885,open
479657,3886,open
479758,3887,open
479859,3888,open
479964,3889,open
480064,3890,open
480164,3891,open
480264,3892,open
480365,3893,open
480466,3894,open
480567,3895,open
480674,3896,open
480779,3897,open
480880,3898,open
480981,3899,open
481095,3900,open
481202,3901,open
481305,3902,open
481397,3903,open
481498,3904,open
481599,3905,open
481699,3906,open
481801,3907,open
481906,3908,open
482010,3909,open
482116,3910,open
482217,3911,open
482317,3912,open
482419,3913,open
482520,3914,open
482626,3915,open
482726,3916,open
482830,3917,open
482933,3918,open
483032,3919,open
483133,3920,open
483233,3921,open
483331,3922,open
483446,3923,open
483542,3924,open
483643,3925,open
483748,3926,open
483848,3927,open
483949,3928,open
484050,3929,open
484168,3930,open
484270,3931,open
484371,3932,open
484474,3933,open
484574,3934,open
484674,3935,open
484775,3936,open
484882,3937,open
484982,3938,open
485083,3939,open
485184,3940,open
485285,3941,open
485385,3942,open
485486,3943,open
485593,3944,open
485694,3945,closed
485796,3946,open
485896,3947,open
485995,3948,open
486095,3949,open
486194,3950,open
486298,3951,open
486390,3952,open
486489,3953,open
486592,3954,open
486693,3955,open
486794,3956,open
486893,3957,open
487016,3958,open
487117,3959,open
487230,3960,open
487331,3961,open
487432,3962,open
487536,3963,open
487648,3964,open
487749,3965,open
487848,3966,open
487948,3967,open
488050,3968,open
488181,3969,open
488280,3970,open
488372,3971,open
488475,3972,open
488575,3973,open
488678,3974,open
488780,3975,open
488880,3976,open
488979,3977,open
489079,3978,open
489184,3979,open
489285,3980,open
489384,3981,open
489483,3982,open
489582,3983,open
489682,3984,closed
489781,3985,open
489886,3986,open
489986,3987,open
490086,3988,open
490186,3989,open
490299,3990,closed
490403,3991,open
490506,3992,open
490612,3993,open
490712,3994,open
490813,3995,open
490914,3996,open
491014,3997,open
491115,3998,open
491216,3999,open
491321,4000,open
491423,4001,open
491522,4002,open
491622,4003,open
491726,4004,open
491827,4005,open
491929,4006,open
492036,4007,open
492136,4008,open
492237,4009,open
492335,4010,open
492437,4011,open
492537,4012,open
492637,4013,open
492745,4014,open
492845,4015,open
492945,4016,open
493044,4017,open
493144,4018,open
493243,4019,open
493352,4020,open
493446,4021,open
493546,4022,open
493652,4023,open
493751,4024,open
493850,4025,open
493950,4026,open
494049,4027,open
494155,4028,open
494254,4029,open
494354,4030,open
494455,4031,open
494556,4032,open
494657,4033,open
494764,4034,open
494865,4035,open
494966,4036,open
495067,4037,open
495176,4038,open
495277,4039,open
495369,4040,open
495474,4041,open
495577,4042,open
495678,4043,open
495778,4044,open
495881,4045,open
495981,4046,open
496087,4047,open
496187,4048,open
496286,4049,open
496391,4050,open
496490,4051,open
496591,4052,open
496697,4053,open
496796,4054,open
496896,4055,open
496996,4056,open
497095,4057,open
497194,4058,open
497294,4059,open
497410,4060,open
497507,4061,open
497608,4062,open
497708,4063,open
497808,4064,closed
497910,4065,closed
498023,4066,closed
498119,4067,closed
498222,4068,closed
498323,4069,open
498423,4070,open
498527,4071,open
498628,4072,open
498728,4073,open
498836,4074,open
498937,4075,open
499038,4076,open
499139,4077,open
499238,4078,closed
499350,4079,closed
499456,4080,open
499556,4081,open
499657,4082,open
499757,4083,open
499859,4084,closed
499972,4085,open
500072,4086,open
500173,4087,open
500282,4088,open
500374,4089,open
500473,4090,open
500573,4091,open
500674,4092,open
500775,4093,open
500875,4094,open
500984,4095,open
501084,4096,open
501185,4097,open
501286,4098,open
501389,4099,open
501489,4100,open
501596,4101,open
501701,4102,open
501802,4103,open
501902,4104,open
502003,4105,open
502103,4106,open
502204,4107,open
502302,4108,open
502401,4109,open
502513,4110,open
502613,4111,open
502714,4112,open
502815,4113,open
502917,4114,open
503017,4115,open
503125,4116,open
503226,4117,open
503326,4118,open
503429,4119,open
503536,4120,open
503637,4121,open
503736,4122,open
503843,4123,open
503943,4124,open
504046,4125,open
504147,4126,open
504246,4127,open
504346,4128,open
504448,4129,closed
504562,4130,open
504660,4131,open
504760,4132,open
504860,4133,open
504959,4134,open
505059,4135,open
505158,4136,open
505264,4137,open
505363,4138,open
505464,4139,open
505570,4140,open
505671,4141,open
505775,4142,open
505879,4143,open
505980,4144,open
506080,4145,open
506179,4146,open
506279,4147,open
506387,4148,open
506487,4149,open
506587,4150,open
506694,4151,open
506793,4152,open
506893,4153,open
506992,4154,open
507093,4155,open
507195,4156,open
507294,4157,open
507385,4158,open
507488,4159,open
507589,4160,open
507690,4161,open
507792,4162,open
507893,4163,open
507994,4164,open
508100,4165,closed
508213,4166,open
508312,4167,open
508416,4168,open
508517,4169,open
508635,4170,open
508737,4171,open
508837,4172,open
508969,4173,open
509069,4174,open
509169,4175,open
509269,4176,open
509359,4177,open
509462,4178,open
509565,4179,open
509665,4180,open
509765,4181,open
509865,4182,open
509964,4183,open
510064,4184,open
510164,4185,open
510267,4186,open
510366,4187,open
510466,4188,open
510566,4189,open
510670,4190,open
510773,4191,open
510881,4192,open
510982,4193,open
511083,4194,open
511184,4195,open
511285,4196,open
511388,4197,open
511497,4198,open
511599,4199,open
511714,4200,open
511815,4201,open
511916,4202,open
512017,4203,open
512122,4204,open
512226,4205,open
512326,4206,open
512427,4207,open
512529,4208,open
512630,4209,open
512732,4210,open
512835,4211,open
512940,4212,open
513041,4213,open
513142,4214,open
513242,4215,open
513340,4216,open
513440,4217,open
513547,4218,open
513649,4219,open
513748,4220,open
513850,4221,open
513952,4222,open
514052,4223,open
514151,4224,open
514256,4225,open
514349,4226,open
514443,4227,open
514544,4228,open
514646,4229,open
514758,4230,open
514865,4231,open
514965,4232,open
515070,4233,open
515174,4234,open
515274,4235,open
515374,4236,open
515474,4237,open
515575,4238,open
515681,4239,open
515781,4240,open
515882,4241,open
515982,4242,open
516082,4243,open
516181,4244,open
516281,4245,open
516373,4246,open
516476,4247,open
516580,4248,open
516681,4249,open
516781,4250,open
516881,4251,open
516984,4252,open
517088,4253,open
517188,4254,open
517287,4255,open
517388,4256,open
517493,4257,open
517593,4258,open
517696,4259,open
517816,4260,open
517917,4261,open
518018,4262,open
518120,4263,open
518221,4264,open
518320,4265,open
518429,4266,open
518530,4267,open
518630,4268,open
518733,4269,open
518836,4270,open
518937,4271,open
519038,4272,open
519139,4273,open
519246,4274,open
519347,4275,open
519448,4276,open
519548,4277,open
519649,4278,open
519750,4279,open
519850,4280,open
519956,4281,open
520057,4282,open
520156,4283,open
520258,4284,open
520357,4285,open
520458,4286,open
520558,4287,open
520662,4288,open
520766,4289,open
520879,4290,open
520978,4291,open
521078,4292,open
521178,4293,open
521282,4294,open
521372,4295,open
521468,4296,open
521569,4297,open
521669,4298,open
521770,4299,open
521871,4300,open
521970,4301,open
522077,4302,open
522176,4303,open
522276,4304,open
522388,4305,open
522491,4306,open
522594,4307,open
522697,4308,open
522806,4309,open
522906,4310,open
523005,4311,open
523106,4312,open
523206,4313,open
523305,4314,open
523396,4315,open
523503,4316,open
523602,4317,open
523702,4318,open
523805,4319,open
523917,4320,open
524016,4321,open
524120,4322,open
524223,4323,open
524330,4324,open
524429,4325,open
524530,4326,open
524633,4327,open
524733,4328,open
524838,4329,open
524938,4330,open
525037,4331,open
525137,4332,open
525240,4333,open
525340,4334,open
525441,4335,open
525542,4336,open
525649,4337,open
525753,4338,open
525854,4339,open
525955,4340,open
526057,4341,open
526158,4342,open
526259,4343,open
526364,4344,open
526469,4345,open
526570,4346,open
526670,4347,open
526770,4348,open
526869,4349,open
526988,4350,open
527087,4351,open
527188,4352,open
527287,4353,open
527389,4354,open
527489,4355,open
527592,4356,open
527701,4357,open
527801,4358,open
527902,4359,closed
528013,4360,open
528111,4361,open
528212,4362,open
528308,4363,open
528404,4364,open
528516,4365,open
528619,4366,open
528718,4367,open
528819,4368,open
528920,4369,open
529020,4370,open
529123,4371,open
529255,4372,open
529354,4373,open
529453,4374,open
529557,4375,open
529658,4376,open
529758,4377,open
529863,4378,open
529963,4379,open
530078,4380,open
530178,4381,open
530281,4382,open
530373,4383,open
530470,4384,open
530570,4385,open
530673,4386,open
530773,4387,open
530876,4388,open
530975,4389,open
531076,4390,open
531176,4391,open
531283,4392,open
531389,4393,open
531492,4394,open
531596,4395,open
531696,4396,open
531797,4397,open
531898,4398,open
532005,4399,open
532106,4400,open
532207,4401,open
532307,4402,open
532408,4403,open
532513,4404,open
532620,4405,open
532723,4406,open
532825,4407,open
532925,4408,open
533026,4409,open
533137,4410,open
533238,4411,open
533341,4412,open
533441,4413,open
533541,4414,open
533644,4415,open
533743,4416,open
533843,4417,open
533942,4418,open
534049,4419,open
534148,4420,open
534248,4421,open
534348,4422,open
534451,4423,open
534552,4424,open
534656,4425,open
534761,4426,open
534862,4427,open
534963,4428,open
535064,4429,open
535165,4430,open
535266,4431,open
535359,4432,open
535470,4433,closed
535565,4434,open
535669,4435,open
535769,4436,open
535868,4437,open
535968,4438,open
536067,4439,open
536187,4440,open
536291,4441,open
536390,4442,open
536493,4443,open
536595,4444,open
536699,4445,open
536805,4446,open
536904,4447,open
537005,4448,open
537104,4449,open
537204,4450,open
537301,4451,open
537392,4452,open
537491,4453,open
537591,4454,open
537693,4455,open
537797,4456,closed
537909,4457,open
538010,4458,open
538132,4459,open
538252,4460,open
538352,4461,open
538453,4462,open
538559,4463,open
538660,4464,open
538761,4465,open
538865,4466,open
538966,4467,open
539067,4468,open
539168,4469,open
539282,4470,open
539380,4471,open
539485,4472,open
539585,4473,open
539688,4474,open
539789,4475,open
539890,4476,open
539991,4477,open
540091,4478,open
540193,4479,open
540299,4480,open
540403,4481,open
540504,4482,open
540608,4483,open
540712,4484,open
540819,4485,open
540920,4486,open
541027,4487,open
541128,4488,open
541229,4489,open
541329,4490,open
541433,4491,open
541538,4492,open
541644,4493,open
541745,4494,open
541846,4495,open
541946,4496,open
542046,4497,open
542147,4498,open
542248,4499,open
542357,4500,open
542454,4501,open
542554,4502,open
542657,4503,open
542758,4504,open
542858,4505,open
542960,4506,open
543074,4507,open
543174,4508,open
543273,4509,open
543371,4510,open
543476,4511,open
543576,4512,open
543676,4513,open
543776,4514,open
543883,4515,open
543982,4516,open
544082,4517,open
544181,4518,open
544281,4519,open
544371,4520,open
544467,4521,open
544575,4522,open
544674,4523,open
544773,4524,closed
544871,4525,open
544970,4526,open
545072,4527,open
545171,4528,open
545275,4529,open
545388,4530,open
545487,4531,open
545586,4532,open
545687,4533,open
545790,4534,open
545890,4535,open
545996,4536,open
546097,4537,open
546197,4538,open
546296,4539,open
546392,4540,open
546497,4541,open
546597,4542,open
546697,4543,open
546804,4544,open
546905,4545,open
547007,4546,open
547108,4547,open
547209,4548,open
547308,4549,open
547412,4550,open
547513,4551,open
547616,4552,open
547718,4553,open
547819,4554,open
547920,4555,open
548021,4556,open
548126,4557,open
548226,4558,open
548324,4559,open
548441,4560,open
548541,4561,open
548641,4562,open
548740,4563,open
548847,4564,open
548947,4565,open
549046,4566,open
549147,4567,open
549247,4568,open
549341,4569,open
549435,4570,open
549544,4571,open
549682,4572,open
549782,4573,open
549881,4574,open
549984,4575,open
550083,4576,open
550185,4577,open
550284,4578,open
550389,4579,open
550489,4580,open
550588,4581,open
550693,4582,open
550793,4583,open
550892,4584,open
550992,4585,open
551100,4586,open
551199,4587,open
551298,4588,open
551389,4589,open
551502,4590,open
551601,4591,open
551708,4592,open
551813,4593,open
551913,4594,open
552014,4595,open
552115,4596,open
552215,4597,open
552315,4598,open
552490,4599,open
552594,4600,open
552695,4601,open
552795,4602,open
552896,4603,open
552995,4604,open
553096,4605,open
553197,4606,open
553317,4607,open
553421,4608,open
553523,4609,open
553624,4610,open
553724,4611,open
553830,4612,open
553930,4613,open
554036,4614,open
554136,4615,open
554237,4616,open
554335,4617,open
554435,4618,open
554538,4619,open
554657,4620,open
554757,4621,open
554856,4622,open
554958,4623,open
555058,4624,open
555157,4625,closed
555268,4626,open
555364,4627,open
555464,4628,open
555565,4629,open
555669,4630,open
555770,4631,open
555871,4632,open
555971,4633,open
556072,4634,open
556177,4635,open
556278,4636,open
556368,4637,open
556465,4638,open
556564,4639,open
556664,4640,open
556766,4641,open
556871,4642,open
556972,4643,open
557071,4644,open
557171,4645,open
557271,4646,open
557370,4647,open
557469,4648,open
557581,4649,open
557692,4650,open
557791,4651,open
557891,4652,open
557990,4653,open
558089,4654,open
558189,4655,closed
558292,4656,open
558382,4657,open
558479,4658,open
558580,4659,open
558681,4660,open
558783,4661,open
558886,4662,open
558995,4663,open
559096,4664,open
559197,4665,open
559298,4666,open
559401,4667,open
559506,4668,open
559607,4669,open
559713,4670,open
559814,4671,open
559915,4672,open
560015,4673,open
560116,4674,open
560217,4675,open
560317,4676,open
560418,4677,open
560519,4678,open
560624,4679,open
560735,4680,open
560836,4681,open
560937,4682,open
561044,4683,open
561145,4684,open
561245,4685,open
561345,4686,open
561447,4687,open
561549,4688,open
561650,4689,open
561759,4690,open
561860,4691,open
561961,4692,open
562062,4693,open
562163,4694,open
562265,4695,open
562366,4696,open
562477,4697,open
562578,4698,open
562679,4699,open
562780,4700,open
562883,4701,open
562985,4702,open
563086,4703,open
563192,4704,open
563292,4705,open
563384,4706,open
563484,4707,open
563589,4708,open
563690,4709,open
563807,4710,open
563910,4711,open
564012,4712,open
564113,4713,open
564214,4714,open
564313,4715,open
564414,4716,open
564521,4717,open
564623,4718,open
564723,4719,open
564824,4720,open
564923,4721,closed
565022,4722,closed
565124,4723,open
565224,4724,open
565329,4725,open
565423,4726,open
565522,4727,open
565623,4728,open
565724,4729,open
565825,4730,open
565931,4731,open
566033,4732,open
566134,4733,open
566237,4734,open
566337,4735,open
566438,4736,open
566546,4737,open
566646,4738,open
566747,4739,open
566860,4740,open
566961,4741,open
567062,4742,open
567162,4743,open
567270,4744,open
567372,4745,open
567473,4746,open
567575,4747,open
567677,4748,open
567778,4749,open
567879,4750,open
567988,4751,open
568089,4752,open
568190,4753,open
568290,4754,open
568389,4755,open
568490,4756,open
568591,4757,open
568697,4758,open
568798,4759,open
568899,4760,open
569000,4761,open
569101,4762,open
569201,4763,open
569301,4764,open
569396,4765,open
569498,4766,open
569598,4767,open
569698,4768,open
569797,4769,open
569940,4770,open
570045,4771,open
570145,4772,open
570249,4773,open
570342,4774,open
570435,4775,open
570534,4776,open
570636,4777,open
570743,4778,open
570842,4779,open
570941,4780,open
571041,4781,open
571140,4782,open
571240,4783,open
571339,4784,open
571444,4785,open
571544,4786,open
571643,4787,open
571747,4788,open
571847,4789,open
571953,4790,open
572052,4791,open
572166,4792,open
572266,4793,open
572358,4794,open
572457,4795,open
572558,4796,open
572657,4797,open
572758,4798,open
572866,4799,open
572977,4800,open
573076,4801,open
573175,4802,open
573278,4803,open
573386,4804,open
573487,4805,open
573595,4806,open
573698,4807,open
573799,4808,open
573898,4809,open
573998,4810,open
574097,4811,open
574196,4812,open
574295,4813,open
574395,4814,open
574495,4815,open
574594,4816,open
574693,4817,open
574792,4818,open
574894,4819,open
574993,4820,open
575099,4821,open
575201,4822,open
575301,4823,open
575400,4824,open
575500,4825,open
575604,4826,open
575705,4827,open
575811,4828,open
575911,4829,open
576024,4830,open
576125,4831,open
576224,4832,open
576323,4833,open
576430,4834,open
576529,4835,open
576628,4836,open
576728,4837,open
576827,4838,open
576928,4839,open
577027,4840,open
577128,4841,open
577227,4842,closed
577328,4843,open
577419,4844,open
577521,4845,open
577622,4846,open
577721,4847,open
577821,4848,open
577921,4849,open
578027,4850,open
578126,4851,open
578226,4852,open
578324,4853,open
578424,4854,open
578523,4855,open
578624,4856,open
578727,4857,open
578827,4858,open
578926,4859,open
579035,4860,closed
579141,4861,closed
579235,4862,closed
579333,4863,open
579430,4864,open
579529,4865,open
579629,4866,open
579728,4867,open
579831,4868,open
579932,4869,open
580031,4870,open
580140,4871,open
580240,4872,open
580339,4873,open
580440,4874,open
580540,4875,open
580645,4876,open
580745,4877,open
580864,4878,open
580962,4879,open
581062,4880,open
581162,4881,open
581261,4882,open
581361,4883,open
581467,4884,open
581569,4885,open
581669,4886,open
581776,4887,open
581877,4888,open
581977,4889,open
582090,4890,open
582197,4891,open
582295,4892,open
582393,4893,open
582497,4894,open
582597,4895,open
582698,4896,open
582799,4897,open
582908,4898,open
583009,4899,open
583110,4900,open
583210,4901,open
583311,4902,open
583412,4903,open
583512,4904,open
583616,4905,open
583719,4906,open
583820,4907,open
583923,4908,open
584024,4909,open
584125,4910,open
584225,4911,open
584322,4912,open
584421,4913,open
584519,4914,open
584620,4915,open
584720,4916,open
584820,4917,open
584920,4918,open
585024,4919,open
585136,4920,open
585236,4921,open
585335,4922,open
585435,4923,open
585540,4924,open
585642,4925,open
585749,4926,open
585849,4927,open
585948,4928,unsure
586048,4929,unsure
586159,4930,unsure
586257,4931,unsure
586347,4932,unsure
586444,4933,unsure
586544,4934,unsure
586645,4935,unsure
586745,4936,unsure
586844,4937,unsure
586943,4938,unsure
587045,4939,unsure
587151,4940,unsure
587252,4941,unsure
587351,4942,unsure
587455,4943,unsure
587554,4944,unsure
587654,4945,unsure
587754,4946,unsure
587860,4947,unsure
587960,4948,unsure
588060,4949,unsure
588171,4950,unsure
588270,4951,unsure
588370,4952,unsure
588469,4953,unsure
588578,4954,unsure
588677,4955,unsure
588776,4956,unsure
588876,4957,unsure
588976,4958,unsure
589076,4959,unsure
589188,4960,open
589291,4961,open
589389,4962,open
589488,4963,open
589589,4964,open
589690,4965,open
589790,4966,open
589891,4967,open
589991,4968,open
590104,4969,open
590201,4970,open
590301,4971,open
590400,4972,open
590534,4973,open
590633,4974,open
590733,4975,open
590835,4976,open
590947,4977,open
591048,4978,open
591148,4979,open
591260,4980,open
591355,4981,open
591452,4982,open
591551,4983,open
591651,4984,open
591751,4985,open
591851,4986,open
591950,4987,open
592050,4988,open
592156,4989,open
592256,4990,open
592358,4991,open
592462,4992,open
592563,4993,open
592663,4994,open
592764,4995,open
592868,4996,open
592969,4997,open
593072,4998,open
593171,4999,open
593272,5000,open
593363,5001,open
593459,5002,open
593565,5003,open
593665,5004,open
593766,5005,open
593867,5006,open
593966,5007,open
594066,5008,open
594165,5009,open
594286,5010,open
594384,5011,open
594483,5012,open
594586,5013,open
594685,5014,open
594786,5015,open
594885,5016,open
594985,5017,open
595090,5018,open
595190,5019,open
595289,5020,open
595388,5021,open
595489,5022,open
595589,5023,open
595688,5024,open
595796,5025,open
595896,5026,open
595996,5027,open
596095,5028,open
596195,5029,open
596294,5030,open
596393,5031,open
596497,5032,open
596598,5033,open
596698,5034,open
596798,5035,open
596898,5036,open
596998,5037,open
597097,5038,open
597204,5039,open
597318,5040,open
597418,5041,open
597519,5042,open
597618,5043,open
597719,5044,open
597819,5045,open
597926,5046,open
598025,5047,open
598125,5048,open
598224,5049,open
598320,5050,open
598411,5051,open
598512,5052,open
598618,5053,open
598718,5054,open
598818,5055,open
598918,5056,open
599018,5057,open
599117,5058,open
599217,5059,open
599315,5060,open
599415,5061,open
599514,5062,unsure
599621,5063,unsure
599717,5064,unsure
599815,5065,unsure
599915,5066,unsure
600017,5067,unsure
600116,5068,unsure
600215,5069,unsure
600322,5070,unsure
600413,5071,unsure
600526,5072,open
600629,5073,open
600732,5074,open
600832,5075,open
600936,5076,open
601035,5077,open
601135,5078,open
601235,5079,open
601334,5080,open
601442,5081,open
601542,5082,open
601643,5083,open
601743,5084,open
601844,5085,open
601948,5086,open
602049,5087,open
602148,5088,open
602254,5089,open
602353,5090,open
602456,5091,open
602557,5092,open
602656,5093,open
602757,5094,open
602857,5095,open
602964,5096,open
603064,5097,open
603163,5098,open
603263,5099,open
603376,5100,open
603475,5101,open
603582,5102,open
603682,5103,open
603781,5104,open
603882,5105,open
603982,5106,open
604081,5107,open
604182,5108,open
604283,5109,open
604393,5110,open
604494,5111,open
604593,5112,open
604692,5113,closed
604791,5114,open
604892,5115,open
604995,5116,open
605095,5117,open
605201,5118,open
605299,5119,open
605390,5120,open
605489,5121,open
605592,5122,open
605691,5123,open
605790,5124,open
605897,5125,open
605997,5126,open
606096,5127,closed
606211,5128,open
606305,5129,open
606419,5130,open
606524,5131,open
606624,5132,open
606724,5133,open
606836,5134,open
606937,5135,open
607036,5136,open
607137,5137,open
607241,5138,open
607334,5139,open
607427,5140,open
607532,5141,open
607631,5142,open
607731,5143,open
607830,5144,open
607930,5145,open
608040,5146,open
608139,5147,open
608243,5148,open
608342,5149,open
608441,5150,open
608540,5151,open
608641,5152,open
608746,5153,open
608845,5154,open
608945,5155,open
609045,5156,open
609144,5157,open
609243,5158,open
609343,5159,open
609461,5160,open
609560,5161,open
609661,5162,open
609760,5163,open
609863,5164,open
609963,5165,open
610062,5166,open
610169,5167,open
610268,5168,open
610367,5169,open
610468,5170,open
610571,5171,open
610673,5172,open
610774,5173,open
610876,5174,open
610977,5175,open
611076,5176,open
611175,5177,open
611307,5178,open
611408,5179,open
611508,5180,open
611610,5181,open
611710,5182,open
611810,5183,open
611909,5184,open
612008,5185,open
612109,5186,open
612208,5187,open
612307,5188,open
612406,5189,open
612513,5190,open
612614,5191,open
612713,5192,open
612813,5193,open
612912,5194,open
613011,5195,open
613118,5196,open
613218,5197,open
613318,5198,open
613417,5199,open
613518,5200,open
613619,5201,open
613723,5202,open
613828,5203,open
613929,5204,open
614029,5205,open
614132,5206,open
614233,5207,open
614332,5208,open
614433,5209,open
614543,5210,open
614643,5211,open
614743,5212,open
614842,5213,open
614942,5214,open
615041,5215,open
615143,5216,open
615250,5217,open
615348,5218,open
615449,5219,open
615557,5220,open
615661,5221,open
615761,5222,open
615863,5223,open
615969,5224,open
616069,5225,open
616168,5226,open
616268,5227,open
616368,5228,open
616470,5229,open
616571,5230,open
616680,5231,open
616783,5232,open
616884,5233,open
616984,5234,open
617085,5235,open
617185,5236,open
617285,5237,open
617391,5238,open
617491,5239,open
617592,5240,open
617693,5241,open
617794,5242,open
617893,5243,open
617994,5244,open
618100,5245,open
618201,5246,open
618302,5247,open
618403,5248,open
618503,5249,open
618616,5250,open
618722,5251,open
618821,5252,open
618921,5253,open
619024,5254,open
619124,5255,open
619223,5256,open
619322,5257,closed
619430,5258,closed
619529,5259,open
619628,5260,closed
619737,5261,open
619841,5262,closed
619940,5263,open
620038,5264,open
620138,5265,open
620243,5266,open
620341,5267,open
620442,5268,open
620544,5269,open
620644,5270,open
620743,5271,open
620844,5272,open
620943,5273,open
621050,5274,open
621150,5275,open
621252,5276,open
621355,5277,open
621454,5278,open
621555,5279,open
621666,5280,open
621771,5281,open
621871,5282,open
621972,5283,open
622072,5284,open
622172,5285,open
622271,5286,open
622363,5287,open
622467,5288,open
622567,5289,open
622667,5290,open
622766,5291,open
622869,5292,open
622970,5293,open
623070,5294,open
623169,5295,open
623277,5296,open
623387,5297,open
623489,5298,open
623589,5299,open
623691,5300,open
623792,5301,open
623895,5302,open
623999,5303,open
624099,5304,open
624199,5305,open
624298,5306,open
624389,5307,open
624489,5308,open
624595,5309,open
624704,5310,open
624808,5311,open
624909,5312,open
625009,5313,open
625112,5314,open
625212,5315,open
625312,5316,open
625412,5317,open
625517,5318,open
625617,5319,open
625717,5320,open
625818,5321,open
625917,5322,open
626017,5323,open
626122,5324,open
626223,5325,open
626324,5326,open
626433,5327,open
626532,5328,open
626632,5329,open
626735,5330,open
626840,5331,open
626941,5332,open
627040,5333,open
627140,5334,open
627239,5335,open
627337,5336,open
627437,5337,open
627541,5338,open
627641,5339,open
627751,5340,open
627853,5341,open
627952,5342,open
628051,5343,open
628151,5344,open
628259,5345,open
628358,5346,open
628458,5347,open
628559,5348,open
628663,5349,open
628765,5350,unsure
628864,5351,unsure
628969,5352,unsure
629070,5353,unsure
629170,5354,unsure
629269,5355,unsure
629364,5356,open
629459,5357,open
629560,5358,open
629668,5359,open
629771,5360,open
629874,5361,open
629976,5362,open
630077,5363,open
630178,5364,open
630279,5365,open
630390,5366,open
630494,5367,open
630595,5368,open
630695,5369,open
630817,5370,open
630916,5371,open
631019,5372,open
631120,5373,open
631220,5374,closed
631320,5375,open
631419,5376,closed
631520,5377,closed
631636,5378,open
631768,5379,open
631868,5380,open
631967,5381,open
632071,5382,open
632170,5383,open
632270,5384,open
632362,5385,open
632460,5386,open
632559,5387,open
632662,5388,open
632763,5389,open
632863,5390,open
632962,5391,open
633063,5392,open
633170,5393,open
633270,5394,open
633369,5395,open
633470,5396,open
633575,5397,open
633675,5398,open
633774,5399,open
633894,5400,open
633994,5401,open
634095,5402,open
634195,5403,open
634295,5404,open
634390,5405,open
634497,5406,open
634596,5407,open
634702,5408,open
634802,5409,open
634903,5410,open
635004,5411,open
635105,5412,open
635205,5413,open
635311,5414,open
635413,5415,open
635513,5416,open
635615,5417,open
635714,5418,open
635815,5419,open
635916,5420,open
636021,5421,open
636123,5422,open
636223,5423,open
636323,5424,open
636422,5425,open
636523,5426,open
636629,5427,open
636728,5428,open
636828,5429,open
636939,5430,open
637039,5431,open
637142,5432,open
637242,5433,open
637350,5434,open
637451,5435,open
637552,5436,open
637656,5437,open
637757,5438,open
637858,5439,open
637959,5440,open
638067,5441,open
638168,5442,open
638269,5443,open
638368,5444,open
638473,5445,open
638573,5446,open
638674,5447,open
638781,5448,open
638883,5449,open
638984,5450,open
639085,5451,open
639185,5452,open
639286,5453,open
639394,5454,open
639502,5455,open
639602,5456,open
639702,5457,open
639801,5458,open
639907,5459,open
640025,5460,open
640125,5461,open
640224,5462,open
640327,5463,open
640428,5464,open
640527,5465,open
640629,5466,open
640734,5467,open
640836,5468,open
640936,5469,open
641036,5470,open
641137,5471,open
641237,5472,open
641336,5473,open
641440,5474,open
641546,5475,open
641645,5476,open
641745,5477,open
641844,5478,open
641946,5479,closed
642056,5480,open
642158,5481,open
642257,5482,open
642357,5483,open
642458,5484,open
642559,5485,open
642658,5486,open
642758,5487,open
642864,5488,open
642963,5489,open
643075,5490,open
643174,5491,open
643274,5492,open
643377,5493,open
643478,5494,open
643583,5495,open
643683,5496,open
643786,5497,open
643885,5498,open
643985,5499,closed
644097,5500,open
644195,5501,open
644297,5502,open
644397,5503,open
644498,5504,open
644603,5505,open
644706,5506,open
644806,5507,open
644909,5508,open
645010,5509,open
645114,5510,open
645214,5511,open
645315,5512,open
645415,5513,open
645515,5514,open
645616,5515,open
645724,5516,open
645825,5517,open
645926,5518,open
646027,5519,open
646140,5520,open
646241,5521,open
646340,5522,open
646446,5523,open
646547,5524,open
646647,5525,open
646747,5526,open
646846,5527,open
646946,5528,open
647045,5529,open
647145,5530,open
647251,5531,open
647350,5532,open
647449,5533,open
647549,5534,open
647651,5535,open
647751,5536,open
647850,5537,open
647955,5538,open
648056,5539,open
648155,5540,open
648255,5541,open
648353,5542,open
648454,5543,open
648555,5544,open
648659,5545,open
648762,5546,open
648865,5547,open
648964,5548,open
649065,5549,open
649176,5550,open
649283,5551,open
649381,5552,open
649485,5553,open
649586,5554,open
649686,5555,open
649786,5556,open
649885,5557,open
649985,5558,open
650091,5559,open
650191,5560,open
650290,5561,open
650388,5562,open
650488,5563,open
650588,5564,open
650688,5565,open
650796,5566,open
650895,5567,open
650996,5568,open
651098,5569,open
651197,5570,open
651297,5571,open
651402,5572,open
651505,5573,open
651606,5574,open
651709,5575,open
651809,5576,open
651909,5577,open
652009,5578,open
652109,5579,open
652232,5580,open
652364,5581,open
652464,5582,open
652568,5583,open
652668,5584,open
652767,5585,open
652873,5586,open
652973,5587,open
653072,5588,open
653172,5589,open
653274,5590,open
653372,5591,open
653471,5592,open
653571,5593,open
653680,5594,open
653787,5595,open
653886,5596,open
653986,5597,open
654085,5598,open
654184,5599,open
654284,5600,open
654389,5601,open
654490,5602,open
654591,5603,open
654690,5604,open
654791,5605,open
654891,5606,open
654990,5607,open
655096,5608,open
655196,5609,open
655308,5610,open
655407,5611,open
655507,5612,closed
655620,5613,open
655722,5614,open
655822,5615,open
655922,5616,open
656026,5617,open
656125,5618,open
656225,5619,open
656323,5620,open
656426,5621,open
656533,5622,open
656632,5623,open
656731,5624,open
656832,5625,open
656935,5626,open
657034,5627,open
657133,5628,open
657233,5629,open
657335,5630,open
657437,5631,open
657540,5632,open
657639,5633,open
657738,5634,open
657838,5635,open
657940,5636,open
658040,5637,open
658139,5638,open
658239,5639,open
658349,5640,open
658450,5641,open
658550,5642,open
658656,5643,open
658756,5644,open
658855,5645,open
658955,5646,open
659054,5647,open
659156,5648,open
659256,5649,open
659355,5650,open
659459,5651,open
659559,5652,open
659659,5653,open
659758,5654,open
659859,5655,open
659958,5656,open
660057,5657,open
660163,5658,open
660262,5659,open
660360,5660,open
660460,5661,open
660559,5662,open
660658,5663,open
660760,5664,open
660865,5665,open
660966,5666,open
661065,5667,open
661165,5668,open
661263,5669,open
661374,5670,open
661481,5671,open
661581,5672,open
661680,5673,open
661784,5674,open
661883,5675,open
661983,5676,open
662082,5677,open
662182,5678,open
662281,5679,open
662390,5680,open
662490,5681,open
662590,5682,open
662690,5683,open
662795,5684,open
662895,5685,open
662997,5686,open
663102,5687,open
663203,5688,open
663302,5689,open
663401,5690,open
663500,5691,open
663601,5692,open
663703,5693,closed
663807,5694,closed
663920,5695,open
664018,5696,open
664123,5697,open
664223,5698,open
664318,5699,open
664430,5700,open
664531,5701,open
664632,5702,open
664731,5703,open
664832,5704,open
664931,5705,open
665032,5706,open
665136,5707,open
665237,5708,open
665336,5709,open
665437,5710,open
665537,5711,open
665641,5712,open
665744,5713,open
665844,5714,open
665951,5715,open
666055,5716,open
666154,5717,open
666255,5718,open
666348,5719,closed
666450,5720,open
666554,5721,open
666654,5722,open
666756,5723,open
666856,5724,open
666957,5725,open
667058,5726,open
667158,5727,open
667259,5728,open
667361,5729,open
667477,5730,open
667580,5731,open
667679,5732,open
667778,5733,open
667878,5734,open
667981,5735,open
668080,5736,open
668179,5737,open
668279,5738,open
668386,5739,open
668485,5740,open
668585,5741,open
668690,5742,open
668790,5743,open
668889,5744,open
668989,5745,open
669088,5746,open
669187,5747,open
669286,5748,open
669386,5749,open
669496,5750,open
669595,5751,open
669694,5752,open
669794,5753,open
669893,5754,open
669992,5755,open
670092,5756,open
670198,5757,open
670296,5758,open
670393,5759,open
670500,5760,open
670599,5761,open
670702,5762,open
670803,5763,open
670912,5764,open
671012,5765,open
671112,5766,open
671211,5767,open
671310,5768,open
671411,5769,open
671510,5770,open
671614,5771,open
671717,5772,open
671817,5773,open
671916,5774,open
672016,5775,open
672118,5776,open
672217,5777,open
672316,5778,open
672424,5779,open
672526,5780,open
672630,5781,open
672729,5782,open
672829,5783,open
672928,5784,open
673027,5785,open
673135,5786,open
673265,5787,open
673364,5788,open
673463,5789,open
673569,5790,open
673668,5791,open
673767,5792,open
673872,5793,open
673971,5794,open
674071,5795,open
674170,5796,open
674270,5797,open
674369,5798,open
674469,5799,open
674578,5800,open
674681,5801,open
674780,5802,open
674882,5803,open
674982,5804,open
675081,5805,open
675182,5806,open
675283,5807,open
675389,5808,open
675491,5809,open
675590,5810,open
675694,5811,open
675794,5812,open
675893,5813,open
675993,5814,open
676100,5815,open
676201,5816,open
676301,5817,open
676400,5818,open
676504,5819,open
676615,5820,open
676722,5821,open
676822,5822,open
676923,5823,open
677022,5824,open
677121,5825,open
677221,5826,open
677319,5827,open
677427,5828,open
677527,5829,open
677631,5830,closed
677730,5831,open
677830,5832,open
677929,5833,open
678029,5834,open
678129,5835,open
678235,5836,open
678335,5837,open
678439,5838,open
678539,5839,open
678640,5840,open
678741,5841,open
678842,5842,open
678949,5843,open
679050,5844,open
679149,5845,open
679251,5846,open
679351,5847,open
679452,5848,open
679559,5849,open
679673,5850,open
679774,5851,open
679880,5852,open
679979,5853,open
680080,5854,open
680181,5855,open
680288,5856,open
680386,5857,open
680487,5858,open
680589,5859,open
680689,5860,open
680789,5861,open
680889,5862,open
680999,5863,open
681099,5864,open
681202,5865,open
681301,5866,open
681405,5867,open
681504,5868,open
681604,5869,open
681709,5870,open
681809,5871,open
681908,5872,open
682007,5873,open
682107,5874,open
682206,5875,open
682309,5876,open
682414,5877,open
682518,5878,open
682618,5879,open
682730,5880,open
682830,5881,open
682933,5882,open
683032,5883,open
683141,5884,open
683241,5885,open
683344,5886,open
683444,5887,open
683545,5888,open
683646,5889,open
683747,5890,open
683852,5891,open
683953,5892,open
684053,5893,open
684153,5894,open
684254,5895,open
684353,5896,open
684456,5897,open
684556,5898,open
684662,5899,open
684763,5900,open
684863,5901,open
684963,5902,open
685063,5903,closed
685162,5904,open
685261,5905,open
685367,5906,open
685466,5907,open
685566,5908,open
685670,5909,open
685781,5910,open
685881,5911,open
685988,5912,open
686088,5913,open
686189,5914,open
686288,5915,open
686388,5916,open
686490,5917,open
686591,5918,open
686692,5919,open
686799,5920,open
686900,5921,open
687004,5922,open
687105,5923,open
687205,5924,open
687308,5925,open
687408,5926,open
687517,5927,open
687618,5928,open
687718,5929,open
687819,5930,open
687919,5931,open
688021,5932,open
688120,5933,open
688227,5934,open
688335,5935,open
688436,5936,open
688536,5937,open
688635,5938,open
688739,5939,open
688857,5940,open
688964,5941,open
689060,5942,open
689159,5943,open
689260,5944,open
689360,5945,open
689462,5946,open
689566,5947,open
689668,5948,open
689767,5949,open
689868,5950,open
689968,5951,open
690069,5952,open
690169,5953,open
690270,5954,open
690372,5955,open
690473,5956,open
690575,5957,open
690674,5958,open
690775,5959,open
690874,5960,open
690981,5961,open
691083,5962,open
691182,5963,open
691283,5964,open
691386,5965,open
691487,5966,open
691590,5967,open
691696,5968,open
691797,5969,open
691908,5970,closed
692015,5971,open
692112,5972,open
692212,5973,open
692312,5974,open
692413,5975,open
692517,5976,open
692618,5977,open
692720,5978,open
692820,5979,open
692921,5980,open
693022,5981,open
693126,5982,open
693226,5983,open
693326,5984,open
693430,5985,open
693533,5986,open
693637,5987,open
693736,5988,open
693869,5989,open
693971,5990,open
694071,5991,open
694171,5992,open
694271,5993,open
694371,5994,open
694476,5995,open
694576,5996,open
694676,5997,open
694780,5998,open
694879,5999,open
694990,6000,open
695089,6001,open
695195,6002,open
695294,6003,open
695392,6004,open
695493,6005,open
695592,6006,open
695692,6007,open
695791,6008,open
695898,6009,open
695999,6010,open
696099,6011,open
696199,6012,open
696299,6013,open
696399,6014,open
696500,6015,open
696601,6016,open
696709,6017,open
696808,6018,open
696909,6019,open
697008,6020,open
697108,6021,open
697209,6022,open
697307,6023,open
697401,6024,open
697502,6025,open
697601,6026,open
697703,6027,open
697806,6028,open
697906,6029,open
698022,6030,open
698122,6031,open
698225,6032,open
698325,6033,open
698425,6034,open
698525,6035,open
698628,6036,open
698733,6037,open
698834,6038,open
698932,6039,open
699034,6040,open
699139,6041,open
699240,6042,open
699346,6043,open
699440,6044,open
699545,6045,open
699645,6046,open
699749,6047,open
699848,6048,open
699950,6049,open
700049,6050,open
700149,6051,open
700254,6052,open
700353,6053,open
700454,6054,open
700557,6055,open
700656,6056,open
700757,6057,open
700856,6058,open
700961,6059,open
701074,6060,open
701175,6061,open
701275,6062,open
701373,6063,open
701473,6064,open
701579,6065,open
701679,6066,open
701778,6067,open
701878,6068,open
701977,6069,open
702076,6070,open
702176,6071,open
702275,6072,open
702378,6073,open
702482,6074,open
702581,6075,open
702684,6076,open
702784,6077,open
702883,6078,open
702983,6079,open
703089,6080,open
703188,6081,open
703286,6082,open
703385,6083,open
703486,6084,open
703586,6085,open
703686,6086,open
703791,6087,open
703890,6088,open
703991,6089,open
704100,6090,open
704200,6091,open
704303,6092,open
704404,6093,open
704511,6094,open
704610,6095,open
704710,6096,open
704812,6097,open
704912,6098,open
705011,6099,open
705110,6100,open
705211,6101,open
705309,6102,open
705409,6103,open
705508,6104,open
705613,6105,open
705716,6106,open
705816,6107,open
705919,6108,open
706022,6109,open
706128,6110,open
706228,6111,open
706327,6112,open
706429,6113,open
706531,6114,open
706632,6115,open
706736,6116,open
706835,6117,open
706935,6118,open
707034,6119,open
707148,6120,open
707247,6121,open
707346,6122,open
707443,6123,open
707553,6124,open
707653,6125,open
707752,6126,open
707851,6127,open
707951,6128,open
708052,6129,open
708152,6130,open
708252,6131,open
708359,6132,open
708462,6133,open
708562,6134,open
708662,6135,open
708765,6136,open
708865,6137,open
708964,6138,closed
709083,6139,open
709186,6140,open
709285,6141,open
709386,6142,open
709485,6143,open
709588,6144,open
709694,6145,open
709794,6146,open
709893,6147,open
709992,6148,open
710093,6149,open
710207,6150,open
710312,6151,open
710411,6152,open
710511,6153,open
710610,6154,open
710710,6155,open
710810,6156,open
710909,6157,open
711010,6158,open
711116,6159,open
711216,6160,open
711314,6161,open
711413,6162,open
711517,6163,open
711616,6164,open
711717,6165,open
711825,6166,open
711924,6167,open
712023,6168,open
712123,6169,open
712222,6170,open
712320,6171,open
712421,6172,open
712526,6173,open
712626,6174,open
712726,6175,open
712825,6176,open
712924,6177,open
713024,6178,open
713125,6179,open
713242,6180,open
713335,6181,open
713431,6182,open
713531,6183,open
713630,6184,open
713729,6185,open
713835,6186,open
713940,6187,open
714040,6188,open
714141,6189,open
714240,6190,open
714339,6191,open
714439,6192,open
714539,6193,open
714669,6194,open
716850,6195,open
717592,6196,open
718264,6197,closed
718519,6198,open
718618,6199,open
718717,6200,open
718817,6201,open
718916,6202,open
719015,6203,open
719115,6204,open
719214,6205,open
719318,6206,open
719418,6207,open
719517,6208,open
719620,6209,open
719729,6210,open
719829,6211,open
719928,6212,open
720036,6213,open
720135,6214,open
720234,6215,open
720329,6216,open
720422,6217,open
720519,6218,open
720619,6219,open
720724,6220,open
720824,6221,open
720924,6222,open
721024,6223,open
721123,6224,open
721223,6225,open
721322,6226,open
721421,6227,open
721523,6228,open
721623,6229,open
721722,6230,open
721821,6231,open
721921,6232,open
722022,6233,open
722127,6234,open
722227,6235,open
722321,6236,open
722412,6237,open
722512,6238,open
722612,6239,open
722731,6240,open
722830,6241,open
722930,6242,open
723031,6243,open
723133,6244,open
723232,6245,open
723331,6246,open
723436,6247,open
723536,6248,open
723635,6249,open
723734,6250,open
723834,6251,open
723933,6252,open
724032,6253,open
724131,6254,open
724231,6255,open
724336,6256,open
724436,6257,open
724535,6258,open
724636,6259,open
724735,6260,open
724834,6261,open
724936,6262,open
725041,6263,open
725140,6264,open
725239,6265,open
725337,6266,open
725439,6267,open
725539,6268,open
725639,6269,open
725754,6270,open
725856,6271,open
725956,6272,open
726055,6273,open
726154,6274,closed
726264,6275,open
726360,6276,open
726459,6277,open
726559,6278,open
726661,6279,open
726760,6280,open
726858,6281,open
726958,6282,closed
727058,6283,open
727157,6284,open
727262,6285,open
727356,6286,open
727450,6287,open
727551,6288,open
727650,6289,open
727749,6290,open
727850,6291,open
727954,6292,open
728053,6293,open
728153,6294,open
728252,6295,open
728350,6296,open
728451,6297,open
728555,6298,open
728654,6299,open
728767,6300,open
728869,6301,open
728972,6302,open
729071,6303,open
729172,6304,open
729271,6305,open
729368,6306,open
729464,6307,open
729565,6308,open
729665,6309,open
729768,6310,open
729869,6311,open
729969,6312,open
730077,6313,open
730177,6314,open
730277,6315,open
730385,6316,open
730484,6317,open
730585,6318,open
730684,6319,open
730785,6320,open
730889,6321,open
730989,6322,open
731088,6323,open
731187,6324,open
731289,6325,open
731388,6326,open
731493,6327,open
731592,6328,open
731696,6329,open
731807,6330,open
731906,6331,open
732007,6332,open
732110,6333,open
732215,6334,open
732313,6335,open
732416,6336,open
732520,6337,open
732621,6338,open
732722,6339,open
732822,6340,open
732924,6341,open
733030,6342,open
733130,6343,open
733229,6344,open
733328,6345,open
733432,6346,open
733531,6347,open
733635,6348,open
733741,6349,open
733841,6350,open
733941,6351,open
734041,6352,open
734142,6353,open
734242,6354,open
734335,6355,open
734436,6356,open
734536,6357,open
734637,6358,open
734740,6359,open
734851,6360,open
734951,6361,open
735058,6362,open
735162,6363,open
735264,6364,open
735364,6365,open
735466,6366,open
735567,6367,open
735670,6368,open
735777,6369,open
735878,6370,open
735981,6371,open
736082,6372,open
736183,6373,open
736283,6374,open
736382,6375,open
736483,6376,open
736588,6377,open
736689,6378,open
736790,6379,open
736891,6380,open
736992,6381,open
737112,6382,open
737213,6383,open
737317,6384,open
737418,6385,open
737520,6386,open
737621,6387,open
737726,6388,open
737830,6389,open
737942,6390,open
738043,6391,open
738146,6392,open
738247,6393,open
738347,6394,open
738456,6395,open
738556,6396,open
738655,6397,open
738789,6398,open
738889,6399,open
738989,6400,open
739090,6401,open
739194,6402,open
739295,6403,open
739389,6404,open
739492,6405,open
739597,6406,open
739696,6407,open
739796,6408,open
739900,6409,open
740000,6410,open
740098,6411,open
740197,6412,open
740304,6413,open
740403,6414,open
740502,6415,open
740608,6416,open
740711,6417,open
740811,6418,open
740910,6419,open
741024,6420,closed
741138,6421,open
741238,6422,open
741333,6423,open
741425,6424,open
741529,6425,open
741630,6426,open
741732,6427,open
741831,6428,open
741931,6429,open
742036,6430,open
742136,6431,open
742235,6432,open
742333,6433,open
742432,6434,open
742534,6435,open
742637,6436,open
742740,6437,open
742841,6438,open
742941,6439,open
743043,6440,open
743142,6441,open
743241,6442,open
743340,6443,open
743446,6444,open
743547,6445,open
743647,6446,open
743747,6447,open
743846,6448,open
743946,6449,open
744059,6450,open
744167,6451,open
744271,6452,open
744361,6453,open
744456,6454,open
744556,6455,open
744660,6456,open
744759,6457,open
744864,6458,open
744963,6459,open
745063,6460,open
745162,6461,open
745261,6462,open
745361,6463,open
745460,6464,open
745560,6465,open
745668,6466,open
745771,6467,open
745872,6468,open
745971,6469,open
746070,6470,open
746181,6471,open
746282,6472,open
746384,6473,open
746482,6474,open
746585,6475,open
746685,6476,open
746784,6477,open
746883,6478,open
746982,6479,open
747101,6480,open
747200,6481,open
747300,6482,open
747399,6483,open
747506,6484,open
747605,6485,open
747713,6486,open
747812,6487,open
747912,6488,open
748012,6489,closed
748111,6490,open
748211,6491,open
748311,6492,open
748412,6493,open
748520,6494,open
748619,6495,open
748724,6496,open
748823,6497,open
748924,6498,open
749024,6499,open
749126,6500,open
749225,6501,closed
749338,6502,open
749435,6503,open
749537,6504,open
749637,6505,open
749738,6506,open
749838,6507,open
749945,6508,open
750046,6509,open
750156,6510,open
750256,6511,open
750357,6512,open
750462,6513,open
750562,6514,open
750671,6515,open
750771,6516,open
750872,6517,open
750973,6518,open
751074,6519,open
751174,6520,open
751275,6521,open
751373,6522,open
751474,6523,open
751579,6524,open
751679,6525,open
751780,6526,open
751879,6527,open
751983,6528,unsure
752083,6529,unsure
752190,6530,unsure
752289,6531,unsure
752391,6532,unsure
752492,6533,unsure
752593,6534,unsure
752694,6535,unsure
752800,6536,unsure
752900,6537,unsure
753001,6538,unsure
753102,6539,unsure
753216,6540,unsure
753317,6541,unsure
753420,6542,unsure
753521,6543,unsure
753622,6544,unsure
753722,6545,unsure
753822,6546,unsure
753922,6547,unsure
754024,6548,unsure
754123,6549,unsure
754228,6550,unsure
754328,6551,unsure
754428,6552,unsure
754534,6553,unsure
754633,6554,unsure
754736,6555,unsure
754837,6556,unsure
754936,6557,unsure
755040,6558,unsure
755141,6559,unsure
755241,6560,unsure
755339,6561,unsure
755441,6562,unsure
755542,6563,unsure
755651,6564,unsure
755750,6565,unsure
755850,6566,unsure
755950,6567,unsure
756049,6568,unsure
756149,6569,unsure
756267,6570,unsure
756366,6571,unsure
756472,6572,unsure
756575,6573,unsure
756674,6574,unsure
756774,6575,unsure
756873,6576,unsure
756973,6577,unsure
757080,6578,unsure
757180,6579,unsure
757279,6580,unsure
757387,6581,unsure
757487,6582,unsure
757589,6583,unsure
757689,6584,unsure
757788,6585,unsure
757907,6586,unsure
758008,6587,unsure
758107,6588,unsure
758209,6589,unsure
758308,6590,unsure
758412,6591,unsure
758519,6592,unsure
758619,6593,unsure
758721,6594,unsure
758821,6595,unsure
758921,6596,unsure
759020,6597,unsure
759120,6598,unsure
759225,6599,unsure
759337,6600,unsure
759466,6601,unsure
759568,6602,unsure
759668,6603,unsure
759779,6604,unsure
759882,6605,unsure
759984,6606,unsure
760083,6607,unsure
760182,6608,unsure
760281,6609,unsure
760385,6610,unsure
760483,6611,unsure
760583,6612,unsure
760687,6613,unsure
760787,6614,unsure
760886,6615,unsure
760988,6616,unsure
761087,6617,unsure
761187,6618,unsure
761287,6619,unsure
761392,6620,unsure
761495,6621,unsure
761596,6622,unsure
761697,6623,unsure
761796,6624,unsure
761896,6625,unsure
761995,6626,unsure
762102,6627,unsure
762202,6628,unsure
762302,6629,unsure
762411,6630,unsure
762511,6631,unsure
762615,6632,unsure
762723,6633,unsure
762824,6634,unsure
762924,6635,unsure
763023,6636,unsure
763135,6637,unsure
763233,6638,unsure
763333,6639,unsure
763439,6640,unsure
763540,6641,unsure
763639,6642,unsure
763743,6643,unsure
763846,6644,unsure
763949,6645,unsure
764048,6646,unsure
764153,6647,unsure
764253,6648,unsure
764352,6649,unsure
764453,6650,unsure
764553,6651,unsure
764653,6652,unsure
764752,6653,unsure
764858,6654,unsure
764957,6655,unsure
765057,6656,unsure
765157,6657,unsure
765256,6658,unsure
765355,6659,unsure
765467,6660,unsure
765567,6661,unsure
765670,6662,unsure
765771,6663,unsure
765881,6664,unsure
765987,6665,unsure
766087,6666,unsure
766195,6667,unsure
766295,6668,unsure
766394,6669,unsure
766494,6670,unsure
766595,6671,unsure
766695,6672,unsure
766795,6673,unsure
766900,6674,unsure
767000,6675,unsure
767099,6676,unsure
767199,6677,unsure
767299,6678,unsure
767401,6679,unsure
767505,6680,unsure
767605,6681,unsure
767710,6682,unsure
767810,6683,unsure
767910,6684,unsure
768010,6685,unsure
768110,6686,unsure
768213,6687,unsure
768313,6688,unsure
768414,6689,unsure
768523,6690,unsure
768630,6691,unsure
768731,6692,unsure
768831,6693,unsure
768933,6694,unsure
769040,6695,unsure
769141,6696,unsure
769242,6697,unsure
769342,6698,unsure
769442,6699,unsure
769543,6700,unsure
769644,6701,unsure
769748,6702,unsure
769849,6703,unsure
769950,6704,unsure
770052,6705,unsure
770154,6706,unsure
770255,6707,unsure
770353,6708,unsure
770463,6709,unsure
770564,6710,unsure
770666,6711,unsure
770766,6712,unsure
770869,6713,unsure
770968,6714,unsure
771069,6715,unsure
771173,6716,unsure
771272,6717,unsure
771372,6718,unsure
771472,6719,unsure
771587,6720,open
771688,6721,open
771787,6722,open
771891,6723,open
771995,6724,open
772096,6725,open
772198,6726,open
772298,6727,open
772402,6728,open
772503,6729,open
772610,6730,open
772716,6731,open
772815,6732,open
772917,6733,open
773018,6734,open
773120,6735,open
773220,6736,open
773318,6737,open
773417,6738,open
773536,6739,open
773637,6740,open
773737,6741,open
773838,6742,open
773942,6743,open
774049,6744,open
774149,6745,open
774250,6746,open
774350,6747,open
774451,6748,open
774554,6749,open
774676,6750,open
774775,6751,open
774875,6752,open
774975,6753,open
775077,6754,open
775176,6755,open
775288,6756,closed
775391,6757,open
775491,6758,open
775591,6759,open
775690,6760,open
775791,6761,open
775892,6762,open
775993,6763,open
776100,6764,open
776205,6765,open
776303,6766,open
776395,6767,open
776495,6768,open
776595,6769,open
776696,6770,open
776802,6771,open
776907,6772,open
777007,6773,open
777106,6774,open
777206,6775,open
777306,6776,open
777412,6777,open
777513,6778,open
777618,6779,open
777733,6780,open
777832,6781,open
777932,6782,open
778035,6783,open
778140,6784,open
778240,6785,open
778334,6786,open
778426,6787,open
778527,6788,open
778626,6789,open
778730,6790,open
778837,6791,open
778938,6792,open
779038,6793,open
779139,6794,open
779243,6795,open
779343,6796,open
779445,6797,open
779552,6798,open
779684,6799,open
779783,6800,open
779883,6801,open
779984,6802,open
780084,6803,open
780183,6804,open
780289,6805,open
780388,6806,open
780487,6807,open
780587,6808,open
780688,6809,open
780799,6810,open
780905,6811,open
781005,6812,open
781105,6813,open
781204,6814,open
781304,6815,open
781408,6816,open
781508,6817,open
781615,6818,open
781714,6819,open
781814,6820,open
781914,6821,open
782017,6822,open
782117,6823,open
782219,6824,open
782323,6825,open
782429,6826,open
782533,6827,open
782633,6828,open
782736,6829,open
782835,6830,open
782935,6831,open
783034,6832,open
783142,6833,open
783242,6834,open
783342,6835,open
783444,6836,open
783547,6837,open
783646,6838,open
783747,6839,open
783866,6840,open
783966,6841,open
784067,6842,open
784168,6843,open
784267,6844,open
784369,6845,open
784476,6846,open
784576,6847,open
784675,6848,open
784775,6849,open
784875,6850,open
784977,6851,open
785076,6852,open
785176,6853,open
785283,6854,open
785392,6855,open
785492,6856,open
785596,6857,open
785697,6858,open
785800,6859,open
785901,6860,open
786005,6861,open
786106,6862,open
786205,6863,open
786305,6864,open
786406,6865,open
786507,6866,open
786613,6867,open
786718,6868,open
786819,6869,open
786933,6870,open
787035,6871,open
787136,6872,open
787235,6873,open
787338,6874,open
787443,6875,open
787544,6876,open
787646,6877,open
787745,6878,open
787845,6879,open
787945,6880,open
788051,6881,open
788152,6882,open
788251,6883,open
788351,6884,open
788456,6885,open
788564,6886,open
788663,6887,open
788768,6888,open
788869,6889,open
788973,6890,open
789075,6891,open
789177,6892,open
789277,6893,open
789395,6894,open
789495,6895,open
789596,6896,open
789701,6897,open
789802,6898,open
789903,6899,open
790021,6900,open
790122,6901,open
790223,6902,open
790325,6903,open
790430,6904,open
790532,6905,open
790633,6906,open
790740,6907,open
790847,6908,open
790947,6909,open
791048,6910,open
791151,6911,open
791252,6912,open
791346,6913,open
791441,6914,open
791547,6915,open
791648,6916,open
791749,6917,open
791850,6918,open
791951,6919,open
792052,6920,open
792159,6921,open
792260,6922,open
792359,6923,open
792460,6924,open
792561,6925,open
792663,6926,open
792765,6927,open
792870,6928,open
792971,6929,open
793082,6930,open
793182,6931,open
793283,6932,open
793380,6933,open
793487,6934,open
793589,6935,open
793689,6936,open
793790,6937,open
793891,6938,open
793991,6939,open
794093,6940,open
794195,6941,open
794302,6942,open
794403,6943,open
794505,6944,open
794609,6945,open
794711,6946,open
794811,6947,open
794910,6948,open
795016,6949,open
795115,6950,closed
795227,6951,open
795322,6952,open
795421,6953,open
795521,6954,open
795627,6955,open
795727,6956,open
795829,6957,open
795929,6958,open
796029,6959,open
796140,6960,open
796241,6961,open
796349,6962,open
796452,6963,open
796553,6964,open
796654,6965,open
796754,6966,open
796855,6967,open
796955,6968,open
797056,6969,open
797160,6970,open
797261,6971,open
797360,6972,open
797461,6973,open
797567,6974,open
797670,6975,open
797770,6976,open
797876,6977,open
797976,6978,open
798076,6979,open
798178,6980,open
798279,6981,open
798371,6982,open
798467,6983,open
798568,6984,open
798671,6985,open
798773,6986,open
798874,6987,open
798975,6988,open
799076,6989,open
799196,6990,open
799295,6991,open
799400,6992,open
799502,6993,open
799602,6994,open
799703,6995,open
799803,6996,open
799907,6997,open
800038,6998,open
800137,6999,open
800237,7000,open
800333,7001,open
800427,7002,open
800532,7003,open
800631,7004,open
800733,7005,open
800837,7006,open
800937,7007,open
801039,7008,open
801139,7009,open
801238,7010,open
801344,7011,open
801444,7012,open
801548,7013,open
801648,7014,open
801747,7015,open
801848,7016,closed
801972,7017,open
802072,7018,open
802173,7019,open
802290,7020,open
802391,7021,open
802490,7022,open
802597,7023,open
802698,7024,open
802799,7025,open
802899,7026,open
802999,7027,open
803100,7028,open
803201,7029,open
803301,7030,open
803401,7031,open
803502,7032,open
803602,7033,open
803703,7034,open
803807,7035,open
803908,7036,open
804012,7037,open
804113,7038,open
804214,7039,open
804314,7040,open
804414,7041,open
804517,7042,open
804617,7043,open
804723,7044,open
804823,7045,open
804923,7046,open
805023,7047,open
805123,7048,open
805223,7049,open
805333,7050,open
805425,7051,open
805526,7052,open
805629,7053,open
805729,7054,open
805829,7055,open
805929,7056,open
806030,7057,open
806136,7058,open
806236,7059,open
806336,7060,open
806437,7061,open
806540,7062,open
806639,7063,open
806740,7064,open
806850,7065,open
806950,7066,open
807051,7067,open
807151,7068,open
807252,7069,open
807347,7070,open
807440,7071,open
807546,7072,open
807646,7073,open
807746,7074,open
807848,7075,open
807949,7076,open
808049,7077,open
808156,7078,open
808256,7079,open
808368,7080,open
808468,7081,open
808571,7082,open
808671,7083,open
808771,7084,open
808878,7085,open
808982,7086,open
809082,7087,open
809195,7088,open
809292,7089,open
809396,7090,open
809496,7091,open
809602,7092,open
809703,7093,open
809803,7094,open
809905,7095,open
810006,7096,open
810105,7097,open
810205,7098,open
810308,7099,open
810407,7100,open
810512,7101,open
810615,7102,open
810716,7103,open
810816,7104,open
810915,7105,open
811022,7106,open
811122,7107,open
811223,7108,open
811323,7109,open
811433,7110,open
811534,7111,open
811644,7112,open
811745,7113,open
811846,7114,open
811947,7115,open
812048,7116,open
812149,7117,open
812251,7118,open
812345,7119,open
812447,7120,open
812547,7121,open
812648,7122,open
812747,7123,open
812848,7124,open
812948,7125,open
813048,7126,open
813153,7127,open
813252,7128,open
813358,7129,open
813459,7130,open
813559,7131,open
813667,7132,open
813774,7133,open
813881,7134,open
813980,7135,open
814079,7136,open
814178,7137,open
814277,7138,open
814369,7139,open
814486,7140,open
814585,7141,open
814688,7142,open
814789,7143,open
814888,7144,open
814987,7145,open
815086,7146,open
815197,7147,open
815299,7148,closed
815401,7149,closed
815515,7150,closed
815614,7151,open
815714,7152,open
815814,7153,open
815913,7154,open
816017,7155,open
816116,7156,open
816216,7157,open
816315,7158,open
816414,7159,open
816515,7160,open
816623,7161,open
816723,7162,open
816822,7163,closed
816922,7164,closed
817035,7165,open
817132,7166,open
817233,7167,open
817338,7168,open
817441,7169,open
817553,7170,open
817652,7171,open
817753,7172,open
817852,7173,open
817952,7174,open
818058,7175,open
818159,7176,open
818258,7177,open
818359,7178,open
818458,7179,open
818562,7180,open
818662,7181,open
818769,7182,open
818868,7183,open
818969,7184,open
819070,7185,open
819170,7186,open
819270,7187,open
819371,7188,open
819477,7189,open
819577,7190,open
819695,7191,open
819791,7192,open
819892,7193,open
819992,7194,open
820096,7195,open
820203,7196,open
820302,7197,open
820435,7198,open
820540,7199,open
820650,7200,open
820749,7201,open
820855,7202,open
820954,7203,open
821057,7204,open
821156,7205,open
821256,7206,open
821355,7207,open
821454,7208,open
821560,7209,open
821663,7210,open
821763,7211,open
821862,7212,open
821962,7213,open
822061,7214,open
822161,7215,open
822260,7216,open
822367,7217,open
822466,7218,open
822567,7219,open
822668,7220,open
822768,7221,open
822869,7222,open
822968,7223,open
823074,7224,open
823174,7225,open
823275,7226,open
823374,7227,open
823475,7228,open
823578,7229,open
823696,7230,open
823795,7231,open
823895,7232,open
823995,7233,open
824097,7234,open
824196,7235,open
824295,7236,open
824396,7237,open
824496,7238,open
824595,7239,open
824699,7240,open
824798,7241,open
824898,7242,open
824996,7243,open
825096,7244,open
825201,7245,open
825305,7246,open
825404,7247,open
825508,7248,open
825609,7249,open
825709,7250,open
825808,7251,open
825914,7252,open
826013,7253,open
826112,7254,open
826212,7255,open
826312,7256,open
826412,7257,open
826513,7258,open
826624,7259,open
826734,7260,open
826835,7261,open
826938,7262,open
827041,7263,open
827148,7264,open
827248,7265,open
827350,7266,open
827454,7267,open
827554,7268,open
827654,7269,open
827753,7270,open
827853,7271,open
827952,7272,open
828057,7273,open
828160,7274,open
828259,7275,open
828359,7276,open
828458,7277,open
828562,7278,open
828665,7279,open
828771,7280,open
828871,7281,open
828970,7282,open
829070,7283,open
829169,7284,open
829268,7285,open
829367,7286,open
829474,7287,open
829574,7288,open
829691,7289,open
829794,7290,open
829894,7291,open
829994,7292,open
830105,7293,open
830206,7294,open
830307,7295,open
830408,7296,open
830510,7297,open
830613,7298,closed
830725,7299,open
830829,7300,open
830929,7301,open
831030,7302,open
831130,7303,open
831231,7304,open
831335,7305,open
831436,7306,open
831542,7307,open
831647,7308,open
831749,7309,open
831850,7310,open
831950,7311,open
832051,7312,open
832152,7313,open
832258,7314,open
832357,7315,open
832458,7316,open
832559,7317,open
832659,7318,open
832764,7319,open
832880,7320,open
832981,7321,open
833081,7322,open
833184,7323,open
833286,7324,open
833386,7325,open
833490,7326,open
833597,7327,open
833698,7328,open
833800,7329,open
833901,7330,open
834001,7331,open
834102,7332,open
834202,7333,open
834303,7334,open
834477,7335,open
834580,7336,open
834681,7337,open
834781,7338,open
834883,7339,open
834982,7340,open
835083,7341,open
835200,7342,open
835301,7343,open
835401,7344,open
835505,7345,open
835605,7346,open
835706,7347,open
835806,7348,open
835913,7349,open
836027,7350,open
836130,7351,open
836231,7352,open
836331,7353,open
836432,7354,open
836538,7355,open
836646,7356,open
836745,7357,open
836846,7358,open
836947,7359,open
837052,7360,open
837153,7361,open
837259,7362,open
837359,7363,open
837459,7364,open
837564,7365,open
837665,7366,open
837770,7367,open
837872,7368,open
837980,7369,open
838080,7370,open
838181,7371,open
838281,7372,open
838384,7373,open
838487,7374,open
838591,7375,open
838690,7376,open
838790,7377,open
838890,7378,open
838991,7379,open
839102,7380,open
839202,7381,open
839308,7382,open
839410,7383,open
839511,7384,open
839611,7385,open
839712,7386,open
839812,7387,open
839913,7388,open
840018,7389,open
840119,7390,open
840220,7391,open
840321,7392,open
840426,7393,open
840527,7394,open
840632,7395,open
840739,7396,open
840838,7397,open
840938,7398,open
841071,7399,open
841173,7400,open
841272,7401,open
841371,7402,open
841476,7403,open
841580,7404,open
841679,7405,open
841781,7406,open
841880,7407,open
841979,7408,open
842079,7409,open
842198,7410,open
842302,7411,open
842405,7412,open
842507,7413,open
842609,7414,open
842710,7415,open
842817,7416,open
842918,7417,open
843019,7418,open
843118,7419,open
843220,7420,closed
843329,7421,open
843428,7422,open
843535,7423,open
843636,7424,open
843737,7425,open
843837,7426,open
843938,7427,open
844038,7428,open
844138,7429,open
844245,7430,open
844344,7431,open
844444,7432,open
844547,7433,open
844649,7434,open
844748,7435,open
844848,7436,open
844954,7437,open
845055,7438,open
845155,7439,open
845273,7440,open
845373,7441,open
845473,7442,open
845579,7443,open
845682,7444,open
845782,7445,open
845881,7446,open
845981,7447,open
846080,7448,open
846180,7449,open
846279,7450,open
846394,7451,open
846497,7452,open
846597,7453,open
846696,7454,open
846796,7455,open
846898,7456,open
846997,7457,open
847097,7458,open
847202,7459,open
847299,7460,open
847389,7461,open
847488,7462,open
847588,7463,open
847689,7464,open
847788,7465,open
847895,7466,open
847994,7467,open
848094,7468,open
848193,7469,open
848306,7470,open
848407,7471,open
848513,7472,open
848612,7473,open
848712,7474,open
848812,7475,open
848911,7476,open
849012,7477,open
849112,7478,open
849212,7479,open
849315,7480,open
849406,7481,open
849515,7482,open
849615,7483,open
849715,7484,open
849820,7485,open
849920,7486,open
850027,7487,open
850127,7488,open
850226,7489,open
850325,7490,open
850423,7491,open
850520,7492,open
850618,7493,open
850725,7494,open
850825,7495,open
850924,7496,open
851024,7497,open
851125,7498,open
851225,7499,open
851335,7500,open
851440,7501,open
851541,7502,open
851642,7503,open
851742,7504,open
851843,7505,open
851942,7506,open
852042,7507,open
852142,7508,open
852245,7509,open
852344,7510,open
852445,7511,open
852546,7512,open
852646,7513,open
852745,7514,open
852846,7515,open
852953,7516,open
853052,7517,open
853151,7518,open
853251,7519,open
853350,7520,open
853449,7521,open
853551,7522,open
853657,7523,open
853761,7524,open
853862,7525,open
853963,7526,open
854064,7527,open
854163,7528,open
854263,7529,open
854381,7530,open
854480,7531,open
854583,7532,open
854684,7533,open
854783,7534,open
854884,7535,open
854983,7536,open
855083,7537,open
855189,7538,open
855289,7539,open
855387,7540,open
855488,7541,open
855589,7542,open
855690,7543,open
855791,7544,open
855891,7545,open
855999,7546,open
856099,7547,open
856201,7548,open
856302,7549,open
856401,7550,open
856504,7551,open
856610,7552,open
856710,7553,open
856810,7554,open
856910,7555,open
857011,7556,open
857110,7557,open
857211,7558,open
857313,7559,open
857422,7560,open
857521,7561,open
857625,7562,open
857724,7563,open
857823,7564,open
857923,7565,open
858029,7566,open
858130,7567,open
858230,7568,open
858330,7569,open
858430,7570,open
858535,7571,open
858634,7572,open
858736,7573,open
858842,7574,open
858941,7575,open
859040,7576,open
859141,7577,open
859240,7578,open
859340,7579,open
859440,7580,open
859550,7581,open
859651,7582,open
859751,7583,open
859852,7584,open
859953,7585,open
860054,7586,open
860154,7587,open
860260,7588,open
860359,7589,open
860467,7590,open
860567,7591,open
860671,7592,open
860772,7593,open
860875,7594,open
860976,7595,open
861076,7596,open
861176,7597,open
861277,7598,open
861392,7599,open
861493,7600,open
861608,7601,open
861708,7602,open
861843,7603,open
861943,7604,open
862043,7605,open
862142,7606,open
862241,7607,open
862346,7608,open
862445,7609,open
862547,7610,open
862652,7611,open
862752,7612,open
862851,7613,open
862950,7614,open
863050,7615,open
863157,7616,open
863256,7617,open
863355,7618,open
863460,7619,open
863568,7620,open
863668,7621,open
863771,7622,open
863877,7623,open
863977,7624,open
864076,7625,open
864177,7626,open
864276,7627,open
864387,7628,open
864487,7629,open
864592,7630,open
864696,7631,open
864795,7632,open
864895,7633,open
864994,7634,open
865093,7635,open
865196,7636,open
865296,7637,open
865399,7638,open
865499,7639,open
865598,7640,open
865697,7641,open
865797,7642,open
865896,7643,open
865995,7644,open
866100,7645,open
866201,7646,open
866299,7647,open
866389,7648,open
866487,7649,open
866595,7650,open
866696,7651,open
866801,7652,open
866904,7653,open
867003,7654,open
867102,7655,open
867202,7656,open
867300,7657,open
867402,7658,open
867508,7659,open
867608,7660,open
867713,7661,open
867812,7662,open
867911,7663,open
868012,7664,open
868111,7665,open
868214,7666,open
868311,7667,open
868407,7668,open
868510,7669,open
868610,7670,open
868709,7671,open
868812,7672,open
868913,7673,open
869016,7674,open
869115,7675,open
869216,7676,open
869314,7677,open
869413,7678,open
869513,7679,open
869631,7680,open
869730,7681,open
869830,7682,open
869929,7683,open
870032,7684,open
870132,7685,open
870231,7686,open
870330,7687,open
870438,7688,open
870538,7689,open
870637,7690,open
870736,7691,open
870835,7692,open
870936,7693,open
871035,7694,open
871136,7695,open
871240,7696,open
871339,7697,open
871438,7698,open
871541,7699,open
871641,7700,open
871740,7701,open
871842,7702,open
871948,7703,open
872049,7704,open
872148,7705,open
872249,7706,open
872348,7707,open
872448,7708,open
872547,7709,open
872663,7710,open
872764,7711,open
872863,7712,open
872962,7713,open
873065,7714,open
873164,7715,closed
873264,7716,closed
873362,7717,open
873459,7718,open
873559,7719,open
873660,7720,open
873760,7721,open
873864,7722,open
873963,7723,open
874064,7724,open
874170,7725,open
874274,7726,open
874373,7727,open
874474,7728,open
874576,7729,open
874675,7730,open
874779,7731,open
874880,7732,open
874981,7733,open
875081,7734,open
875182,7735,open
875282,7736,open
875374,7737,open
875470,7738,open
875571,7739,open
875679,7740,open
875784,7741,open
875884,7742,open
875986,7743,open
876087,7744,open
876187,7745,open
876291,7746,open
876388,7747,open
876493,7748,open
876595,7749,open
876696,7750,open
876795,7751,open
876895,7752,open
877000,7753,open
877100,7754,open
877199,7755,open
877301,7756,open
877400,7757,open
877500,7758,open
877599,7759,open
877705,7760,open
877805,7761,open
877905,7762,open
878005,7763,open
878104,7764,open
878203,7765,open
878303,7766,open
878410,7767,open
878510,7768,open
878610,7769,open
878724,7770,open
878829,7771,open
878929,7772,open
879034,7773,open
879135,7774,open
879234,7775,open
879334,7776,open
879434,7777,open
879539,7778,open
879638,7779,open
879738,7780,open
879844,7781,open
879944,7782,open
880044,7783,open
880144,7784,open
880245,7785,open
880338,7786,open
880432,7787,open
880538,7788,open
880638,7789,open
880741,7790,open
880841,7791,open
880942,7792,open
881042,7793,open
881143,7794,open
881249,7795,open
881348,7796,open
881451,7797,open
881552,7798,open
881658,7799,open
881769,7800,open
881878,7801,open
881979,7802,open
882082,7803,open
882184,7804,open
882283,7805,open
882375,7806,open
882470,7807,open
882578,7808,open
882677,7809,open
882777,7810,open
882877,7811,open
882976,7812,open
883076,7813,open
883175,7814,open
883277,7815,open
883390,7816,open
883490,7817,open
883590,7818,open
883690,7819,open
883790,7820,open
883889,7821,open
883989,7822,open
884094,7823,open
884194,7824,open
884293,7825,open
884392,7826,open
884496,7827,open
884596,7828,open
884696,7829,open
884813,7830,open
884920,7831,open
885020,7832,open
885121,7833,open
885222,7834,open
885327,7835,open
885427,7836,open
885528,7837,open
885629,7838,open
885729,7839,open
885830,7840,open
885931,7841,open
886030,7842,open
886137,7843,open
886237,7844,open
886339,7845,open
886444,7846,open
886544,7847,open
886644,7848,open
886744,7849,open
886851,7850,open
886951,7851,open
887050,7852,open
887149,7853,open
887249,7854,open
887341,7855,open
887434,7856,open
887543,7857,open
887642,7858,open
887741,7859,open
887852,7860,open
887954,7861,open
888054,7862,open
888153,7863,open
888260,7864,open
888360,7865,open
888459,7866,open
888559,7867,open
888660,7868,open
888762,7869,open
888863,7870,open
888963,7871,open
889066,7872,unsure
889167,7873,unsure
889278,7874,unsure
889364,7875,unsure
889467,7876,unsure
889567,7877,unsure
889678,7878,unsure
889777,7879,unsure
889878,7880,unsure
889977,7881,unsure
890097,7882,unsure
890448,7883,unsure
891094,7884,unsure
891685,7885,unsure
892971,7886,unsure
893630,7887,unsure
893857,7888,unsure
893957,7889,unsure
894071,7890,unsure
894170,7891,unsure
894270,7892,unsure
894360,7893,unsure
894456,7894,unsure
894558,7895,unsure
894657,7896,unsure
894757,7897,unsure
894857,7898,unsure
894958,7899,unsure
895057,7900,unsure
895156,7901,unsure
895265,7902,unsure
895364,7903,unsure
895464,7904,unsure
895564,7905,unsure
895668,7906,unsure
895771,7907,unsure
895873,7908,unsure
895984,7909,unsure
896084,7910,unsure
896183,7911,unsure
896283,7912,unsure
896385,7913,unsure
896485,7914,unsure
896585,7915,unsure
896691,7916,unsure
896790,7917,unsure
896890,7918,unsure
896989,7919,unsure
897102,7920,unsure
897203,7921,unsure
897304,7922,unsure
897401,7923,unsure
897500,7924,unsure
897600,7925,unsure
897704,7926,unsure
897804,7927,unsure
897905,7928,unsure
898004,7929,unsure
898104,7930,unsure
898211,7931,unsure
898310,7932,unsure
898410,7933,unsure
898513,7934,unsure
898615,7935,unsure
898718,7936,unsure
898818,7937,unsure
898923,7938,unsure
899024,7939,unsure
899124,7940,unsure
899223,7941,unsure
899323,7942,unsure
899423,7943,unsure
899524,7944,unsure
899634,7945,unsure
899733,7946,unsure
899839,7947,unsure
899939,7948,unsure
900038,7949,unsure
900152,7950,unsure
900257,7951,unsure
900357,7952,unsure
900462,7953,unsure
900563,7954,unsure
900662,7955,unsure
900762,7956,unsure
900861,7957,unsure
900962,7958,unsure
901070,7959,unsure
901169,7960,unsure
901269,7961,unsure
901368,7962,unsure
901469,7963,unsure
901575,7964,unsure
901675,7965,unsure
901775,7966,unsure
901878,7967,unsure
901977,7968,unsure
902079,7969,unsure
902179,7970,unsure
902278,7971,unsure
902385,7972,unsure
902492,7973,unsure
902591,7974,unsure
902697,7975,unsure
902800,7976,unsure
902899,7977,unsure
902999,7978,unsure
903099,7979,unsure
903217,7980,unsure
903316,7981,unsure
903418,7982,unsure
903519,7983,unsure
903620,7984,unsure
903721,7985,unsure
903822,7986,unsure
903929,7987,unsure
904029,7988,unsure
904129,7989,unsure
904228,7990,unsure
904329,7991,unsure
904429,7992,unsure
904530,7993,unsure
904637,7994,unsure
904740,7995,unsure
904842,7996,unsure
904942,7997,unsure
905042,7998,unsure
905141,7999,unsure
905254,8000,unsure
905359,8001,unsure
905459,8002,unsure
905559,8003,unsure
905661,8004,unsure
905760,8005,unsure
905860,8006,unsure
905962,8007,unsure
906063,8008,unsure
906162,8009,unsure
906273,8010,unsure
906410,8011,unsure
906513,8012,unsure
906612,8013,unsure
906713,8014,unsure
906813,8015,unsure
906924,8016,unsure
907021,8017,unsure
907119,8018,unsure
907226,8019,unsure
907324,8020,unsure
907426,8021,unsure
907525,8022,unsure
907625,8023,unsure
907725,8024,unsure
907826,8025,unsure
907932,8026,unsure
908031,8027,unsure
908131,8028,unsure
908230,8029,unsure
908330,8030,unsure
908433,8031,unsure
908534,8032,unsure
908640,8033,unsure
908740,8034,unsure
908839,8035,unsure
908950,8036,unsure
909048,8037,unsure
909148,8038,unsure
909248,8039,unsure
909369,8040,unsure
909468,8041,unsure
909570,8042,unsure
909671,8043,unsure
909772,8044,unsure
909872,8045,unsure
909987,8046,unsure
910084,8047,unsure
910184,8048,unsure
910285,8049,unsure
910381,8050,unsure
910480,8051,unsure
910580,8052,unsure
910679,8053,unsure
910785,8054,unsure
910885,8055,unsure
910985,8056,unsure
911084,8057,unsure
911182,8058,unsure
911282,8059,unsure
911386,8060,unsure
911492,8061,unsure
911593,8062,unsure
911693,8063,unsure
911792,8064,unsure
911892,8065,unsure
911992,8066,unsure
912091,8067,unsure
912198,8068,unsure
912298,8069,unsure
912414,8070,unsure
912515,8071,unsure
912619,8072,unsure
912720,8073,unsure
912827,8074,unsure
912928,8075,unsure
913029,8076,unsure
913129,8077,unsure
913229,8078,unsure
913328,8079,unsure
913427,8080,unsure
913534,8081,unsure
913633,8082,unsure
913735,8083,unsure
913834,8084,unsure
913934,8085,unsure
914033,8086,unsure
914136,8087,unsure
914235,8088,unsure
914341,8089,unsure
914440,8090,unsure
914544,8091,unsure
914643,8092,unsure
914745,8093,unsure
914844,8094,unsure
914943,8095,unsure
915049,8096,unsure
915149,8097,unsure
915248,8098,unsure
915349,8099,unsure
915457,8100,unsure
915556,8101,unsure
915666,8102,unsure
915765,8103,unsure
915864,8104,unsure
915964,8105,unsure
916064,8106,unsure
916163,8107,unsure
916264,8108,unsure
916363,8109,unsure
916474,8110,unsure
916576,8111,unsure
916675,8112,unsure
916776,8113,unsure
916876,8114,unsure
916976,8115,unsure
917080,8116,unsure
917179,8117,unsure
917285,8118,unsure
917388,8119,unsure
917487,8120,unsure
917587,8121,unsure
917688,8122,unsure
917788,8123,unsure
917888,8124,unsure
918002,8125,unsure
918102,8126,unsure
918202,8127,unsure
918301,8128,unsure
918397,8129,unsure
918508,8130,unsure
918610,8131,unsure
918711,8132,unsure
918814,8133,unsure
918913,8134,unsure
919014,8135,unsure
919113,8136,unsure
919213,8137,unsure
919313,8138,unsure
919413,8139,unsure
919514,8140,unsure
919616,8141,unsure
919715,8142,unsure
919816,8143,unsure
919915,8144,unsure
920014,8145,unsure
920116,8146,unsure
920219,8147,unsure
920317,8148,unsure
920419,8149,unsure
920521,8150,unsure
920622,8151,unsure
920724,8152,unsure
920823,8153,unsure
920927,8154,unsure
921029,8155,unsure
921131,8156,unsure
921231,8157,unsure
921329,8158,unsure
921429,8159,unsure
921551,8160,unsure
921650,8161,unsure
921750,8162,unsure
921849,8163,unsure
921952,8164,unsure
922051,8165,unsure
922150,8166,unsure
922250,8167,unsure
922357,8168,unsure
922456,8169,unsure
922558,8170,unsure
922659,8171,unsure
922758,8172,unsure
922857,8173,unsure
922958,8174,unsure
923063,8175,unsure
923164,8176,unsure
923264,8177,unsure
923363,8178,unsure
923464,8179,unsure
923564,8180,unsure
923663,8181,unsure
923770,8182,unsure
923869,8183,unsure
923969,8184,unsure
924068,8185,unsure
924170,8186,unsure
924269,8187,unsure
924372,8188,unsure
924477,8189,unsure
924585,8190,unsure
924686,8191,unsure
924785,8192,unsure
924885,8193,unsure
924984,8194,unsure
925086,8195,unsure
925193,8196,unsure
925291,8197,unsure
925390,8198,unsure
925489,8199,unsure
925591,8200,unsure
925692,8201,unsure
925791,8202,unsure
925891,8203,unsure
925996,8204,unsure
926096,8205,unsure
926196,8206,unsure
926296,8207,unsure
926394,8208,unsure
926494,8209,unsure
926595,8210,unsure
926701,8211,unsure
926802,8212,unsure
926901,8213,unsure
927002,8214,unsure
927102,8215,unsure
927203,8216,unsure
927331,8217,unsure
927430,8218,unsure
927530,8219,unsure
927642,8220,unsure
927741,8221,unsure
927843,8222,unsure
927942,8223,unsure
928048,8224,unsure
928148,8225,unsure
928246,8226,unsure
928344,8227,unsure
928451,8228,unsure
928550,8229,unsure
928650,8230,unsure
928754,8231,unsure
928853,8232,unsure
928953,8233,unsure
929052,8234,unsure
929153,8235,unsure
929256,8236,unsure
929356,8237,unsure
929455,8238,unsure
929562,8239,unsure
929661,8240,unsure
929763,8241,unsure
929865,8242,unsure
929965,8243,unsure
930066,8244,unsure
930165,8245,unsure
930272,8246,unsure
930370,8247,unsure
930469,8248,unsure
930570,8249,unsure
930676,8250,unsure
930780,8251,unsure
930884,8252,unsure
930984,8253,unsure
931084,8254,unsure
931183,8255,unsure
931283,8256,unsure
931385,8257,unsure
931488,8258,unsure
931587,8259,unsure
931693,8260,unsure
931792,8261,unsure
931892,8262,unsure
931991,8263,unsure
932091,8264,unsure
932190,8265,unsure
932290,8266,unsure
932396,8267,unsure
932496,8268,unsure
932595,8269,unsure
932698,8270,unsure
932798,8271,unsure
932898,8272,unsure
932998,8273,unsure
933100,8274,unsure
933200,8275,unsure
933299,8276,unsure
933402,8277,unsure
933502,8278,unsure
933601,8279,unsure
933719,8280,unsure
933822,8281,unsure
933922,8282,unsure
934021,8283,unsure
934120,8284,unsure
934221,8285,unsure
934320,8286,unsure
934420,8287,unsure
934529,8288,unsure
934632,8289,unsure
934731,8290,unsure
934831,8291,unsure
934930,8292,unsure
935031,8293,unsure
935131,8294,unsure
935230,8295,unsure
935337,8296,unsure
935436,8297,unsure
935535,8298,unsure
935634,8299,unsure
935736,8300,unsure
935835,8301,unsure
935935,8302,unsure
936040,8303,unsure
936145,8304,unsure
936245,8305,unsure
936343,8306,unsure
936442,8307,unsure
936546,8308,unsure
936645,8309,unsure
936762,8310,unsure
936861,8311,unsure
936967,8312,unsure
937066,8313,unsure
937166,8314,unsure
937280,8315,unsure
937387,8316,unsure
937488,8317,unsure
937588,8318,unsure
937687,8319,unsure
937788,8320,unsure
937887,8321,unsure
937986,8322,unsure
938086,8323,unsure
938190,8324,unsure
938289,8325,unsure
938386,8326,unsure
938486,8327,unsure
938585,8328,unsure
938684,8329,unsure
938784,8330,unsure
938884,8331,unsure
938988,8332,unsure
939087,8333,unsure
939186,8334,unsure
939286,8335,unsure
939385,8336,unsure
939487,8337,unsure
939594,8338,unsure
939697,8339,unsure
939808,8340,unsure
939907,8341,unsure
940007,8342,unsure
940113,8343,unsure
940216,8344,unsure
940320,8345,unsure
940420,8346,unsure
940520,8347,unsure
940622,8348,unsure
940721,8349,unsure
940820,8350,unsure
940920,8351,unsure
941019,8352,unsure
941126,8353,unsure
941225,8354,unsure
941324,8355,unsure
941424,8356,unsure
941523,8357,unsure
941624,8358,unsure
941725,8359,unsure
941828,8360,unsure
941927,8361,unsure
942028,8362,unsure
942127,8363,unsure
942227,8364,unsure
942325,8365,unsure
942428,8366,unsure
942533,8367,unsure
942632,8368,unsure
942734,8369,unsure
942843,8370,unsure
942942,8371,unsure
943041,8372,unsure
943141,8373,unsure
943251,8374,unsure
943349,8375,unsure
943449,8376,unsure
943548,8377,unsure
943651,8378,unsure
943750,8379,unsure
943848,8380,unsure
943948,8381,unsure
944054,8382,unsure
944153,8383,unsure
944253,8384,unsure
944351,8385,unsure
944450,8386,unsure
944551,8387,unsure
944652,8388,unsure
944762,8389,unsure
944862,8390,unsure
944961,8391,unsure
945060,8392,unsure
945163,8393,unsure
945264,8394,unsure
945354,8395,unsure
945447,8396,unsure
945550,8397,unsure
945652,8398,unsure
945751,8399,unsure
945860,8400,unsure
945964,8401,unsure
946063,8402,unsure
946169,8403,unsure
946269,8404,unsure
946368,8405,unsure
946467,8406,unsure
946566,8407,unsure
946665,8408,unsure
946765,8409,unsure
946863,8410,unsure
946969,8411,unsure
947069,8412,unsure
947167,8413,unsure
947265,8414,unsure
947355,8415,unsure
947450,8416,unsure
947553,8417,unsure
947657,8418,unsure
947758,8419,unsure
947859,8420,unsure
947959,8421,unsure
948057,8422,unsure
948187,8423,unsure
948286,8424,unsure
948389,8425,unsure
948487,8426,unsure
948585,8427,unsure
948688,8428,unsure
948786,8429,unsure
948895,8430,unsure
948994,8431,unsure
949099,8432,unsure
949197,8433,unsure
949296,8434,unsure
949392,8435,unsure
949491,8436,unsure
949591,8437,unsure
949691,8438,unsure
949793,8439,unsure
949892,8440,unsure
949992,8441,unsure
950091,8442,unsure
950191,8443,unsure
950289,8444,unsure
950386,8445,unsure
950489,8446,unsure
950596,8447,unsure
950697,8448,open
950798,8449,open
950898,8450,open
950999,8451,open
951098,8452,open
951198,8453,open
951301,8454,open
951404,8455,open
951504,8456,open
951603,8457,open
951701,8458,open
951801,8459,open
951915,8460,open
952014,8461,open
952115,8462,open
952214,8463,open
952311,8464,open
952402,8465,open
952500,8466,open
952600,8467,open
952705,8468,open
952805,8469,open
952906,8470,open
953006,8471,open
953105,8472,open
953204,8473,open
953303,8474,open
953402,8475,open
953510,8476,open
953609,8477,open
953712,8478,open
953814,8479,open
953913,8480,open
954013,8481,open
954112,8482,open
954218,8483,open
954322,8484,open
954437,8485,open
954532,8486,open
954631,8487,open
954730,8488,open
954839,8489,open
954951,8490,open
955053,8491,open
955152,8492,open
955256,8493,open
955348,8494,open
955442,8495,open
955541,8496,open
955644,8497,open
955743,8498,closed
955853,8499,open
955949,8500,open
956051,8501,open
956151,8502,open
956256,8503,open
956355,8504,open
956454,8505,open
956555,8506,open
956653,8507,open
956754,8508,open
956854,8509,open
956962,8510,open
957060,8511,open
957159,8512,open
957259,8513,open
957357,8514,open
957458,8515,open
957561,8516,open
957667,8517,open
957766,8518,open
957865,8519,open
957979,8520,open
958078,8521,open
958178,8522,open
958278,8523,open
958399,8524,open
958493,8525,open
958592,8526,open
958694,8527,open
958793,8528,open
958894,8529,open
958993,8530,open
959100,8531,open
959199,8532,open
959297,8533,open
959397,8534,open
959510,8535,open
959612,8536,open
959713,8537,open
959819,8538,open
959925,8539,open
960026,8540,open
960125,8541,open
960225,8542,open
960324,8543,open
960423,8544,open
960530,8545,open
960631,8546,open
960732,8547,open
960831,8548,open
960931,8549,open
961042,8550,open
961144,8551,open
961251,8552,open
961350,8553,open
961455,8554,open
961554,8555,open
961655,8556,closed
961768,8557,open
961864,8558,open
961971,8559,open
962071,8560,open
962172,8561,open
962271,8562,open
962371,8563,open
962471,8564,open
962581,8565,open
962680,8566,open
962780,8567,open
962879,8568,open
962979,8569,open
963079,8570,open
963178,8571,open
963278,8572,open
963392,8573,open
963491,8574,open
963591,8575,open
963690,8576,open
963790,8577,open
963889,8578,open
963994,8579,open
964104,8580,open
964204,8581,open
964303,8582,open
964402,8583,open
964502,8584,open
964602,8585,open
964707,8586,open
964806,8587,open
964906,8588,open
965005,8589,open
965104,8590,open
965204,8591,open
965302,8592,open
965403,8593,open
965509,8594,open
965611,8595,open
965714,8596,open
965813,8597,open
965913,8598,open
966012,8599,open
966112,8600,open
966212,8601,open
966316,8602,open
966417,8603,open
966517,8604,open
966618,8605,open
966718,8606,open
966817,8607,open
966925,8608,open
967024,8609,open
967136,8610,open
967239,8611,open
967338,8612,open
967438,8613,open
967554,8614,open
967652,8615,open
967751,8616,open
967850,8617,open
967952,8618,open
968052,8619,open
968153,8620,open
968252,8621,open
968358,8622,open
968457,8623,open
968557,8624,open
968686,8625,open
968790,8626,open
968889,8627,open
968989,8628,open
969094,8629,open
969193,8630,open
969291,8631,open
969389,8632,open
969489,8633,open
969589,8634,open
969689,8635,open
969795,8636,open
969893,8637,open
969991,8638,open
970090,8639,open
970202,8640,open
970307,8641,open
970413,8642,open
970514,8643,open
970613,8644,open
970716,8645,open
970816,8646,open
970915,8647,open
971016,8648,open
971116,8649,open
971223,8650,open
971322,8651,open
971425,8652,open
971526,8653,open
971627,8654,open
971727,8655,open
971827,8656,open
971933,8657,open
972032,8658,open
972132,8659,open
972231,8660,open
972330,8661,open
972436,8662,open
972538,8663,open
972643,8664,open
972742,8665,open
972843,8666,open
972943,8667,open
973043,8668,open
973142,8669,open
973262,8670,open
973365,8671,open
973465,8672,open
973564,8673,open
973664,8674,open
973767,8675,open
973867,8676,open
973970,8677,open
974078,8678,open
974177,8679,open
974278,8680,open
974386,8681,open
974489,8682,open
974589,8683,open
974688,8684,open
974795,8685,open
974896,8686,open
974995,8687,open
975096,8688,open
975195,8689,open
975295,8690,open
975392,8691,open
975499,8692,open
975598,8693,open
975700,8694,open
975802,8695,open
975904,8696,open
976003,8697,open
976103,8698,open
976207,8699,open
976317,8700,open
976417,8701,open
976516,8702,open
976617,8703,open
976717,8704,open
976816,8705,closed
976930,8706,open
977028,8707,open
977127,8708,open
977229,8709,open
977329,8710,open
977429,8711,open
977529,8712,open
977639,8713,open
977738,8714,open
977838,8715,open
977940,8716,open
978040,8717,open
978139,8718,open
978239,8719,open
978337,8720,open
978438,8721,open
978538,8722,open
978638,8723,open
978740,8724,open
978840,8725,open
978942,8726,open
979049,8727,open
979148,8728,open
979248,8729,open
979363,8730,open
979463,8731,open
979566,8732,open
979669,8733,open
979775,8734,open
979876,8735,open
979976,8736,open
980076,8737,open
980176,8738,open
980276,8739,open
980384,8740,open
980486,8741,open
980594,8742,open
980698,8743,open
980799,8744,open
980898,8745,open
981002,8746,open
981103,8747,open
981203,8748,open
981310,8749,open
981411,8750,open
981511,8751,open
981612,8752,open
981714,8753,open
981815,8754,open
981916,8755,open
982023,8756,open
982124,8757,open
982223,8758,open
982323,8759,open
982432,8760,open
982533,8761,open
982643,8762,open
982744,8763,open
982844,8764,open
982945,8765,open
983046,8766,open
983147,8767,open
983247,8768,open
983347,8769,open
983453,8770,open
983554,8771,open
983654,8772,open
983759,8773,open
983858,8774,open
983957,8775,open
984059,8776,open
984160,8777,open
984265,8778,open
984365,8779,open
984464,8780,open
984568,8781,open
984667,8782,open
984766,8783,open
984866,8784,open
984973,8785,open
985074,8786,open
985173,8787,open
985284,8788,open
985381,8789,open
985485,8790,open
985591,8791,open
985693,8792,open
985793,8793,open
985892,8794,open
985991,8795,open
986098,8796,open
986198,8797,open
986301,8798,open
986409,8799,open
986507,8800,open
986608,8801,open
986708,8802,open
986807,8803,open
986906,8804,open
987007,8805,open
987114,8806,open
987215,8807,open
987315,8808,open
987414,8809,open
987515,8810,open
987615,8811,open
987715,8812,open
987821,8813,open
987922,8814,open
988022,8815,open
988124,8816,open
988223,8817,open
988323,8818,open
988431,8819,open
988546,8820,open
988648,8821,open
988747,8822,open
988854,8823,open
988954,8824,open
989055,8825,open
989154,8826,open
989258,8827,open
989358,8828,open
989461,8829,open
989562,8830,open
989693,8831,open
989793,8832,open
989892,8833,open
989999,8834,open
990098,8835,open
990200,8836,open
990299,8837,open
990396,8838,open
990496,8839,open
990603,8840,open
990707,8841,open
990808,8842,open
990907,8843,open
991007,8844,open
991106,8845,open
991206,8846,open
991303,8847,open
991402,8848,open
991502,8849,open
991608,8850,open
991708,8851,open
991807,8852,open
991910,8853,open
992011,8854,open
992117,8855,open
992218,8856,open
992317,8857,open
992419,8858,open
992522,8859,open
992625,8860,open
992725,8861,open
992831,8862,open
992930,8863,open
993030,8864,open
993129,8865,open
993231,8866,open
993325,8867,open
993418,8868,open
993516,8869,open
993620,8870,open
993719,8871,open
993825,8872,open
993927,8873,open
994026,8874,open
994126,8875,open
994225,8876,open
994331,8877,open
994430,8878,open
994531,8879,open
994641,8880,open
994741,8881,open
994842,8882,open
994951,8883,open
995050,8884,open
995149,8885,open
995249,8886,open
995348,8887,open
995448,8888,open
995549,8889,open
995651,8890,open
995755,8891,open
995856,8892,open
995955,8893,open
996056,8894,open
996156,8895,open
996257,8896,open
996356,8897,open
996462,8898,open
996562,8899,open
996661,8900,open
996760,8901,open
996862,8902,open
996963,8903,open
997064,8904,open
997171,8905,open
997271,8906,open
997370,8907,open
997470,8908,open
997569,8909,open
997686,8910,open
997792,8911,open
997892,8912,open
997992,8913,open
998092,8914,open
998192,8915,open
998290,8916,open
998381,8917,open
998481,8918,open
998581,8919,open
998681,8920,open
998785,8921,open
998884,8922,open
998984,8923,open
999084,8924,open
999185,8925,open
999290,8926,closed
999387,8927,open
999491,8928,open
999592,8929,open
999691,8930,open
999792,8931,open
999894,8932,open
1000001,8933,open
1000101,8934,open
1000202,8935,open
1000303,8936,open
1000395,8937,open
1000495,8938,open
1000604,8939,open
1000717,8940,open
1000819,8941,open
1000923,8942,open
1001025,8943,open
1001126,8944,open
1001227,8945,open
1001333,8946,open
1001434,8947,open
1001537,8948,open
1001638,8949,open
1001743,8950,open
1001844,8951,open
1001945,8952,open
1002053,8953,closed
1002153,8954,open
1002255,8955,open
1002356,8956,open
1002461,8957,open
1002563,8958,open
1002666,8959,open
1002771,8960,open
1002872,8961,open
1002977,8962,open
1003078,8963,open
1003179,8964,open
1003281,8965,open
1003393,8966,open
1003495,8967,open
1003599,8968,open
1003701,8969,open
1003814,8970,open
1003919,8971,open
1004027,8972,open
1004128,8973,open
1004233,8974,open
1004333,8975,closed
1004433,8976,open
1004534,8977,open
1004639,8978,open
1004746,8979,open
1004847,8980,open
1004948,8981,open
1005049,8982,open
1005150,8983,open
1005251,8984,open
1005347,8985,open
1005449,8986,open
1005550,8987,open
1005652,8988,open
1005757,8989,open
1005858,8990,open
1005959,8991,open
1006060,8992,open
1006165,8993,open
1006266,8994,open
1006366,8995,open
1006471,8996,closed
1006584,8997,open
1006689,8998,open
1006791,8999,open
1006903,9000,open
1007003,9001,open
1007103,9002,open
1007207,9003,open
1007314,9004,open
1007411,9005,closed
1007522,9006,open
1007620,9007,open
1007721,9008,open
1007820,9009,open
1007921,9010,open
1008021,9011,open
1008125,9012,open
1008224,9013,open
1008324,9014,open
1008427,9015,open
1008528,9016,open
1008627,9017,open
1008737,9018,open
1008843,9019,open
1008944,9020,open
1009047,9021,open
1009148,9022,open
1009249,9023,open
1009348,9024,open
1009453,9025,open
1009557,9026,open
1009657,9027,open
1009757,9028,open
1009857,9029,open
1010002,9030,open
1010103,9031,open
1010210,9032,closed
1010318,9033,open
1010415,9034,open
1010515,9035,open
1010619,9036,open
1010720,9037,open
1010821,9038,open
1010927,9039,open
1011027,9040,open
1011126,9041,open
1011226,9042,open
1011324,9043,open
1011427,9044,open
1011532,9045,open
1011641,9046,open
1011745,9047,open
1011847,9048,open
1011950,9049,open
1012050,9050,open
1012151,9051,open
1012252,9052,open
1012351,9053,open
1012446,9054,open
1012547,9055,open
1012648,9056,open
1012749,9057,open
1012852,9058,open
1012953,9059,open
1013071,9060,open
1013172,9061,open
1013273,9062,open
1013375,9063,open
1013476,9064,open
1013581,9065,open
1013687,9066,open
1013788,9067,open
1013889,9068,open
1013992,9069,open
1014093,9070,closed
1014206,9071,open
1014302,9072,open
1014401,9073,open
1014503,9074,open
1014608,9075,open
1014709,9076,open
1014809,9077,open
1014924,9078,open
1015035,9079,open
1015136,9080,open
1015236,9081,open
1015336,9082,open
1015440,9083,open
1015541,9084,open
1015648,9085,open
1015749,9086,open
1015850,9087,open
1015951,9088,open
1016053,9089,open
1016165,9090,open
1016272,9091,open
1016374,9092,open
1016474,9093,open
1016575,9094,open
1016674,9095,open
1016775,9096,open
1016876,9097,open
1016977,9098,open
1017083,9099,open
1017183,9100,open
1017284,9101,open
1017386,9102,open
1017487,9103,open
1017590,9104,open
1017695,9105,open
1017802,9106,open
1017902,9107,open
1018002,9108,open
1018103,9109,open
1018203,9110,open
1018303,9111,open
1018410,9112,open
1018511,9113,open
1018612,9114,open
1018718,9115,open
1018819,9116,open
1018920,9117,open
1019021,9118,open
1019130,9119,open
1019242,9120,open
1019341,9121,open
1019446,9122,open
1019549,9123,open
1019651,9124,open
1019756,9125,open
1019857,9126,open
1019958,9127,open
1020059,9128,open
1020162,9129,open
1020263,9130,open
1020366,9131,open
1020474,9132,open
1020580,9133,open
1020684,9134,open
1020785,9135,open
1020889,9136,open
1020991,9137,open
1021093,9138,open
1021201,9139,open
1021302,9140,open
1021403,9141,open
1021504,9142,open
1021606,9143,open
1021708,9144,open
1021816,9145,open
1021917,9146,open
1022018,9147,open
1022119,9148,open
1022220,9149,open
1022327,9150,open
1022419,9151,open
1022516,9152,open
1022617,9153,open
1022722,9154,open
1022823,9155,open
1022924,9156,open
1023025,9157,open
1023128,9158,open
1023235,9159,open
1023335,9160,open
1023440,9161,open
1023541,9162,open
1023642,9163,open
1023744,9164,open
1023851,9165,open
1023959,9166,open
1024060,9167,open
1024159,9168,open
1024259,9169,open
1024351,9170,open
1024446,9171,open
1024552,9172,open
1024656,9173,open
1024757,9174,open
1024858,9175,open
1024961,9176,open
1025060,9177,open
1025163,9178,open
1025264,9179,open
1025381,9180,open
1025484,9181,open
1025586,9182,open
1025691,9183,open
1025792,9184,open
1025893,9185,open
1026000,9186,open
1026101,9187,open
1026202,9188,open
1026303,9189,open
1026406,9190,open
1026507,9191,open
1026608,9192,open
1026716,9193,open
1026820,9194,open
1026930,9195,open
1027030,9196,open
1027131,9197,open
1027232,9198,open
1027332,9199,open
1027439,9200,open
1027543,9201,open
1027645,9202,open
1027746,9203,open
1027847,9204,open
1027947,9205,open
1028048,9206,open
1028155,9207,open
1028255,9208,open
1028354,9209,open
1028463,9210,open
1028563,9211,open
1028667,9212,open
1028772,9213,open
1028873,9214,open
1028972,9215,open
1029072,9216,open
1029171,9217,open
1029272,9218,open
1029373,9219,open
1029476,9220,open
1029583,9221,open
1029683,9222,open
1029783,9223,open
1029882,9224,open
1030574,9225,open
1031201,9226,open
1031824,9227,open
1033055,9228,open
1033669,9229,open
1033921,9230,open
1034025,9231,open
1034125,9232,open
1034225,9233,open
1034324,9234,open
1034427,9235,open
1034535,9236,open
1034634,9237,open
1034733,9238,open
1034834,9239,open
1034945,9240,open
1035044,9241,open
1035145,9242,open
1035253,9243,open
1035355,9244,open
1035455,9245,open
1035559,9246,open
1035660,9247,open
1035760,9248,open
1035861,9249,open
1035960,9250,open
1036065,9251,open
1036165,9252,open
1036266,9253,open
1036365,9254,open
1036465,9255,open
1036565,9256,open
1036676,9257,open
1036778,9258,open
1036878,9259,open
1036979,9260,open
1037085,9261,open
1037186,9262,open
1037286,9263,open
1037389,9264,open
1037493,9265,open
1037592,9266,open
1037692,9267,open
1037791,9268,open
1037891,9269,open
1038010,9270,open
1038109,9271,open
1038213,9272,open
1038311,9273,open
1038413,9274,open
1038512,9275,open
1038616,9276,open
1038715,9277,open
1038819,9278,open
1038919,9279,open
1039020,9280,open
1039120,9281,open
1039223,9282,open
1039322,9283,open
1039422,9284,open
1039528,9285,open
1039630,9286,open
1039734,9287,open
1039835,9288,open
1039936,9289,open
1040036,9290,open
1040137,9291,open
1040244,9292,open
1040344,9293,open
1040446,9294,open
1040546,9295,open
1040649,9296,open
1040750,9297,open
1040851,9298,open
1040955,9299,open
1041069,9300,open
1041171,9301,open
1041275,9302,open
1041375,9303,closed
1041476,9304,open
1041582,9305,open
1041682,9306,open
1041785,9307,open
1041886,9308,open
1041987,9309,open
1042088,9310,open
1042189,9311,open
1042295,9312,open
1042386,9313,open
1042485,9314,open
1042591,9315,open
1042696,9316,open
1042797,9317,open
1042898,9318,open
1043006,9319,closed
1043120,9320,open
1043219,9321,open
1043320,9322,open
1043425,9323,open
1043526,9324,open
1043634,9325,open
1043735,9326,open
1043838,9327,open
1043938,9328,open
1044041,9329,open
1044156,9330,open
1044264,9331,open
1044357,9332,open
1044452,9333,open
1044557,9334,open
1044660,9335,open
1044762,9336,open
1044863,9337,open
1044964,9338,open
1045075,9339,open
1045178,9340,open
1045279,9341,open
1045388,9342,open
1045489,9343,open
1045591,9344,open
1045694,9345,open
1045804,9346,open
1045905,9347,open
1046007,9348,open
1046110,9349,open
1046211,9350,open
1046311,9351,open
1046419,9352,open
1046520,9353,open
1046621,9354,open
1046726,9355,open
1046827,9356,open
1046928,9357,open
1047029,9358,open
1047137,9359,open
1047251,9360,open
1047352,9361,closed
1047455,9362,open
1047557,9363,open
1047659,9364,open
1047767,9365,open
1047869,9366,open
1047970,9367,open
1048073,9368,open
1048174,9369,open
1048275,9370,open
1048376,9371,open
1048483,9372,open
1048588,9373,open
1048689,9374,open
1048792,9375,open
1048893,9376,open
1048994,9377,open
1049095,9378,open
1049200,9379,open
1049299,9380,open
1049391,9381,open
1049491,9382,open
1049592,9383,open
1049697,9384,open
1049799,9385,open
1049906,9386,open
1050007,9387,open
1050108,9388,open
1050209,9389,open
1050322,9390,open
1050424,9391,open
1050532,9392,open
1050633,9393,open
1050734,9394,open
1050835,9395,open
1050936,9396,open
1051037,9397,open
1051138,9398,open
1051239,9399,open
1051336,9400,open
1051431,9401,open
1051534,9402,open
1051634,9403,open
1051737,9404,open
1051840,9405,open
1051940,9406,open
1052045,9407,open
1052146,9408,open
1052246,9409,open
1052348,9410,open
1052449,9411,open
1052549,9412,open
1052660,9413,open
1052761,9414,open
1052864,9415,open
1052964,9416,open
1053066,9417,open
1053167,9418,open
1053268,9419,open
1053385,9420,open
1053484,9421,open
1053585,9422,open
1053717,9423,open
1053819,9424,open
1053919,9425,open
1054019,9426,open
1054125,9427,open
1054224,9428,open
1054323,9429,open
1054423,9430,open
1054527,9431,open
1054627,9432,open
1054726,9433,open
1054826,9434,open
1054931,9435,open
1055031,9436,open
1055130,9437,open
1055230,9438,open
1055328,9439,open
1055429,9440,open
1055528,9441,open
1055635,9442,open
1055735,9443,open
1055836,9444,open
1055937,9445,open
1056038,9446,open
1056138,9447,open
1056238,9448,open
1056361,9449,open
1056476,9450,open
1056576,9451,open
1056677,9452,open
1056776,9453,open
1056878,9454,open
1056983,9455,open
1057083,9456,open
1057183,9457,open
1057291,9458,open
1057390,9459,open
1057490,9460,open
1057594,9461,open
1057701,9462,open
1057802,9463,open
1057903,9464,open
1058002,9465,open
1058102,9466,open
1058201,9467,open
1058301,9468,open
1058406,9469,open
1058507,9470,open
1058607,9471,open
1058711,9472,open
1058812,9473,open
1058912,9474,open
1059016,9475,open
1059120,9476,open
1059226,9477,open
1059326,9478,open
1059426,9479,open
1059542,9480,open
1059641,9481,open
1059744,9482,open
1059844,9483,open
1059948,9484,open
1060047,9485,open
1060148,9486,open
1060248,9487,open
1060351,9488,open
1060452,9489,open
1060552,9490,open
1060659,9491,open
1060759,9492,open
1060860,9493,open
1060960,9494,open
1061060,9495,open
1061160,9496,open
1061259,9497,open
1061358,9498,open
1061459,9499,open
1061558,9500,open
1061658,9501,open
1061763,9502,open
1061863,9503,open
1061966,9504,open
1062072,9505,open
1062171,9506,open
1062271,9507,open
1062370,9508,open
1062472,9509,open
1062584,9510,open
1062689,9511,open
1062789,9512,open
1062892,9513,open
1062994,9514,open
1063093,9515,open
1063199,9516,open
1063299,9517,open
1063406,9518,open
1063507,9519,open
1063608,9520,open
1063710,9521,open
1063811,9522,open
1063911,9523,open
1064012,9524,open
1064117,9525,open
1064223,9526,open
1064324,9527,open
1064430,9528,open
1064532,9529,open
1064633,9530,open
1064734,9531,open
1064835,9532,open
1064939,9533,open
1065040,9534,open
1065143,9535,open
1065244,9536,open
1065344,9537,open
1065444,9538,open
1065554,9539,open
1065667,9540,open
1065767,9541,open
1065868,9542,open
1065968,9543,open
1066070,9544,open
1066170,9545,open
1066277,9546,open
1066388,9547,open
1066488,9548,open
1066589,9549,open
1066692,9550,open
1066793,9551,open
1066894,9552,open
1066994,9553,open
1067099,9554,open
1067202,9555,open
1067302,9556,open
1067403,9557,open
1067505,9558,open
1067605,9559,open
1067713,9560,open
1067813,9561,open
1067914,9562,open
1068015,9563,open
1068116,9564,open
1068216,9565,open
1068316,9566,open
1068423,9567,open
1068525,9568,open
1068637,9569,open
1068746,9570,open
1068846,9571,open
1068949,9572,open
1069055,9573,open
1069156,9574,open
1069256,9575,open
1069355,9576,open
1069455,9577,open
1069555,9578,open
1069656,9579,open
1069760,9580,open
1069864,9581,open
1069964,9582,open
1070063,9583,open
1070163,9584,open
1070263,9585,open
1070365,9586,open
1070467,9587,open
1070576,9588,open
1070676,9589,open
1070776,9590,open
1070877,9591,open
1070979,9592,open
1071080,9593,open
1071181,9594,open
1071286,9595,open
1071389,9596,open
1071488,9597,open
1071590,9598,open
1071692,9599,open
1071805,9600,open
1071912,9601,open
1072017,9602,open
1072116,9603,open
1072217,9604,open
1072316,9605,open
1072419,9606,open
1072520,9607,open
1072625,9608,open
1072726,9609,open
1072825,9610,open
1072927,9611,open
1073028,9612,open
1073130,9613,open
1073230,9614,open
1073330,9615,open
1073437,9616,open
1073538,9617,open
1073639,9618,open
1073738,9619,open
1073838,9620,open
1073937,9621,open
1074038,9622,open
1074143,9623,open
1074277,9624,open
1074385,9625,closed
1074485,9626,open
1074584,9627,open
1074684,9628,open
1074784,9629,open
1074898,9630,open
1074998,9631,open
1075098,9632,open
1075197,9633,open
1075295,9634,open
1075385,9635,open
1075482,9636,open
1075582,9637,open
1075682,9638,open
1075781,9639,open
1075884,9640,open
1075985,9641,open
1076085,9642,open
1076184,9643,open
1076284,9644,open
1076392,9645,open
1076495,9646,open
1076595,9647,open
1076699,9648,open
1076798,9649,open
1076897,9650,open
1076998,9651,open
1077104,9652,open
1077205,9653,open
1077302,9654,open
1077394,9655,open
1077493,9656,open
1077592,9657,open
1077692,9658,open
1077797,9659,open
1077907,9660,open
1078007,9661,open
1078108,9662,open
1078210,9663,open
1078310,9664,open
1078419,9665,open
1078519,9666,open
1078622,9667,open
1078722,9668,open
1078821,9669,open
1078921,9670,open
1079021,9671,open
1079120,9672,open
1079226,9673,open
1079324,9674,open
1079424,9675,open
1079527,9676,open
1079628,9677,open
1079727,9678,open
1079827,9679,open
1079926,9680,open
1080029,9681,open
1080130,9682,open
1080232,9683,open
1080331,9684,open
1080431,9685,open
1080534,9686,open
1080641,9687,open
1080740,9688,open
1080840,9689,open
1080951,9690,open
1081050,9691,open
1081150,9692,open
1081251,9693,open
1081367,9694,open
1081467,9695,open
1081567,9696,open
1081667,9697,open
1081768,9698,open
1081867,9699,open
1081967,9700,open
1082068,9701,open
1082173,9702,open
1082273,9703,open
1082363,9704,open
1082459,9705,open
1082562,9706,open
1082662,9707,open
1082762,9708,open
1082871,9709,open
1082970,9710,open
1083069,9711,open
1083169,9712,open
1083271,9713,open
1083373,9714,open
1083474,9715,open
1083581,9716,open
1083680,9717,open
1083780,9718,open
1083880,9719,open
1083993,9720,open
1084093,9721,open
1084199,9722,open
1084298,9723,open
1084393,9724,open
1084496,9725,open
1084596,9726,closed
1084697,9727,closed
1084804,9728,open
1084911,9729,open
1085012,9730,open
1085116,9731,open
1085215,9732,open
1085314,9733,open
1085414,9734,open
1085516,9735,open
1085623,9736,open
1085724,9737,open
1085824,9738,open
1085924,9739,open
1086024,9740,open
1086125,9741,open
1086226,9742,open
1086333,9743,open
1086434,9744,open
1086534,9745,open
1086635,9746,open
1086735,9747,open
1086835,9748,open
1086936,9749,open
1087053,9750,open
1087154,9751,open
1087255,9752,open
1087354,9753,open
1087459,9754,open
1087559,9755,open
1087659,9756,open
1087766,9757,open
1087867,9758,open
1087968,9759,open
1088068,9760,open
1088168,9761,open
1088269,9762,open
1088368,9763,open
1088473,9764,open
1088577,9765,open
1088678,9766,open
1088779,9767,open
1088880,9768,open
1088980,9769,open
1089081,9770,open
1089180,9771,open
1089287,9772,open
1089378,9773,open
1089477,9774,open
1089577,9775,open
1089678,9776,open
1089778,9777,open
1089885,9778,open
1089985,9779,open
1090097,9780,open
1090197,9781,open
1090296,9782,open
1090399,9783,open
1090503,9784,open
1090609,9785,open
1090710,9786,open
1090809,9787,open
1090909,9788,open
1091008,9789,open
1091107,9790,open
1091208,9791,open
1091305,9792,open
1091403,9793,closed
1091512,9794,open
1091612,9795,open
1091716,9796,open
1091816,9797,open
1091918,9798,open
1092018,9799,open
1092125,9800,open
1092226,9801,open
1092326,9802,open
1092429,9803,open
1092530,9804,open
1092629,9805,open
1092729,9806,open
1092835,9807,open
1092934,9808,closed
1093033,9809,open
1093144,9810,open
1093246,9811,open
1093346,9812,open
1093452,9813,open
1093555,9814,open
1093655,9815,open
1093754,9816,open
1093854,9817,open
1093954,9818,open
1094054,9819,open
1094153,9820,closed
1094259,9821,open
1094358,9822,open
1094457,9823,open
1094558,9824,open
1094657,9825,open
1094761,9826,open
1094860,9827,open
1094997,9828,open
1095096,9829,open
1095196,9830,open
1095294,9831,open
1095391,9832,open
1095493,9833,open
1095593,9834,open
1095699,9835,open
1095798,9836,open
1095898,9837,open
1095997,9838,open
1096097,9839,open
1096209,9840,open
1096310,9841,open
1096483,9842,open
1096584,9843,open
1096683,9844,open
1096785,9845,open
1096885,9846,open
1096986,9847,open
1097086,9848,open
1097205,9849,open
1097305,9850,open
1097405,9851,open
1097510,9852,open
1097611,9853,open
1097711,9854,open
1097817,9855,open
1097923,9856,open
1098024,9857,open
1098125,9858,open
1098227,9859,open
1098322,9860,open
1098414,9861,open
1098514,9862,open
1098620,9863,open
1098721,9864,open
1098821,9865,open
1098921,9866,open
1099021,9867,open
1099122,9868,open
1099224,9869,open
1099343,9870,open
1099444,9871,open
1099549,9872,open
1099648,9873,open
1099748,9874,open
1099848,9875,open
1099947,9876,open
1100053,9877,open
1100153,9878,open
1100253,9879,open
1100353,9880,open
1100453,9881,open
1100557,9882,open
1100658,9883,open
1100757,9884,open
1100865,9885,open
1100965,9886,open
1101064,9887,open
1101165,9888,open
1101266,9889,open
1101365,9890,open
1101472,9891,open
1101572,9892,open
1101677,9893,open
1101778,9894,open
1101878,9895,open
1101979,9896,open
1102079,9897,open
1102185,9898,open
1102287,9899,open
1102397,9900,open
1102496,9901,open
1102598,9902,open
1102697,9903,open
1102806,9904,open
1102908,9905,open
1103007,9906,open
1103107,9907,open
1103206,9908,open
1103306,9909,open
1103397,9910,open
1103495,9911,open
1103602,9912,open
1103701,9913,open
1103803,9914,open
1103914,9915,open
1104015,9916,open
1104114,9917,open
1104214,9918,open
1104323,9919,open
1104423,9920,open
1104523,9921,closed
1104622,9922,open
1104724,9923,open
1104824,9924,open
1104924,9925,open
1105031,9926,open
1105132,9927,open
1105232,9928,open
1105329,9929,open
1105434,9930,open
1105535,9931,open
1105636,9932,open
1105742,9933,open
1105847,9934,open
1105946,9935,open
1106047,9936,open
1106150,9937,open
1106250,9938,open
1106349,9939,open
1106450,9940,open
1106557,9941,open
1106657,9942,open
1106757,9943,open
1106858,9944,open
1106958,9945,open
1107059,9946,open
1107159,9947,open
1107266,9948,open
1107365,9949,open
1107468,9950,open
1107568,9951,open
1107671,9952,open
1107774,9953,open
1107875,9954,open
1107983,9955,open
1108084,9956,open
1108183,9957,open
1108283,9958,open
1108385,9959,open
1108502,9960,open
1108606,9961,open
1108706,9962,open
1108807,9963,open
1108910,9964,open
1109011,9965,open
1109111,9966,open
1109212,9967,open
1109312,9968,open
1109412,9969,open
1109513,9970,open
1109617,9971,open
1109717,9972,open
1109818,9973,open
1109917,9974,open
1110020,9975,open
1110126,9976,open
1110226,9977,open
1110321,9978,open
1110414,9979,open
1110512,9980,open
1110611,9981,open
1110712,9982,open
1110819,9983,open
1110919,9984,open
1111021,9985,open
1111121,9986,open
1111220,9987,open
1111319,9988,open
1111424,9989,open
1111538,9990,open
1111638,9991,open
1111739,9992,open
1111838,9993,open
1111942,9994,open
1112041,9995,open
1112142,9996,open
1112247,9997,open
1112341,9998,open
1112435,9999,open
1112535,10000,open
1112635,10001,open
1112738,10002,open
1112841,10003,open
1112946,10004,open
1113046,10005,open
1113147,10006,open
1113246,10007,open
1113344,10008,open
1113446,10009,open
1113546,10010,open
1113654,10011,open
1113755,10012,open
1113855,10013,open
1113956,10014,open
1114055,10015,open
1114155,10016,open
1114255,10017,open
1114360,10018,open
1114460,10019,open
1114568,10020,open
1114669,10021,open
1114768,10022,open
1114869,10023,open
1114971,10024,open
1115078,10025,open
1115177,10026,open
1115278,10027,open
1115384,10028,open
1115484,10029,open
1115624,10030,open
1115723,10031,open
1115823,10032,open
1115922,10033,open
1116021,10034,open
1116120,10035,open
1116223,10036,open
1116321,10037,open
1116424,10038,open
1116523,10039,open
1116627,10040,open
1116727,10041,open
1116830,10042,open
1116929,10043,open
1117029,10044,open
1117134,10045,open
1117235,10046,open
1117331,10047,closed
1117422,10048,open
1117519,10049,open
1117626,10050,open
1117739,10051,open
1117839,10052,open
1117940,10053,open
1118041,10054,open
1118142,10055,open
1118241,10056,open
1118339,10057,open
1118440,10058,open
1118547,10059,open
1118648,10060,open
1118747,10061,open
1118847,10062,open
1118946,10063,open
1119049,10064,open
1119149,10065,open
1119252,10066,open
1119350,10067,open
1119446,10068,open
1119547,10069,open
1119652,10070,open
1119752,10071,open
1119853,10072,open
1119958,10073,open
1120059,10074,open
1120158,10075,open
1120258,10076,open
1120357,10077,open
1120458,10078,open
1120557,10079,open
1120678,10080,closed
1120778,10081,open
1120877,10082,open
1120977,10083,open
1121076,10084,open
1121175,10085,open
1121275,10086,open
1121378,10087,open
1121477,10088,open
1121581,10089,open
1121680,10090,open
1121779,10091,open
1121878,10092,open
1121979,10093,open
1122080,10094,open
1122187,10095,open
1122290,10096,open
1122389,10097,open
1122489,10098,open
1122589,10099,open
1122690,10100,open
1122790,10101,open
1122897,10102,open
1122996,10103,open
1123095,10104,open
1123197,10105,open
1123295,10106,open
1123390,10107,open
1123495,10108,open
1123598,10109,open
1123710,10110,open
1123809,10111,open
1123915,10112,open
1124015,10113,open
1124115,10114,open
1124215,10115,open
1124317,10116,open
1124409,10117,open
1124512,10118,open
1124613,10119,open
1124712,10120,open
1124811,10121,open
1124911,10122,open
1125014,10123,open
1125116,10124,open
1125216,10125,open
1125319,10126,open
1125422,10127,open
1125522,10128,open
1125622,10129,open
1125728,10130,open
1125828,10131,open
1125927,10132,open
1126028,10133,open
1126127,10134,open
1126227,10135,open
1126323,10136,open
1126415,10137,open
1126520,10138,open
1126624,10139,open
1126734,10140,open
1126834,10141,open
1126938,10142,open
1127040,10143,open
1127147,10144,open
1127246,10145,open
1127346,10146,open
1127446,10147,open
1127546,10148,open
1127646,10149,open
1127753,10150,open
1127854,10151,open
1127961,10152,open
1128061,10153,open
1128162,10154,open
1128262,10155,open
1128364,10156,open
1128465,10157,open
1128569,10158,open
1128675,10159,open
1128776,10160,open
1128876,10161,open
1128977,10162,open
1129076,10163,open
1129177,10164,open
1129278,10165,open
1129389,10166,open
1129490,10167,open
1129590,10168,open
1129696,10169,open
1129806,10170,open
1129906,10171,open
1130013,10172,open
1130119,10173,open
1130220,10174,open
1130319,10175,open
1130419,10176,open
1130525,10177,closed
1130624,10178,open
1130723,10179,open
1130829,10180,open
1130929,10181,open
1131030,10182,open
1131129,10183,open
1131228,10184,open
1131323,10185,open
1131417,10186,open
1131513,10187,open
1131617,10188,open
1131716,10189,open
1131816,10190,open
1131916,10191,open
1132015,10192,open
1132115,10193,open
1132214,10194,open
1132320,10195,open
1132423,10196,open
1132522,10197,open
1132623,10198,open
1132722,10199,open
1132833,10200,open
1132941,10201,open
1133040,10202,open
1133140,10203,open
1133244,10204,open
1133337,10205,open
1133432,10206,open
1133534,10207,open
1133643,10208,open
1133743,10209,open
1133842,10210,open
1133946,10211,open
1134045,10212,open
1134147,10213,open
1134246,10214,open
1134345,10215,open
1134452,10216,open
1134554,10217,open
1134654,10218,open
1134756,10219,open
1134857,10220,open
1134958,10221,open
1135059,10222,open
1135165,10223,open
1135265,10224,open
1135367,10225,open
1135467,10226,open
1135570,10227,open
1135671,10228,open
1135770,10229,open
1135894,10230,open
1135996,10231,open
1136097,10232,open
1136198,10233,open
1136299,10234,open
1136398,10235,open
1136531,10236,open
1136631,10237,open
1136734,10238,open
1136833,10239,open
1136933,10240,open
1137032,10241,open
1137130,10242,open
1137229,10243,open
1137326,10244,open
1137425,10245,open
1137528,10246,open
1137628,10247,open
1137728,10248,open
1137831,10249,open
1137930,10250,closed
1138045,10251,closed
1138144,10252,open
1138243,10253,open
1138338,10254,open
1138432,10255,open
1138531,10256,open
1138631,10257,open
1138736,10258,open
1138836,10259,open
1138949,10260,open
1139052,10261,open
1139151,10262,open
1139250,10263,open
1139348,10264,open
1139453,10265,open
1139552,10266,closed
1139664,10267,open
1139760,10268,open
1139863,10269,open
1139962,10270,open
1140063,10271,open
1140168,10272,open
1140267,10273,open
1140360,10274,open
1140455,10275,open
1140558,10276,open
1140659,10277,open
1140759,10278,open
1140867,10279,open
1140966,10280,open
1141066,10281,open
1141165,10282,open
1141265,10283,open
1141364,10284,open
1141464,10285,open
1141571,10286,open
1141670,10287,open
1141776,10288,open
1141875,10289,open
1141988,10290,open
1142088,10291,open
1142198,10292,open
1142298,10293,open
1142398,10294,open
1142500,10295,open
1142601,10296,open
1142702,10297,open
1142803,10298,open
1142910,10299,open
1143010,10300,open
1143111,10301,open
1143212,10302,open
1143311,10303,open
1143413,10304,open
1143513,10305,open
1143617,10306,open
1143720,10307,open
1143821,10308,open
1143920,10309,open
1144019,10310,open
1144119,10311,open
1144218,10312,open
1144316,10313,open
1144419,10314,open
1144518,10315,open
1144616,10316,open
1144714,10317,open
1144814,10318,open
1144914,10319,open
1145028,10320,open
1145126,10321,open
1145228,10322,open
1145325,10323,open
1145418,10324,open
1145515,10325,open
1145618,10326,open
1145717,10327,open
1145824,10328,open
1145926,10329,open
1146028,10330,open
1146128,10331,open
1146227,10332,open
1146326,10333,open
1146428,10334,open
1146529,10335,open
1146637,10336,open
1146736,10337,open
1146838,10338,open
1146939,10339,open
1147038,10340,open
1147138,10341,open
1147238,10342,open
1147337,10343,open
1147431,10344,open
1147535,10345,open
1147636,10346,open
1147737,10347,open
1147837,10348,open
1147938,10349,open
1148053,10350,open
1148153,10351,open
1148254,10352,open
1148355,10353,open
1148455,10354,open
1148556,10355,open
1148667,10356,open
1148775,10357,open
1148876,10358,open
1148977,10359,open
1149084,10360,open
1149187,10361,open
1149288,10362,open
1149391,10363,open
1149492,10364,open
1149593,10365,open
1149694,10366,open
1149795,10367,open
1149896,10368,open
1149997,10369,open
1150105,10370,open
1150208,10371,open
1150309,10372,open
1150410,10373,open
1150515,10374,open
1150616,10375,open
1150718,10376,open
1150826,10377,open
1150928,10378,open
1151029,10379,open
1151141,10380,open
1151245,10381,open
1151344,10382,open
1151449,10383,open
1151550,10384,open
1151657,10385,open
1151758,10386,open
1151860,10387,open
1151959,10388,open
1152060,10389,open
1152166,10390,open
1152268,10391,open
1152360,10392,open
1152457,10393,open
1152558,10394,open
1152662,10395,open
1152765,10396,open
1152865,10397,open
1152968,10398,open
1153071,10399,open
1153171,10400,open
1153273,10401,open
1153372,10402,open
1153475,10403,open
1153583,10404,open
1153687,10405,open
1153787,10406,open
1153890,10407,open
1153991,10408,open
1154097,10409,open
1154214,10410,open
1154310,10411,open
1154402,10412,open
1154503,10413,open
1154609,10414,closed
1154709,10415,open
1154809,10416,open
1154910,10417,open
1155017,10418,open
1155118,10419,open
1155218,10420,open
1155318,10421,open
1155419,10422,open
1155519,10423,open
1155620,10424,open
1155726,10425,open
1155828,10426,open
1155931,10427,open
1156032,10428,open
1156134,10429,open
1156235,10430,open
1156333,10431,open
1156440,10432,open
1156544,10433,open
1156644,10434,open
1156743,10435,open
1156842,10436,open
1156975,10437,open
1157074,10438,open
1157180,10439,open
1157293,10440,open
1157389,10441,open
1157489,10442,open
1157589,10443,open
1157693,10444,open
1157792,10445,open
1157898,10446,open
1157998,10447,open
1158099,10448,open
1158199,10449,open
1158298,10450,open
1158401,10451,open
1158502,10452,open
1158610,10453,open
1158711,10454,open
1158815,10455,open
1158916,10456,open
1159016,10457,open
1159117,10458,open
1159217,10459,open
1159313,10460,open
1159409,10461,open
1159513,10462,open
1159616,10463,open
1159717,10464,open
1159817,10465,open
1159916,10466,open
1160022,10467,open
1160122,10468,open
1160222,10469,open
1160331,10470,open
1160433,10471,open
1160534,10472,open
1160634,10473,open
1160744,10474,open
1160844,10475,open
1160943,10476,open
1161043,10477,open
1161143,10478,open
1161246,10479,open
1161339,10480,open
1161432,10481,open
1161531,10482,open
1161630,10483,open
1161733,10484,open
1161834,10485,open
1161933,10486,open
1162033,10487,open
1162132,10488,open
1162238,10489,closed
1162344,10490,open
1162439,10491,open
1162540,10492,open
1162643,10493,open
1162743,10494,open
1162842,10495,open
1162946,10496,open
1163047,10497,open
1163148,10498,open
1163247,10499,open
1163360,10500,open
1163464,10501,open
1163570,10502,open
1163671,10503,open
1163772,10504,open
1163874,10505,open
1163975,10506,open
1164075,10507,open
1164176,10508,open
1164277,10509,open
1164388,10510,open
1164489,10511,open
1164593,10512,open
1164693,10513,open
1164794,10514,open
1164895,10515,open
1164995,10516,open
1165100,10517,open
1165200,10518,open
1165300,10519,open
1165400,10520,open
1165499,10521,open
1165599,10522,open
1165702,10523,open
1165812,10524,open
1165913,10525,open
1166013,10526,open
1166113,10527,open
1166212,10528,open
1166310,10529,open
1166418,10530,open
1166518,10531,open
1166619,10532,open
1166720,10533,open
1166824,10534,open
1166924,10535,open
1167025,10536,open
1167129,10537,open
1167233,10538,open
1167333,10539,open
1167433,10540,open
1167540,10541,open
1167640,10542,open
1167741,10543,open
1167841,10544,open
1167948,10545,open
1168049,10546,open
1168149,10547,open
1168250,10548,open
1168343,10549,open
1168438,10550,open
1168547,10551,open
1168652,10552,open
1168755,10553,open
1168856,10554,open
1168956,10555,open
1169057,10556,open
1169158,10557,open
1169265,10558,open
1169366,10559,open
1169477,10560,open
1169578,10561,open
1169678,10562,open
1169782,10563,open
1169882,10564,open
1169989,10565,open
1170091,10566,open
1170194,10567,open
1170294,10568,open
1170390,10569,open
1170492,10570,open
1170593,10571,open
1170700,10572,open
1170800,10573,open
1170901,10574,open
1171005,10575,open
1171105,10576,open
1171206,10577,open
1171307,10578,open
1171414,10579,open
1171515,10580,open
1171621,10581,open
1171720,10582,open
1171821,10583,open
1171921,10584,open
1172020,10585,open
1172127,10586,open
1172232,10587,closed
1172332,10588,open
1172439,10589,open
1172549,10590,open
1172649,10591,open
1172756,10592,open
1172856,10593,open
1172957,10594,open
1173056,10595,open
1173156,10596,open
1173256,10597,open
1173347,10598,open
1173441,10599,open
1173545,10600,open
1173648,10601,open
1173748,10602,open
1173849,10603,open
1173949,10604,open
1174050,10605,open
1174150,10606,open
1174254,10607,open
1174356,10608,open
1174456,10609,open
1174557,10610,open
1174660,10611,open
1174760,10612,open
1174863,10613,open
1174971,10614,open
1175072,10615,open
1175173,10616,open
1175273,10617,open
1175365,10618,open
1175461,10619,open
1175578,10620,open
1175679,10621,open
1175781,10622,open
1175882,10623,open
1175983,10624,open
1176084,10625,open
1176184,10626,open
1176292,10627,open
1176391,10628,open
1176491,10629,open
1176595,10630,open
1176695,10631,open
1176796,10632,open
1176898,10633,open
1177004,10634,open
1177105,10635,open
1177206,10636,open
1177309,10637,open
1177409,10638,open
1177538,10639,open
1177640,10640,open
1177750,10641,open
1177850,10642,open
1177949,10643,open
1178050,10644,open
1178150,10645,open
1178250,10646,open
1178350,10647,open
1178459,10648,open
1178560,10649,open
1178669,10650,open
1178768,10651,open
1178870,10652,open
1178970,10653,open
1179070,10654,open
1179173,10655,open
1179272,10656,open
1179371,10657,open
1179472,10658,open
1179572,10659,open
1179672,10660,open
1179771,10661,open
1179877,10662,open
1179978,10663,open
1180080,10664,open
1180180,10665,open
1180284,10666,open
1180376,10667,open
1180473,10668,open
1180580,10669,open
1180680,10670,open
1180784,10671,open
1180883,10672,open
1180983,10673,open
1181082,10674,open
1181182,10675,open
1181285,10676,open
1181387,10677,open
1181494,10678,open
1181594,10679,open
1181705,10680,open
1181804,10681,open
1181912,10682,open
1182011,10683,open
1182111,10684,open
1182211,10685,open
1182310,10686,open
1182402,10687,open
1182504,10688,open
1182612,10689,open
1182713,10690,open
1182815,10691,open
1182918,10692,open
1183019,10693,open
1183120,10694,open
1183224,10695,open
1183325,10696,open
1183427,10697,open
1183528,10698,open
1183629,10699,open
1183729,10700,open
1183830,10701,open
1183931,10702,open
1184038,10703,open
1184139,10704,open
1184242,10705,open
1184342,10706,open
1184445,10707,open
1184547,10708,open
1184648,10709,open
1184764,10710,open
1184868,10711,open
1184969,10712,open
1185069,10713,open
1185169,10714,open
1185270,10715,open
1185375,10716,open
1185477,10717,open
1185581,10718,open
1185681,10719,open
1185780,10720,open
1185880,10721,open
1185981,10722,open
1186087,10723,open
1186188,10724,open
1186287,10725,open
1186387,10726,open
1186490,10727,open
1186591,10728,open
1186695,10729,open
1186802,10730,open
1186904,10731,open
1187005,10732,open
1187106,10733,open
1187207,10734,open
1187306,10735,open
1187400,10736,open
1187507,10737,open
1187607,10738,open
1187708,10739,open
1187825,10740,open
1187929,10741,open
1188031,10742,open
1188141,10743,open
1188244,10744,open
1188345,10745,open
1188447,10746,open
1188554,10747,open
1188656,10748,open
1188757,10749,open
1188865,10750,open
1188966,10751,open
1189067,10752,open
1189168,10753,open
1189272,10754,open
1189366,10755,open
1189464,10756,open
1189572,10757,open
1189675,10758,open
1189776,10759,open
1189877,10760,open
1189978,10761,open
1190080,10762,open
1190181,10763,open
1190289,10764,open
1190394,10765,open
1190495,10766,open
1190596,10767,open
1190698,10768,open
1190800,10769,open
1190921,10770,open
1191022,10771,open
1191129,10772,open
1191231,10773,open
1191332,10774,open
1191434,10775,open
1191543,10776,open
1191644,10777,closed
1191745,10778,closed
1191846,10779,open
1191946,10780,open
1192047,10781,open
1192148,10782,open
1192249,10783,open
1192357,10784,open
1192459,10785,open
1192563,10786,open
1192664,10787,open
1192766,10788,open
1192867,10789,open
1192974,10790,open
1193075,10791,open
1193176,10792,open
1193277,10793,open
1193387,10794,open
1193488,10795,open
1193589,10796,open
1193698,10797,open
1193800,10798,open
1193901,10799,open
1194021,10800,open
1194122,10801,open
1194232,10802,open
1194327,10803,open
1194424,10804,open
1194523,10805,open
1194624,10806,open
1194727,10807,open
1194828,10808,open
1194937,10809,open
1195038,10810,open
1195139,10811,open
1195240,10812,open
1195340,10813,open
1195444,10814,open
1195545,10815,open
1195652,10816,open
1195753,10817,open
1195859,10818,open
1195960,10819,open
1196061,10820,open
1196162,10821,open
1196263,10822,open
1196362,10823,open
1196459,10824,open
1196564,10825,open
1196665,10826,open
1196766,10827,open
1196868,10828,open
1196973,10829,open
1197087,10830,open
1197188,10831,open
1197291,10832,open
1197390,10833,open
1197523,10834,open
1197623,10835,open
1197734,10836,open
1197836,10837,open
1197936,10838,open
1198036,10839,open
1198136,10840,open
1198238,10841,open
1198338,10842,open
1198448,10843,open
1198549,10844,open
1198652,10845,open
1198752,10846,open
1198852,10847,open
1198951,10848,open
1199052,10849,open
1199159,10850,open
1199260,10851,open
1199359,10852,open
1199460,10853,open
1199565,10854,open
1199669,10855,open
1199777,10856,open
1199878,10857,open
1199979,10858,open
1200080,10859,open
1200195,10860,open
1200301,10861,open
1200408,10862,open
1200509,10863,open
1200610,10864,open
1200714,10865,open
1200814,10866,open
1200915,10867,open
1201016,10868,open
1201117,10869,open
1201224,10870,open
1201322,10871,open
1201418,10872,open
1201520,10873,open
1201624,10874,open
1201727,10875,open
1201827,10876,open
1201934,10877,open
1202035,10878,open
1202137,10879,open
1202238,10880,open
1202337,10881,open
1202438,10882,open
1202549,10883,open
1202650,10884,open
1202752,10885,open
1202854,10886,open
1202955,10887,open
1203056,10888,open
1203157,10889,open
1203274,10890,open
1203366,10891,open
1203463,10892,open
1203566,10893,open
1203668,10894,open
1203769,10895,open
1203870,10896,open
1203979,10897,open
1204080,10898,open
1204180,10899,open
1204281,10900,open
1204390,10901,open
1204491,10902,open
1204591,10903,open
1204698,10904,open
1204801,10905,open
1204901,10906,open
1205003,10907,open
1205102,10908,open
1205203,10909,open
1205303,10910,open
1205410,10911,open
1205514,10912,open
1205614,10913,open
1205717,10914,open
1205817,10915,open
1205916,10916,open
1206016,10917,open
1206122,10918,open
1206221,10919,open
1206334,10920,open
1206431,10921,open
1206532,10922,open
1206637,10923,open
1206744,10924,open
1206844,10925,open
1206945,10926,open
1207046,10927,open
1207146,10928,open
1207245,10929,open
1207345,10930,open
1207446,10931,open
1207552,10932,open
1207653,10933,open
1207758,10934,open
1207861,10935,open
1207964,10936,open
1208065,10937,open
1208166,10938,open
1208272,10939,open
1208363,10940,open
1208460,10941,open
1208565,10942,open
1208665,10943,open
1208764,10944,open
1208866,10945,open
1208973,10946,open
1209072,10947,open
1209172,10948,open
1209274,10949,open
1209385,10950,open
1209485,10951,open
1209586,10952,open
1209693,10953,open
1209795,10954,open
1209896,10955,open
1209996,10956,open
1210096,10957,open
1210196,10958,open
1210295,10959,open
1210386,10960,open
1210490,10961,open
1210592,10962,open
1210692,10963,open
1210792,10964,open
1210894,10965,open
1210994,10966,open
1211093,10967,open
1211195,10968,open
1211297,10969,open
1211397,10970,open
1211498,10971,open
1211600,10972,open
1211701,10973,open
1211801,10974,open
1211906,10975,open
1212006,10976,open
1212107,10977,open
1212207,10978,open
1212307,10979,open
1212425,10980,open
1212529,10981,open
1212629,10982,open
1212728,10983,open
1212832,10984,open
1212933,10985,open
1213032,10986,open
1213133,10987,open
1213233,10988,open
1213332,10989,open
1213431,10990,open
1213533,10991,open
1213635,10992,open
1213735,10993,open
1213837,10994,open
1213936,10995,open
1214039,10996,closed
1214147,10997,closed
1214247,10998,closed
1214346,10999,open
1214446,11000,open
1214547,11001,open
1214646,11002,open
1214749,11003,open
1214856,11004,open
1214956,11005,open
1215056,11006,open
1215157,11007,open
1215258,11008,open
1215350,11009,open
1215471,11010,open
1215566,11011,open
1215665,11012,open
1215765,11013,open
1215869,11014,open
1215968,11015,open
1216069,11016,open
1216169,11017,open
1216276,11018,open
1216397,11019,open
1216498,11020,open
1216600,11021,open
1216700,11022,open
1216801,11023,open
1216902,11024,open
1217012,11025,open
1217112,11026,open
1217213,11027,open
1217311,11028,open
1217402,11029,open
1217515,11030,open
1217616,11031,open
1217722,11032,open
1217823,11033,open
1217922,11034,open
1218023,11035,open
1218123,11036,open
1218255,11037,open
1218353,11038,open
1218452,11039,open
1218570,11040,open
1218669,11041,open
1218769,11042,open
1218869,11043,open
1218972,11044,open
1219078,11045,open
1219177,11046,open
1219277,11047,open
1219388,11048,open
1219488,11049,closed
1219588,11050,open
1219692,11051,open
1219791,11052,open
1219895,11053,open
1219995,11054,open
1220096,11055,open
1220199,11056,open
1220298,11057,open
1220399,11058,open
1220502,11059,open
1220607,11060,open
1220707,11061,open
1220810,11062,open
1220910,11063,open
1221011,11064,open
1221113,11065,open
1221213,11066,open
1221318,11067,open
1221418,11068,open
1221519,11069,open
1221633,11070,open
1221733,11071,open
1221832,11072,open
1221938,11073,open
1222042,11074,open
1222142,11075,open
1222241,11076,open
1222336,11077,open
1222428,11078,open
1222529,11079,open
1222643,11080,open
1222742,11081,open
1222841,11082,open
1222940,11083,open
1223040,11084,open
1223139,11085,open
1223242,11086,closed
1223339,11087,open
1223438,11088,open
1223542,11089,open
1223642,11090,open
1223747,11091,open
1223846,11092,open
1223947,11093,open
1224046,11094,open
1224150,11095,open
1224249,11096,open
1224342,11097,open
1224435,11098,open
1224536,11099,open
1224658,11100,open
1224757,11101,open
1224858,11102,open
1224958,11103,open
1225065,11104,open
1225165,11105,open
1225266,11106,open
1225365,11107,open
1225473,11108,open
1225573,11109,open
1225673,11110,open
1225772,11111,open
1225872,11112,open
1225971,11113,open
1226071,11114,open
1226170,11115,open
1226277,11116,open
1226385,11117,open
1226486,11118,open
1226592,11119,open
1226696,11120,open
1226796,11121,open
1226895,11122,open
1227001,11123,open
1227101,11124,open
1227200,11125,open
1227300,11126,open
1227399,11127,open
1227499,11128,open
1227604,11129,open
1227719,11130,open
1227819,11131,open
1227920,11132,open
1228020,11133,open
1228126,11134,open
1228226,11135,open
1228333,11136,open
1228433,11137,open
1228538,11138,open
1228638,11139,open
1228739,11140,open
1228839,11141,open
1228939,11142,open
1229040,11143,open
1229146,11144,open
1229255,11145,open
1229347,11146,open
1229441,11147,open
1229543,11148,open
1229646,11149,open
1229753,11150,open
1229853,11151,open
1229953,11152,open
1230054,11153,open
1230154,11154,open
1230255,11155,open
1230357,11156,open
1230465,11157,open
1230566,11158,open
1230665,11159,open
1230778,11160,open
1230881,11161,open
1230981,11162,open
1231082,11163,open
1231188,11164,open
1231288,11165,open
1231379,11166,open
1231481,11167,open
1231582,11168,open
1231681,11169,open
1231782,11170,open
1231882,11171,open
1231992,11172,open
1232092,11173,open
1232193,11174,open
1232293,11175,open
1232395,11176,open
1232496,11177,open
1232596,11178,open
1232706,11179,open
1232806,11180,open
1232907,11181,open
1233007,11182,open
1233108,11183,open
1233207,11184,open
1233307,11185,open
1233407,11186,open
1233507,11187,open
1233608,11188,open
1233708,11189,open
1233818,11190,open
1233921,11191,open
1234027,11192,open
1234127,11193,open
1234227,11194,open
1234327,11195,open
1234427,11196,open
1234528,11197,open
1234628,11198,open
1234732,11199,open
1234836,11200,open
1234938,11201,open
1235038,11202,open
1235139,11203,open
1235239,11204,open
1235339,11205,open
1235440,11206,open
1235550,11207,open
1235649,11208,open
1235749,11209,open
1235850,11210,open
1235950,11211,open
1236051,11212,open
1236150,11213,open
1236255,11214,open
1236348,11215,open
1236443,11216,open
1236543,11217,open
1236646,11218,open
1236747,11219,open
1236865,11220,open
1236967,11221,open
1237066,11222,open
1237165,11223,open
1237265,11224,open
1237364,11225,open
1237465,11226,open
1237566,11227,open
1237673,11228,open
1237776,11229,open
1237876,11230,open
1237977,11231,open
1238077,11232,open
1238177,11233,open
1238277,11234,open
1238369,11235,open
1238475,11236,open
1238578,11237,open
1238678,11238,open
1238778,11239,open
1239267,11240,open
1239871,11241,open
1240516,11242,open
1241091,11243,open
1241762,11244,open
1242274,11245,open
1242372,11246,open
1242472,11247,open
1242575,11248,open
1242675,11249,open
1242791,11250,open
1242891,11251,open
1242994,11252,open
1243094,11253,open
1243193,11254,open
1243292,11255,open
1243383,11256,open
1243482,11257,open
1243590,11258,open
1243693,11259,open
1243793,11260,open
1243893,11261,open
1243993,11262,open
1244098,11263,open
1244198,11264,open
1244298,11265,open
1244393,11266,open
1244496,11267,open
1244595,11268,open
1244696,11269,open
1244800,11270,open
1244901,11271,open
1245005,11272,open
1245105,11273,open
1245206,11274,open
1245305,11275,open
1245396,11276,open
1245496,11277,open
1245601,11278,open
1245712,11279,open
1245822,11280,open
1245923,11281,open
1246023,11282,open
1246123,11283,open
1246224,11284,open
1246322,11285,open
1246423,11286,open
1246524,11287,open
1246624,11288,open
1246728,11289,open
1246827,11290,open
1246927,11291,open
1247027,11292,open
1247130,11293,open
1247231,11294,open
1247331,11295,open
1247449,11296,open
1247565,11297,open
1247666,11298,open
1247767,11299,open
1247874,11300,open
1247975,11301,open
1248075,11302,open
1248176,11303,open
1248277,11304,open
1248386,11305,open
1248486,11306,open
1248594,11307,open
1248695,11308,open
1248796,11309,open
1248906,11310,open
1249010,11311,open
1249110,11312,open
1249215,11313,open
1249316,11314,open
1249420,11315,open
1249520,11316,open
1249621,11317,open
1249723,11318,open
1249823,11319,open
1249924,11320,open
1250027,11321,open
1250127,11322,open
1250227,11323,open
1250322,11324,open
1250417,11325,open
1250516,11326,open
1250615,11327,open
1250723,11328,open
1250823,11329,open
1250922,11330,open
1251022,11331,open
1251123,11332,open
1251222,11333,open
1251322,11334,open
1251423,11335,open
1251524,11336,open
1251627,11337,open
1251728,11338,open
1251829,11339,open
1251951,11340,open
1252052,11341,open
1252153,11342,open
1252253,11343,open
1252350,11344,open
1252445,11345,open
1252547,11346,open
1252647,11347,open
1252754,11348,open
1252855,11349,open
1252956,11350,open
1253057,11351,open
1253158,11352,open
1253259,11353,open
1253361,11354,open
1253472,11355,open
1253575,11356,open
1253676,11357,open
1253777,11358,open
1253878,11359,open
1253979,11360,open
1254080,11361,open
1254187,11362,open
1254290,11363,open
1254390,11364,open
1254491,11365,open
1254595,11366,open
1254696,11367,open
1254804,11368,open
1254904,11369,open
1255017,11370,open
1255118,11371,open
1255219,11372,open
1255323,11373,open
1255431,11374,open
1255533,11375,open
1255635,11376,open
1255737,11377,open
1255837,11378,open
1255938,11379,open
1256038,11380,open
1256141,11381,open
1256249,11382,open
1256349,11383,open
1256454,11384,open
1256557,11385,open
1256658,11386,open
1256759,11387,open
1256860,11388,open
1256967,11389,open
1257067,11390,open
1257168,11391,open
1257268,11392,open
1257363,11393,open
1257458,11394,open
1257569,11395,open
1257669,11396,open
1257768,11397,open
1257869,11398,open
1257970,11399,open
1258082,11400,open
1258182,11401,open
1258290,11402,open
1258387,11403,open
1258488,11404,open
1258589,11405,open
1258693,11406,open
1258793,11407,open
1258894,11408,open
1259002,11409,open
1259105,11410,open
1259206,11411,open
1259304,11412,open
1259396,11413,open
1259496,11414,open
1259598,11415,open
1259702,11416,open
1259807,11417,open
1259908,11418,open
1260009,11419,open
1260110,11420,open
1260211,11421,open
1260311,11422,open
1260417,11423,open
1260522,11424,open
1260624,11425,open
1260725,11426,open
1260829,11427,open
1260930,11428,open
1261037,11429,open
1261152,11430,open
1261256,11431,open
1261359,11432,open
1261460,11433,open
1261561,11434,open
1261669,11435,open
1261770,11436,open
1261872,11437,open
1262004,11438,open
1262104,11439,open
1262204,11440,open
1262305,11441,open
1262412,11442,open
1262512,11443,open
1262612,11444,open
1262715,11445,open
1262815,11446,open
1262921,11447,open
1263021,11448,open
1263122,11449,open
1263228,11450,open
1263329,11451,open
1263431,11452,open
1263532,11453,open
1263633,11454,open
1263733,11455,open
1263841,11456,open
1263943,11457,open
1264044,11458,open
1264145,11459,open
1264256,11460,open
1264349,11461,open
1264452,11462,open
1264557,11463,open
1264658,11464,open
1264759,11465,open
1264859,11466,open
1264960,11467,open
1265060,11468,open
1265161,11469,open
1265266,11470,open
1265366,11471,open
1265467,11472,open
1265568,11473,open
1265673,11474,open
1265777,11475,open
1265879,11476,open
1265989,11477,open
1266091,11478,open
1266192,11479,open
1266291,11480,open
1266383,11481,open
1266481,11482,open
1266588,11483,open
1266687,11484,open
1266792,11485,open
1266893,11486,unsure
1266996,11487,unsure
1267097,11488,unsure
1267199,11489,unsure
1267317,11490,unsure
1267415,11491,unsure
1267517,11492,unsure
1267618,11493,unsure
1267720,11494,unsure
1267821,11495,unsure
1267921,11496,open
1268030,11497,open
1268131,11498,open
1268232,11499,open
1268332,11500,open
1268433,11501,open
1268534,11502,open
1268639,11503,open
1268744,11504,open
1268848,11505,open
1268949,11506,open
1269050,11507,open
1269152,11508,open
1269253,11509,open
1269353,11510,open
1269460,11511,open
1269561,11512,open
1269662,11513,open
1269767,11514,open
1269869,11515,open
1269970,11516,open
1270076,11517,open
1270177,11518,open
1270278,11519,open
1270398,11520,open
1270503,11521,open
1270604,11522,open
1270710,11523,open
1270811,11524,open
1270912,11525,open
1271013,11526,open
1271114,11527,open
1271215,11528,open
1271313,11529,open
1271405,11530,open
1271518,11531,open
1271620,11532,open
1271720,11533,open
1271823,11534,open
1271923,11535,open
1272024,11536,open
1272127,11537,open
1272234,11538,open
1272334,11539,open
1272436,11540,closed
1272535,11541,open
1272636,11542,open
1272739,11543,open
1272842,11544,open
1272950,11545,open
1273053,11546,open
1273155,11547,open
1273258,11548,open
1273352,11549,open
1273469,11550,open
1273571,11551,open
1273673,11552,open
1273779,11553,open
1273880,11554,open
1273981,11555,open
1274082,11556,open
1274183,11557,open
1274291,11558,open
1274390,11559,open
1274495,11560,open
1274598,11561,open
1274700,11562,open
1274804,11563,open
1274906,11564,open
1275014,11565,open
1275116,11566,open
1275217,11567,closed
1275315,11568,closed
1275416,11569,open
1275517,11570,open
1275625,11571,open
1275729,11572,open
1275831,11573,open
1275933,11574,open
1276037,11575,open
1276141,11576,open
1276241,11577,open
1276348,11578,open
1276448,11579,open
1276557,11580,open
1276658,11581,open
1276765,11582,open
1276865,11583,open
1276966,11584,open
1277072,11585,open
1277172,11586,open
1277271,11587,open
1277371,11588,open
1277474,11589,open
1277574,11590,open
1277675,11591,open
1277774,11592,open
1277877,11593,open
1277977,11594,open
1278079,11595,open
1278180,11596,open
1278281,11597,open
1278372,11598,open
1278470,11599,open
1278578,11600,open
1278679,11601,open
1278780,11602,open
1278881,11603,open
1278981,11604,open
1279083,11605,open
1279188,11606,open
