timestamp_ms,frame_idx,state
137283,0,open
137386,1,open
137478,2,open
137578,3,open
137670,4,open
137761,5,open
137854,6,open
137953,7,open
138044,8,open
138137,9,open
138227,10,open
138317,11,open
138409,12,open
138501,13,open
138603,14,unsure
138693,15,open
138785,16,open
138875,17,open
138966,18,open
139057,19,open
139151,20,open
139253,21,open
139343,22,open
139434,23,open
139525,24,open
139615,25,open
139710,26,open
139803,27,open
139893,28,open
139994,29,open
140101,30,open
140207,31,open
140311,32,open
140413,33,open
140513,34,open
140615,35,open
140718,36,open
140819,37,open
140965,38,open
141065,39,open
141170,40,open
141270,41,open
141370,42,closed
141482,43,open
141580,44,open
141686,45,open
141803,46,open
141904,47,open
142006,48,open
142106,49,open
142206,50,open
142306,51,open
142401,52,open
142519,53,open
142619,54,open
142719,55,closed
142831,56,open
142936,57,open
143038,58,open
143138,59,open
143259,60,open
143362,61,open
143463,62,open
143572,63,open
143676,64,open
143776,65,open
143878,66,open
143982,67,open
144091,68,open
144192,69,open
144292,70,open
144405,71,open
144505,72,open
144605,73,open
144705,74,open
144817,75,open
144917,76,open
145018,77,open
145127,78,open
145229,79,open
145328,80,open
145428,81,open
145539,82,open
145640,83,open
145746,84,open
145847,85,open
145946,86,open
146054,87,open
146159,88,open
146266,89,open
146386,90,open
146488,91,open
146590,92,open
146687,93,open
146783,94,open
146881,95,open
146978,96,open
147073,97,open
147176,98,open
147273,99,open
147368,100,open
147463,101,open
147558,102,open
147658,103,open
147753,104,open
147867,105,open
147965,106,open
148061,107,open
148156,108,open
148251,109,open
148347,110,open
148442,111,open
148545,112,open
148644,113,open
148739,114,open
148834,115,open
148928,116,open
149023,117,open
149118,118,open
149229,119,open
149339,120,open
149439,121,open
149538,122,open
149637,123,open
149737,124,open
149836,125,open
149937,126,open
150043,127,open
150151,128,open
150250,129,open
150348,130,open
150448,131,open
150551,132,open
150650,133,open
150758,134,open
150869,135,open
150963,136,open
151058,137,open
151164,138,open
151265,139,open
151364,140,open
151464,141,open
151573,142,open
151673,143,open
151773,144,open
151873,145,open
151973,146,open
152077,147,open
152178,148,open
152287,149,open
152399,150,open
152500,151,open
152596,152,open
152693,153,open
152789,154,open
152888,155,open
152983,156,open
153086,157,open
153180,158,open
153275,159,open
153370,160,open
153464,161,open
153557,162,open
153650,163,open
153753,164,open
153847,165,open
153943,166,open
154037,167,open
154131,168,open
154226,169,open
154320,170,open
154424,171,open
154519,172,open
154613,173,open
154712,174,open
154808,175,open
154902,176,open
154996,177,open
155099,178,open
155193,179,open
155307,180,open
155408,181,open
155509,182,open
155615,183,open
155715,184,open
155819,185,open
155919,186,open
156019,187,open
156130,188,open
156231,189,open
156331,190,open
156431,191,open
156536,192,open
156639,193,open
156752,194,open
156853,195,open
156955,196,open
157055,197,open
157155,198,open
157261,199,open
157361,200,open
157465,201,open
157574,202,open
157674,203,closed
157793,204,closed
157888,205,open
157988,206,open
158088,207,open
158192,208,open
158300,209,open
158414,210,open
158518,211,open
158618,212,open
158718,213,open
158819,214,open
158918,215,open
159018,216,open
159118,217,open
159233,218,open
159332,219,open
159432,220,open
159532,221,open
159635,222,open
159735,223,open
159835,224,open
159941,225,open
160049,226,open
160149,227,open
160249,228,open
160348,229,open
160450,230,open
160557,231,open
160662,232,open
160774,233,open
160874,234,open
160974,235,open
161074,236,open
161176,237,closed
161282,238,open
161382,239,open
161507,240,open
161607,241,open
161704,242,open
161813,243,open
161911,244,open
162006,245,open
162101,246,open
162205,247,open
162301,248,open
162391,249,open
162487,250,open
162583,251,open
162678,252,closed
162784,253,closed
162876,254,open
162983,255,open
163078,256,open
163174,257,open
163269,258,open
163356,259,open
163451,260,open
163559,261,open
163656,262,open
163751,263,open
163847,264,open
163942,265,open
164037,266,open
164132,267,open
164238,268,open
164332,269,squint
164450,270,closed
164545,271,closed
164644,272,closed
164743,273,open
164847,274,open
164948,275,open
165048,276,open
165148,277,open
165263,278,open
165355,279,open
165485,280,open
165585,281,open
165685,282,open
165785,283,open
165892,284,open
165996,285,open
166096,286,open
166198,287,open
166297,288,open
166393,289,open
166494,290,open
166609,291,open
166710,292,open
166810,293,open
166910,294,open
167010,295,open
167110,296,open
167223,297,open
557336,4235,open
557423,4236,open
557510,4237,open
557936,4238,open
558241,4239,open
558548,4240,open
558939,4241,open
559025,4242,open
559112,4243,open
559205,4244,open
559291,4245,open
559376,4246,open
559461,4247,open
559546,4248,open
559632,4249,open
559717,4250,open
559802,4251,open
559887,4252,open
559978,4253,open
560063,4254,open
560148,4255,open
560234,4256,open
560320,4257,open
560405,4258,open
560490,4259,open
560599,4260,open
560690,4261,open
560770,4262,open
560855,4263,open
560945,4264,open
561030,4265,open
561115,4266,open
561200,4267,open
561286,4268,open
561371,4269,open
561456,4270,open
561542,4271,open
561628,4272,open
561714,4273,open
561799,4274,open
561884,4275,open
561969,4276,open
562054,4277,open
562150,4278,open
562232,4279,open
562334,4280,open
562419,4281,open
562504,4282,open
562599,4283,open
562685,4284,open
562770,4285,open
562858,4286,open
562947,4287,open
563032,4288,open
563117,4289,open
563218,4290,open
563309,4291,open
563395,4292,open
563481,4293,open
563573,4294,open
563658,4295,open
563743,4296,open
563828,4297,open
563914,4298,open
563999,4299,open
564084,4300,open
564170,4301,open
564256,4302,open
564340,4303,open
564423,4304,open
564516,4305,open
564601,4306,open
564688,4307,open
564774,4308,open
564862,4309,open
564947,4310,open
565032,4311,open
565117,4312,open
565202,4313,open
565287,4314,open
565372,4315,open
565469,4316,open
565559,4317,open
565644,4318,open
565729,4319,open
565830,4320,open
565921,4321,open
566011,4322,open
566101,4323,open
566191,4324,open
566281,4325,open
566377,4326,open
566467,4327,open
566559,4328,open
566649,4329,open
566740,4330,open
566830,4331,open
566920,4332,open
567010,4333,open
567107,4334,open
567197,4335,open
567289,4336,open
567380,4337,open
567479,4338,open
567569,4339,open
567659,4340,open
567755,4341,open
567847,4342,open
567937,4343,open
568029,4344,open
568119,4345,open
568209,4346,open
568299,4347,open
568389,4348,open
568485,4349,open
568590,4350,open
568682,4351,open
568774,4352,open
568865,4353,open
568955,4354,open
569052,4355,open
569142,4356,open
569234,4357,open
569325,4358,open
569416,4359,open
569506,4360,open
569596,4361,open
569686,4362,open
569776,4363,open
569872,4364,open
569964,4365,open
570054,4366,open
570145,4367,open
570235,4368,open
570325,4369,open
570415,4370,open
570505,4371,open
570604,4372,open
570693,4373,open
570784,4374,open
570879,4375,open
570970,4376,open
571060,4377,open
571150,4378,open
571247,4379,open
571357,4380,open
571446,4381,open
571532,4382,open
571618,4383,open
571704,4384,open
571789,4385,open
571873,4386,open
571958,4387,open
572044,4388,open
572128,4389,open
572213,4390,open
572298,4391,open
572382,4392,open
572467,4393,open
572555,4394,open
572640,4395,open
572725,4396,open
572810,4397,open
572895,4398,open
572980,4399,open
573064,4400,open
573148,4401,open
573234,4402,open
573322,4403,open
573406,4404,open
573491,4405,open
573576,4406,open
573662,4407,open
573746,4408,open
573831,4409,open
573931,4410,open
574022,4411,open
574113,4412,open
574204,4413,open
574300,4414,open
574391,4415,open
574491,4416,open
574582,4417,open
574675,4418,open
574767,4419,open
574858,4420,open
574951,4421,open
575045,4422,open
575136,4423,open
575234,4424,open
575325,4425,open
575416,4426,open
575507,4427,open
575598,4428,open
575698,4429,open
575789,4430,open
575886,4431,open
575978,4432,open
576068,4433,closed
576171,4434,open
576260,4435,open
576350,4436,open
576444,4437,open
576542,4438,open
576636,4439,open
576745,4440,open
576836,4441,open
576927,4442,open
577020,4443,open
577118,4444,closed
577221,4445,open
577310,4446,open
577401,4447,open
577497,4448,open
577588,4449,open
577691,4450,open
577801,4451,open
577892,4452,open
577985,4453,open
578080,4454,open
578170,4455,open
578261,4456,open
578351,4457,open
578441,4458,open
578538,4459,open
578628,4460,open
578718,4461,open
578811,4462,open
578905,4463,open
578995,4464,open
579085,4465,open
579182,4466,open
579272,4467,open
579362,4468,open
579452,4469,open
579563,4470,open
579656,4471,open
579746,4472,open
579840,4473,open
579936,4474,open
580027,4475,open
580120,4476,open
580211,4477,open
580305,4478,closed
580408,4479,open
580504,4480,open
580610,4481,open
580701,4482,open
580793,4483,open
580882,4484,open
580976,4485,open
581072,4486,closed
581164,4487,open
581265,4488,open
581357,4489,open
581447,4490,open
581538,4491,open
581629,4492,open
581726,4493,open
581817,4494,open
581908,4495,open
582008,4496,open
582099,4497,open
582190,4498,open
582281,4499,open
582392,4500,open
582484,4501,open
582576,4502,open
582667,4503,open
582760,4504,open
582852,4505,closed
582961,4506,open
583048,4507,open
583156,4508,open
583280,4509,open
583370,4510,open
583460,4511,open
583557,4512,open
583649,4513,open
583739,4514,open
583838,4515,open
583928,4516,closed
584017,4517,closed
584107,4518,squint
584213,4519,squint
584301,4520,open
584390,4521,open
584492,4522,open
584583,4523,open
584676,4524,open
584766,4525,open
584863,4526,open
584954,4527,open
585056,4528,open
585147,4529,open
585251,4530,open
585343,4531,open
585440,4532,open
585531,4533,open
585624,4534,open
585715,4535,open
585806,4536,open
585897,4537,open
585988,4538,open
586079,4539,open
586176,4540,open
586267,4541,open
586368,4542,open
586459,4543,open
586550,4544,open
586641,4545,open
586732,4546,open
586822,4547,open
586919,4548,open
587011,4549,open
587101,4550,open
587192,4551,open
797284,6773,closed
797374,6774,closed
797483,6775,squint
797574,6776,squint
797665,6777,squint
797755,6778,squint
797846,6779,squint
797952,6780,squint
798043,6781,squint
798141,6782,squint
798232,6783,squint
798323,6784,squint
798414,6785,squint
798506,6786,squint
798597,6787,squint
798704,6788,squint
798791,6789,squint
798889,6790,squint
798988,6791,squint
799081,6792,squint
799172,6793,squint
799263,6794,squint
799354,6795,squint
799447,6796,squint
799544,6797,squint
799635,6798,squint
799726,6799,squint
799817,6800,squint
799908,6801,squint
800008,6802,squint
800099,6803,squint
800196,6804,squint
800287,6805,squint
800378,6806,squint
800469,6807,squint
800560,6808,squint
800651,6809,squint
800765,6810,squint
800860,6811,squint
800948,6812,squint
801035,6813,squint
801123,6814,squint
801217,6815,squint
801301,6816,squint
801388,6817,squint
801479,6818,squint
801570,6819,squint
801666,6820,squint
801753,6821,squint
801847,6822,squint
801932,6823,squint
802017,6824,squint
802101,6825,squint
802188,6826,squint
802276,6827,squint
802364,6828,squint
802450,6829,squint
802545,6830,squint
802631,6831,squint
802719,6832,squint
802806,6833,squint
802891,6834,squint
802977,6835,squint
803063,6836,squint
803149,6837,squint
803235,6838,squint
803321,6839,squint
803428,6840,squint
803515,6841,squint
803613,6842,squint
803704,6843,squint
803802,6844,squint
803893,6845,squint
803986,6846,squint
804089,6847,squint
804178,6848,squint
804269,6849,squint
804365,6850,squint
804456,6851,squint
804555,6852,squint
804645,6853,squint
804736,6854,squint
804827,6855,squint
804918,6856,squint
805008,6857,squint
805105,6858,squint
805197,6859,squint
805289,6860,squint
805380,6861,squint
805471,6862,squint
805574,6863,squint
805668,6864,squint
805759,6865,squint
805850,6866,squint
805941,6867,squint
806032,6868,squint
806123,6869,squint
806244,6870,squint
806330,6871,squint
806421,6872,squint
806514,6873,squint
806606,6874,squint
806697,6875,squint
806788,6876,squint
806880,6877,squint
806977,6878,squint
807068,6879,squint
807167,6880,squint
807259,6881,squint
807350,6882,squint
807441,6883,squint
807535,6884,squint
807633,6885,squint
807726,6886,squint
807817,6887,squint
807908,6888,squint
808008,6889,squint
808099,6890,squint
808190,6891,squint
808287,6892,squint
808378,6893,squint
808471,6894,squint
808575,6895,squint
808664,6896,squint
808755,6897,squint
808846,6898,squint
808946,6899,squint
809056,6900,squint
809148,6901,squint
809241,6902,squint
809363,6903,squint
809454,6904,squint
809551,6905,squint
809642,6906,squint
809744,6907,squint
809832,6908,squint
809922,6909,squint
810015,6910,squint
810105,6911,squint
810209,6912,squint
810299,6913,squint
810389,6914,squint
810479,6915,squint
810569,6916,squint
810659,6917,squint
810750,6918,squint
810842,6919,squint
810939,6920,squint
811030,6921,squint
811129,6922,squint
811220,6923,squint
811312,6924,squint
811403,6925,squint
811499,6926,squint
811590,6927,squint
811684,6928,squint
811774,6929,squint
811885,6930,squint
811979,6931,squint
812070,6932,squint
812178,6933,squint
812266,6934,squint
812357,6935,squint
812447,6936,squint
812538,6937,squint
812629,6938,squint
812719,6939,squint
812813,6940,squint
812904,6941,squint
812995,6942,squint
813094,6943,squint
813185,6944,squint
813276,6945,squint
813367,6946,squint
813457,6947,squint
813554,6948,squint
813645,6949,squint
813735,6950,squint
813832,6951,squint
813922,6952,squint
814014,6953,squint
814104,6954,squint
814209,6955,squint
814300,6956,squint
814391,6957,squint
814482,6958,squint
814572,6959,squint
814679,6960,squint
814776,6961,squint
814866,6962,squint
814957,6963,squint
815049,6964,squint
815140,6965,open
815231,6966,open
815323,6967,open
815415,6968,open
815513,6969,open
815604,6970,open
815695,6971,open
815794,6972,open
815885,6973,open
815976,6974,open
816067,6975,open
816158,6976,squint
816254,6977,squint
816357,6978,squint
816446,6979,squint
816540,6980,squint
816631,6981,squint
816729,6982,open
816825,6983,open
816915,6984,open
817005,6985,open
817095,6986,open
817185,6987,open
817276,6988,open
817367,6989,open
817490,6990,open
817580,6991,open
817671,6992,open
817761,6993,open
817855,6994,open
817946,6995,squint
818044,6996,squint
818146,6997,squint
818235,6998,squint
818326,6999,squint
818417,7000,squint
818516,7001,open
818607,7002,open
818704,7003,open
818795,7004,open
818887,7005,open
818978,7006,open
819069,7007,open
819160,7008,open
819251,7009,open
819360,7010,open
819451,7011,open
819545,7012,open
819637,7013,open
819731,7014,open
819822,7015,open
819913,7016,open
820010,7017,open
820109,7018,open
820200,7019,open
820308,7020,open
820399,7021,open
820490,7022,open
820588,7023,open
820679,7024,open
820770,7025,open
820861,7026,open
820952,7027,open
821043,7028,open
821142,7029,open
821233,7030,open
821330,7031,open
821421,7032,open
821512,7033,open
821607,7034,open
821700,7035,open
821794,7036,open
821900,7037,open
821991,7038,open
822082,7039,open
822173,7040,open
822264,7041,open
822355,7042,open
822461,7043,squint
822557,7044,squint
822652,7045,squint
822743,7046,squint
822843,7047,squint
822946,7048,squint
823036,7049,squint
823144,7050,squint
823234,7051,squint
823325,7052,squint
823416,7053,squint
823507,7054,squint
823597,7055,squint
823690,7056,squint
823780,7057,squint
823874,7058,squint
823964,7059,squint
824055,7060,squint
824145,7061,squint
824245,7062,squint
824336,7063,squint
824426,7064,squint
824524,7065,squint
824615,7066,squint
824706,7067,squint
824797,7068,squint
824888,7069,squint
824978,7070,squint
825068,7071,squint
825173,7072,squint
825264,7073,squint
825370,7074,squint
825456,7075,squint
825546,7076,closed
825636,7077,open
825727,7078,open
825825,7079,squint
825931,7080,squint
826036,7081,squint
826124,7082,squint
826214,7083,squint
826304,7084,squint
826419,7085,squint
826509,7086,squint
826599,7087,squint
826689,7088,squint
826779,7089,squint
826869,7090,squint
826959,7091,squint
827049,7092,squint
827158,7093,squint
827244,7094,squint
1157284,10638,open
1157375,10639,open
1157470,10640,open
1157562,10641,open
1157654,10642,open
1157744,10643,open
1157834,10644,open
1157925,10645,open
1158017,10646,open
1158108,10647,open
1158205,10648,open
1158304,10649,open
1158408,10650,open
1158501,10651,open
1158602,10652,open
1158693,10653,open
1158792,10654,open
1158883,10655,open
1158974,10656,open
1159065,10657,open
1159156,10658,open
1159247,10659,open
1159338,10660,open
1159430,10661,open
1159522,10662,open
1159619,10663,open
1159719,10664,open
1159810,10665,open
1159901,10666,open
1159992,10667,open
1160084,10668,open
1160174,10669,open
1160271,10670,open
1160362,10671,open
1160453,10672,open
1160544,10673,open
1160635,10674,open
1160734,10675,open
1160825,10676,open
1160919,10677,open
1161010,10678,open
1161101,10679,open
1161207,10680,open
1161299,10681,open
1161388,10682,open
1161476,10683,open
1161564,10684,open
1161661,10685,open
1161749,10686,open
1161837,10687,open
1161926,10688,open
1162012,10689,open
1162098,10690,open
1162192,10691,open
1162278,10692,open
1162365,10693,open
1162452,10694,open
1162538,10695,open
1162624,10696,open
1162713,10697,open
1162799,10698,open
1162886,10699,open
1162972,10700,open
1163058,10701,open
1163143,10702,open
1163228,10703,open
1163322,10704,open
1163408,10705,open
1163493,10706,open
1163583,10707,open
1163671,10708,open
1163757,10709,open
1163858,10710,open
1163951,10711,open
1164037,10712,open
1164123,10713,open
1164209,10714,open
1164296,10715,open
1164383,10716,open
1164469,10717,open
1164556,10718,open
1164644,10719,open
1164730,10720,open
1164816,10721,open
1164902,10722,open
1164988,10723,open
1165091,10724,open
1165176,10725,open
1165262,10726,open
1165347,10727,open
1165431,10728,open
1165516,10729,open
1165600,10730,open
1165685,10731,open
1165776,10732,open
1165862,10733,open
1165946,10734,open
1166029,10735,open
1166113,10736,open
1166197,10737,open
1166284,10738,open
1166371,10739,open
1166478,10740,open
1166578,10741,open
1166669,10742,open
1166760,10743,open
1166851,10744,open
1166944,10745,open
1167035,10746,open
1167126,10747,open
1167217,10748,open
1167308,10749,open
1167405,10750,open
1167497,10751,open
1167588,10752,open
1167679,10753,open
1167770,10754,open
1167862,10755,open
1167965,10756,open
1168062,10757,open
1168153,10758,open
1168244,10759,open
1168335,10760,open
1168456,10761,open
1168547,10762,open
1168638,10763,open
1168736,10764,open
1168828,10765,open
1168919,10766,open
1169017,10767,open
1169108,10768,open
1169200,10769,open
1169310,10770,open
1169402,10771,open
1169490,10772,open
1169574,10773,open
1169659,10774,open
1169744,10775,open
1169830,10776,open
1169918,10777,open
1170011,10778,open
1170096,10779,open
1170181,10780,open
1170268,10781,open
1170353,10782,open
1170438,10783,closed
1170523,10784,open
1170608,10785,open
1170693,10786,open
1170778,10787,open
1170863,10788,open
1170948,10789,open
1171041,10790,open
1171136,10791,open
1171224,10792,open
1171312,10793,open
1171397,10794,open
1171482,10795,open
1171567,10796,open
1171652,10797,open
1171737,10798,open
1171822,10799,open
1171924,10800,open
1172015,10801,open
1172106,10802,open
1172197,10803,open
1172292,10804,open
1172384,10805,open
1172485,10806,open
1172578,10807,open
1172673,10808,open
1172764,10809,open
1172863,10810,open
1172954,10811,open
1173045,10812,open
1173142,10813,open
1173233,10814,open
1173324,10815,open
1173415,10816,open
1173506,10817,open
1173597,10818,open
1173688,10819,open
1173780,10820,open
1173887,10821,open
1173978,10822,open
1174069,10823,open
1174160,10824,open
1174250,10825,open
1174340,10826,open
1174431,10827,open
1174529,10828,open
1174620,10829,open
1174730,10830,open
1174821,10831,open
1174908,10832,open
1174996,10833,open
1175083,10834,open
1175169,10835,open
1175255,10836,open
1175341,10837,open
1175427,10838,open
1175513,10839,open
1175603,10840,open
1175690,10841,open
1175786,10842,open
1175874,10843,open
1176072,10844,open
1176158,10845,open
1176244,10846,open
1176330,10847,open
1176420,10848,open
1176506,10849,open
1176592,10850,open
1176678,10851,open
1176769,10852,open
1176854,10853,open
1176947,10854,open
1177033,10855,open
1177118,10856,open
1177204,10857,open
1177290,10858,open
1177376,10859,open
1177480,10860,open
1177577,10861,open
1177669,10862,open
1177760,10863,open
1177851,10864,open
1177942,10865,open
1178033,10866,open
1178124,10867,open
1178216,10868,open
1178324,10869,open
1178416,10870,open
1178509,10871,open
1178600,10872,open
1178691,10873,open
1178783,10874,open
1178877,10875,open
1178974,10876,open
1179065,10877,open
1179164,10878,open
1179255,10879,open
1179346,10880,open
1179437,10881,open
1179528,10882,open
1179627,10883,open
1179718,10884,open
1179809,10885,open
1179900,10886,open
1179991,10887,open
1180091,10888,open
1180182,10889,closed
1180293,10890,open
1180387,10891,open
1180481,10892,open
1180572,10893,open
1180665,10894,open
1180757,10895,open
1180848,10896,open
1180945,10897,open
1181036,10898,open
1181127,10899,open
1181218,10900,open
1181321,10901,open
1181415,10902,open
1181507,10903,open
1181600,10904,open
1181695,10905,open
1181787,10906,open
1181880,10907,open
1181971,10908,open
1182062,10909,open
1182153,10910,open
1182257,10911,open
1182348,10912,open
1182439,10913,open
1182531,10914,open
1182622,10915,open
1182714,10916,open
1182808,10917,open
1182905,10918,open
1182996,10919,open
1183105,10920,open
1183197,10921,open
1183290,10922,open
1183381,10923,open
1183474,10924,open
1183572,10925,open
1183664,10926,open
1183758,10927,open
1183849,10928,open
1183949,10929,open
1184040,10930,open
1184132,10931,open
1184223,10932,open
1184321,10933,open
1184413,10934,open
1184508,10935,open
1184600,10936,open
1184691,10937,open
1184782,10938,open
1184875,10939,open
1184983,10940,open
1185074,10941,open
1185165,10942,open
1185256,10943,open
1185347,10944,open
1185439,10945,open
1185530,10946,open
1185627,10947,open
1185718,10948,open
1185809,10949,open
1185918,10950,open
1186009,10951,open
1186096,10952,open
1186183,10953,open
1186274,10954,open
1186361,10955,open
1186448,10956,open
1186546,10957,open
1186638,10958,open
1186724,10959,open
1186810,10960,open
1186897,10961,open
1186983,10962,open
1187068,10963,open
1187153,10964,open
1187238,10965,open
1697295,16384,open
1697388,16385,open
1697479,16386,open
1697570,16387,open
1697667,16388,open
1697759,16389,open
1697850,16390,open
1697941,16391,open
1698032,16392,open
1698125,16393,open
1698217,16394,open
1698308,16395,open
1698418,16396,open
1698509,16397,open
1698601,16398,open
1698692,16399,open
1698783,16400,open
1698875,16401,open
1698967,16402,open
1699067,16403,open
1699159,16404,open
1699251,16405,open
1699342,16406,open
1699433,16407,open
1699533,16408,open
1699624,16409,open
1699741,16410,open
1699834,16411,open
1699922,16412,open
1700014,16413,open
1700102,16414,open
1700193,16415,open
1700281,16416,open
1700372,16417,open
1700468,16418,open
1700556,16419,closed
1700644,16420,open
1700732,16421,open
1700827,16422,open
1700914,16423,open
1701015,16424,open
1701102,16425,open
1701187,16426,open
1701270,16427,open
1701355,16428,open
1701442,16429,open
1701528,16430,open
1701622,16431,open
1701709,16432,open
1701795,16433,open
1701881,16434,open
1701967,16435,open
1702054,16436,open
1702140,16437,open
1702235,16438,open
1702327,16439,open
1702425,16440,open
1702516,16441,open
1702608,16442,closed
1702719,16443,closed
1702810,16444,open
1702908,16445,squint
1702998,16446,open
1703108,16447,open
1703199,16448,squint
1703302,16449,open
1703392,16450,open
1703485,16451,open
1703577,16452,open
1703684,16453,open
1703776,16454,open
1703870,16455,open
1703961,16456,open
1704052,16457,open
1704144,16458,open
1704250,16459,squint
1704345,16460,closed
1704450,16461,squint
1704539,16462,open
1704630,16463,open
1704724,16464,open
1704816,16465,open
1704914,16466,open
1705014,16467,open
1705105,16468,open
1705196,16469,open
1705303,16470,open
1705400,16471,open
1705488,16472,squint
1705580,16473,open
1705670,16474,squint
1705756,16475,squint
1705842,16476,squint
1705928,16477,squint
1706014,16478,squint
1706100,16479,squint
1706195,16480,squint
1706283,16481,squint
1706370,16482,squint
1706456,16483,squint
1706542,16484,squint
1706628,16485,squint
1706714,16486,closed
1706800,16487,closed
1706885,16488,squint
1706971,16489,squint
1707066,16490,squint
1707152,16491,squint
1707241,16492,squint
1707343,16493,squint
1707441,16494,squint
1707528,16495,squint
1707614,16496,squint
1707700,16497,squint
1707805,16498,squint
1707887,16499,squint
1707985,16500,squint
1708075,16501,squint
1708169,16502,squint
1708270,16503,squint
1708372,16504,squint
1708461,16505,squint
1708554,16506,squint
1708649,16507,squint
1708740,16508,squint
1708831,16509,squint
1708937,16510,squint
1709028,16511,squint
1709119,16512,squint
1709210,16513,squint
1709301,16514,squint
1709392,16515,squint
1709483,16516,squint
1709575,16517,squint
1709671,16518,squint
1709771,16519,squint
1709862,16520,squint
1709955,16521,squint
1710046,16522,squint
1710138,16523,squint
1710243,16524,squint
1710338,16525,squint
1710429,16526,squint
1710520,16527,squint
1710619,16528,squint
1710710,16529,squint
1710820,16530,squint
1710911,16531,squint
1711006,16532,squint
1711097,16533,squint
1711189,16534,squint
1711283,16535,squint
1711374,16536,squint
1711465,16537,squint
1711575,16538,squint
1711663,16539,squint
1711766,16540,squint
1711857,16541,squint
1711947,16542,squint
1712038,16543,squint
1712128,16544,squint
1712219,16545,squint
1712316,16546,squint
1712407,16547,squint
1712511,16548,squint
1712602,16549,squint
1712692,16550,squint
1712795,16551,squint
1712894,16552,open
1712985,16553,open
1713076,16554,open
1713167,16555,closed
1713258,16556,open
1713349,16557,open
1713449,16558,open
1713541,16559,open
1713660,16560,open
1713755,16561,open
1713847,16562,open
1713939,16563,open
1714031,16564,open
1714123,16565,open
1714221,16566,open
1714320,16567,open
1714414,16568,open
1714506,16569,open
1714599,16570,open
1714692,16571,open
1714783,16572,open
1714879,16573,open
1714970,16574,open
1715060,16575,open
1715151,16576,open
1715242,16577,open
1715334,16578,open
1715434,16579,open
1715532,16580,open
1715623,16581,open
1715714,16582,open
1715805,16583,open
1715904,16584,open
1715996,16585,open
1716090,16586,open
1716190,16587,closed
1716281,16588,open
1716372,16589,open
1716487,16590,open
1716578,16591,open
1716670,16592,open
1716771,16593,open
1716863,16594,open
1716955,16595,open
1717047,16596,open
1717148,16597,open
1717240,16598,open
1717332,16599,open
1717426,16600,open
1717525,16601,open
1717617,16602,open
1717709,16603,open
1717810,16604,open
1717902,16605,open
1717993,16606,open
1718085,16607,open
1718186,16608,open
1718276,16609,open
1718368,16610,open
1718472,16611,open
1718563,16612,open
1718654,16613,open
1718751,16614,open
1718843,16615,open
1718934,16616,open
1719026,16617,open
1719119,16618,open
1719219,16619,open
1719329,16620,open
1719421,16621,open
1719513,16622,open
1719605,16623,open
1719697,16624,open
1719789,16625,open
1719881,16626,open
1719972,16627,open
1720079,16628,open
1720172,16629,open
1720265,16630,open
1720361,16631,open
1720454,16632,open
1720546,16633,open
1720647,16634,open
1720743,16635,open
1720842,16636,open
1720934,16637,open
1721026,16638,open
1721118,16639,open
1721218,16640,open
1721316,16641,open
1721408,16642,open
1721500,16643,open
1721593,16644,open
1721685,16645,open
1721784,16646,open
1721875,16647,open
1721972,16648,open
1722063,16649,open
1722173,16650,open
1722264,16651,open
1722372,16652,open
1722463,16653,open
1722560,16654,open
1722651,16655,open
1722746,16656,open
1722846,16657,open
1722938,16658,open
1723030,16659,open
1723122,16660,open
1723230,16661,open
1723322,16662,open
1723414,16663,open
1723506,16664,open
1723598,16665,open
1723698,16666,open
1723789,16667,open
1723887,16668,open
1723979,16669,open
1724070,16670,open
1724162,16671,open
1724263,16672,open
1724355,16673,open
1724452,16674,open
1724544,16675,open
1724639,16676,open
1724730,16677,open
1724823,16678,open
1724923,16679,open
1725034,16680,open
1725125,16681,open
1725216,16682,open
1725311,16683,open
1725403,16684,open
1725495,16685,closed
1725601,16686,closed
1725695,16687,closed
1725794,16688,closed
1725885,16689,closed
1725976,16690,squint
1726066,16691,squint
1726157,16692,squint
1726285,16693,squint
1726375,16694,squint
1726465,16695,squint
1726557,16696,squint
1726650,16697,squint
1726741,16698,squint
1726832,16699,squint
1726935,16700,squint
1727027,16701,squint
1727118,16702,squint
1727208,16703,squint
617361,4877,open
617458,4878,open
617549,4879,open
617640,4880,open
617731,4881,open
617822,4882,open
617913,4883,open
618004,4884,open
618095,4885,open
618202,4886,open
618293,4887,open
618384,4888,open
618475,4889,open
618580,4890,open
618678,4891,open
618772,4892,open
618863,4893,open
618953,4894,open
619043,4895,open
619133,4896,open
619224,4897,open
619315,4898,open
619408,4899,open
619504,4900,open
619596,4901,open
619686,4902,open
619777,4903,open
619869,4904,open
619960,4905,open
620051,4906,open
620156,4907,open
620259,4908,open
620347,4909,open
620438,4910,open
620535,4911,open
620626,4912,open
620717,4913,open
620814,4914,open
620905,4915,open
620997,4916,open
621088,4917,open
621181,4918,open
621275,4919,open
621387,4920,open
621477,4921,open
621572,4922,open
621663,4923,open
621756,4924,closed
621861,4925,closed
621950,4926,open
622040,4927,open
622138,4928,open
622240,4929,open
622334,4930,open
622424,4931,open
622515,4932,open
622605,4933,open
622696,4934,open
622786,4935,open
622883,4936,open
622973,4937,open
623063,4938,open
623153,4939,open
623244,4940,open
623335,4941,open
623431,4942,open
623528,4943,open
623619,4944,open
623710,4945,open
623801,4946,open
623891,4947,open
623981,4948,open
624079,4949,open
624212,4950,open
624302,4951,open
624392,4952,open
624486,4953,open
624578,4954,open
624668,4955,open
624758,4956,open
624854,4957,open
624945,4958,open
625035,4959,open
625125,4960,open
625216,4961,open
625307,4962,open
625397,4963,open
625490,4964,closed
625601,4965,open
625690,4966,open
625789,4967,open
625879,4968,open
625973,4969,open
626063,4970,open
626156,4971,open
626254,4972,open
626353,4973,open
626444,4974,open
626535,4975,open
626626,4976,open
626716,4977,open
626807,4978,open
626906,4979,open
627009,4980,open
627099,4981,open
627189,4982,open
627280,4983,open
627369,4984,open
627462,4985,open
627559,4986,open
627649,4987,open
627741,4988,open
627831,4989,open
627921,4990,open
628011,4991,open
628104,4992,open
628197,4993,open
628287,4994,open
628381,4995,open
628471,4996,open
628561,4997,open
628651,4998,open
628760,4999,open
628871,5000,open
628961,5001,open
629052,5002,open
629142,5003,open
629232,5004,open
629323,5005,open
629413,5006,open
629507,5007,squint
629597,5008,closed
629698,5009,closed
629799,5010,closed
629875,5011,closed
629964,5012,squint
630049,5013,squint
630144,5014,squint
630234,5015,squint
630324,5016,squint
630411,5017,squint
630499,5018,squint
630589,5019,squint
630676,5020,squint
630763,5021,squint
630850,5022,squint
630940,5023,squint
631027,5024,squint
631112,5025,squint
631197,5026,squint
631283,5027,squint
631369,5028,squint
631456,5029,squint
631541,5030,squint
631629,5031,squint
631715,5032,squint
631800,5033,squint
631885,5034,squint
631972,5035,squint
632057,5036,squint
632142,5037,squint
632227,5038,squint
632313,5039,squint
632430,5040,squint
632516,5041,squint
632610,5042,squint
632700,5043,squint
632790,5044,squint
632880,5045,squint
632970,5046,squint
633064,5047,squint
633155,5048,squint
633245,5049,squint
633336,5050,squint
633426,5051,closed
633525,5052,squint
633612,5053,open
633706,5054,open
633803,5055,open
633893,5056,open
633984,5057,open
634077,5058,open
634167,5059,open
634257,5060,open
634355,5061,open
634453,5062,open
634544,5063,open
634635,5064,open
634725,5065,open
634815,5066,open
634905,5067,open
634995,5068,open
635086,5069,open
635194,5070,open
635285,5071,open
635377,5072,open
635469,5073,open
635561,5074,open
635656,5075,open
635747,5076,open
635837,5077,open
635928,5078,open
636019,5079,open
636110,5080,open
636201,5081,open
636292,5082,open
636383,5083,open
636479,5084,open
636570,5085,open
636661,5086,open
636752,5087,open
636842,5088,open
636934,5089,open
637024,5090,open
637114,5091,open
637210,5092,open
637301,5093,open
637393,5094,open
637484,5095,open
637575,5096,open
637666,5097,open
637757,5098,open
637851,5099,open
637962,5100,open
638052,5101,open
638143,5102,open
638234,5103,open
638326,5104,open
638417,5105,open
638512,5106,open
638603,5107,open
638694,5108,open
638785,5109,open
638878,5110,open
638969,5111,open
639060,5112,open
639151,5113,open
639247,5114,closed
639352,5115,open
639440,5116,open
639531,5117,open
639622,5118,open
639716,5119,open
639806,5120,open
639902,5121,open
639993,5122,open
640083,5123,open
640173,5124,open
640264,5125,open
640355,5126,open
640445,5127,open
640550,5128,open
640641,5129,open
640745,5130,open
640835,5131,open
640925,5132,open
641017,5133,open
641110,5134,open
641206,5135,open
641296,5136,open
641387,5137,open
641480,5138,open
641570,5139,open
641660,5140,open
641751,5141,open
641841,5142,open
641938,5143,open
642029,5144,open
642120,5145,open
642211,5146,open
642302,5147,open
642401,5148,open
642493,5149,open
642590,5150,open
642680,5151,open
642770,5152,open
642860,5153,open
642950,5154,open
643042,5155,open
643132,5156,open
643222,5157,open
643319,5158,open
643410,5159,closed
643513,5160,closed
643604,5161,open
643694,5162,open
643785,5163,open
643882,5164,open
643973,5165,open
644063,5166,open
644153,5167,open
644244,5168,open
644335,5169,open
644426,5170,open
644517,5171,open
644608,5172,closed
644704,5173,closed
644810,5174,open
644902,5175,open
644993,5176,open
645087,5177,open
645177,5178,open
645268,5179,open
645358,5180,open
645456,5181,open
645547,5182,open
645637,5183,open
645727,5184,open
645820,5185,open
645910,5186,open
646000,5187,open
646098,5188,open
646188,5189,open
646292,5190,open
646382,5191,open
646473,5192,open
646565,5193,open
646653,5194,open
646740,5195,open
646830,5196,open
646918,5197,open
647003,5198,open
647090,5199,open
647175,5200,open
647260,5201,open
1277357,11899,open
1277448,11900,open
1277544,11901,open
1277636,11902,open
1277739,11903,open
1277838,11904,open
1277930,11905,open
1278022,11906,open
1278120,11907,open
1278216,11908,open
1278307,11909,open
1278415,11910,open
1278507,11911,open
1278599,11912,open
1278698,11913,open
1278791,11914,open
1278883,11915,open
1278975,11916,open
1279074,11917,open
1279165,11918,open
1279256,11919,open
1279363,11920,open
1279455,11921,open
1279547,11922,open
1279638,11923,open
1279729,11924,open
1279821,11925,open
1279912,11926,open
1280003,11927,open
1280102,11928,open
1280193,11929,open
1280293,11930,open
1280384,11931,open
1280475,11932,open
1280569,11933,open
1280662,11934,open
1280759,11935,open
1280850,11936,open
1280941,11937,open
1281033,11938,open
1281125,11939,open
1281240,11940,open
1281338,11941,open
1281425,11942,open
1281512,11943,open
1281599,11944,open
1281695,11945,open
1281782,11946,open
1281869,11947,open
1281956,11948,open
1282043,11949,open
1282138,11950,open
1282223,11951,open
1282308,11952,open
1282393,11953,open
1282479,11954,open
1282564,11955,closed
1282648,11956,open
1282748,11957,open
1282833,11958,open
1282919,11959,open
1283005,11960,open
1283085,11961,open
1283170,11962,open
1283255,11963,open
1283341,11964,open
1283426,11965,open
1283511,11966,open
1283596,11967,open
1283682,11968,open
1283767,11969,open
1283869,11970,open
1283964,11971,open
1284054,11972,open
1284145,11973,open
1284236,11974,open
1284327,11975,open
1284418,11976,open
1284509,11977,open
1284600,11978,open
1284691,11979,open
1284788,11980,open
1284889,11981,open
1284980,11982,open
1285073,11983,open
1285164,11984,open
1285255,11985,open
1285347,11986,open
1285445,11987,open
1285536,11988,open
1285633,11989,open
1285732,11990,open
1285823,11991,open
1285914,11992,open
1286005,11993,open
1286100,11994,open
1286192,11995,open
1286283,11996,open
1286373,11997,open
1286463,11998,open
1286554,11999,open
1286666,12000,open
1286757,12001,open
1286848,12002,open
1286939,12003,open
1287033,12004,open
1287124,12005,open
1287215,12006,open
1287306,12007,open
1287403,12008,open
1287494,12009,open
1287585,12010,open
1287677,12011,open
1287777,12012,open
1287868,12013,open
1287959,12014,open
1288051,12015,open
1288152,12016,open
1288243,12017,open
1288334,12018,open
1288425,12019,open
1288524,12020,open
1288615,12021,open
1288706,12022,open
1288833,12023,open
1288923,12024,open
1289014,12025,open
1289105,12026,open
1289196,12027,open
1289288,12028,open
1289378,12029,open
1289494,12030,open
1289584,12031,open
1289674,12032,open
1289767,12033,open
1289860,12034,open
1289950,12035,open
1290045,12036,open
1290137,12037,open
1290228,12038,open
1290318,12039,closed
1290408,12040,closed
1290510,12041,open
1290599,12042,open
1290690,12043,open
1290785,12044,open
1290880,12045,open
1290971,12046,open
1291062,12047,open
1291161,12048,open
1291252,12049,open
1291343,12050,open
1291442,12051,open
1291533,12052,open
1291624,12053,open
1291714,12054,open
1291805,12055,open
1291896,12056,open
1291987,12057,open
1292080,12058,open
1292177,12059,open
1292287,12060,open
1292378,12061,open
1292469,12062,open
1292564,12063,open
1292656,12064,open
1292753,12065,open
1292844,12066,open
1292935,12067,open
1293026,12068,open
1293120,12069,open
1293224,12070,open
1293315,12071,open
1293413,12072,open
1293504,12073,open
1293595,12074,open
1293686,12075,open
1293777,12076,open
1293867,12077,open
1293958,12078,open
1294048,12079,open
1294144,12080,open
1294235,12081,open
1294334,12082,open
1294425,12083,open
1294516,12084,open
1294607,12085,open
1294698,12086,open
1294795,12087,open
1294886,12088,open
1294985,12089,open
1295089,12090,open
1295180,12091,open
1295291,12092,open
1295379,12093,closed
1295471,12094,open
1295562,12095,open
1295654,12096,open
1295744,12097,open
1295834,12098,open
1295924,12099,open
1296015,12100,open
1296120,12101,open
1296210,12102,open
1296300,12103,open
1296390,12104,open
1296492,12105,open
1296581,12106,open
1296675,12107,open
1296773,12108,open
1296863,12109,open
1296953,12110,open
1297045,12111,open
1297139,12112,open
1297238,12113,open
1297334,12114,open
1297426,12115,open
1297517,12116,open
1297608,12117,open
1297699,12118,open
1297790,12119,open
1297916,12120,open
1298008,12121,open
1298095,12122,open
1298182,12123,open
1298269,12124,open
1298356,12125,open
1298454,12126,open
1298541,12127,open
1298628,12128,open
1298715,12129,open
1298809,12130,open
1298894,12131,open
1298979,12132,open
1299064,12133,open
1299151,12134,open
1299237,12135,open
1299323,12136,open
1299408,12137,open
1299493,12138,open
1299578,12139,open
1299663,12140,open
1299748,12141,open
1299833,12142,open
1299920,12143,open
1300018,12144,open
1300111,12145,open
1300196,12146,open
1300281,12147,open
1300369,12148,open
1300454,12149,open
1300551,12150,open
1300642,12151,open
1300733,12152,open
1300824,12153,open
1300917,12154,open
1301016,12155,open
1301107,12156,open
1301198,12157,open
1301289,12158,open
1301380,12159,open
1301471,12160,open
1301572,12161,open
1301667,12162,open
1301758,12163,open
1301849,12164,open
1301940,12165,open
1302031,12166,open
1302122,12167,open
1302213,12168,open
1302304,12169,open
1302395,12170,open
1302498,12171,open
1302589,12172,open
1302680,12173,open
1302773,12174,open
1302865,12175,open
1302956,12176,open
1303053,12177,open
1303145,12178,open
1303237,12179,open
1303351,12180,open
1303442,12181,closed
1303541,12182,closed
1303635,12183,closed
1303731,12184,closed
1303821,12185,squint
1303914,12186,squint
1304005,12187,squint
1304096,12188,squint
1304187,12189,squint
1304277,12190,squint
1304375,12191,squint
1304465,12192,squint
1304556,12193,squint
1304648,12194,squint
1304738,12195,squint
1304828,12196,squint
1304918,12197,squint
1305021,12198,squint
1305116,12199,squint
1305212,12200,squint
1305302,12201,squint
1305392,12202,squint
1305496,12203,squint
1305581,12204,squint
1305680,12205,squint
1305770,12206,squint
1305861,12207,squint
1305951,12208,squint
1306041,12209,squint
1306149,12210,squint
1306246,12211,squint
1306336,12212,squint
1306426,12213,squint
1306520,12214,squint
1306611,12215,squint
1306702,12216,squint
1306793,12217,squint
1306884,12218,squint
1306974,12219,squint
1307070,12220,squint
1307161,12221,squint
1307252,12222,squint
167323,298,open
167423,299,open
167534,300,open
167634,301,open
167740,302,open
167840,303,open
167948,304,open
168048,305,open
168149,306,open
168258,307,open
168357,308,open
168461,309,open
168561,310,open
168667,311,open
168767,312,open
168870,313,open
168978,314,open
169081,315,open
169181,316,open
169281,317,open
169387,318,open
169487,319,open
169594,320,open
169702,321,open
169802,322,open
169901,323,open
170007,324,open
170107,325,open
170207,326,open
170307,327,open
170407,328,open
170516,329,open
170636,330,open
170736,331,open
170836,332,open
170936,333,open
171042,334,open
171142,335,open
171242,336,open
171336,337,open
171446,338,open
171546,339,open
171646,340,open
171750,341,open
171850,342,open
171950,343,open
172050,344,closed
172168,345,open
172266,346,open
172374,347,open
172478,348,open
172578,349,open
172678,350,open
172785,351,open
172887,352,open
172987,353,open
173088,354,open
173195,355,open
173294,356,open
173389,357,open
173490,358,open
173594,359,open
173708,360,open
173807,361,open
173908,362,open
174014,363,open
174115,364,open
174215,365,open
174314,366,open
174422,367,open
174524,368,open
174627,369,open
174733,370,open
174833,371,open
174933,372,open
175033,373,open
175141,374,open
175241,375,open
175340,376,open
175446,377,open
175546,378,open
175646,379,open
175750,380,open
175851,381,open
175962,382,open
176063,383,open
176173,384,open
176273,385,open
176372,386,open
176476,387,open
176577,388,open
176680,389,open
176806,390,open
176906,391,open
177006,392,open
177106,393,open
177210,394,open
177312,395,open
177412,396,open
177518,397,open
177632,398,open
177732,399,open
177832,400,open
177932,401,open
178033,402,open
178133,403,open
178239,404,open
178347,405,open
178441,406,open
178542,407,open
178648,408,open
178749,409,open
178855,410,open
178961,411,open
179070,412,open
179170,413,open
179272,414,open
179372,415,open
179473,416,open
179580,417,open
179680,418,open
179784,419,open
179903,420,open
180003,421,open
180107,422,open
180215,423,open
180315,424,open
180406,425,open
180506,426,open
180606,427,open
180714,428,open
180818,429,open
180924,430,open
181024,431,open
181125,432,open
181225,433,open
181324,434,open
181424,435,open
181526,436,open
181646,437,open
181746,438,open
181846,439,open
181946,440,open
182046,441,open
182146,442,open
182246,443,open
182354,444,open
182454,445,open
182563,446,open
182667,447,open
182769,448,open
182869,449,open
182991,450,open
183092,451,open
183193,452,open
183293,453,open
183393,454,open
183494,455,open
183596,456,open
183702,457,open
183811,458,open
183912,459,open
184013,460,open
184113,461,open
184215,462,open
184315,463,open
184428,464,open
184530,465,open
184630,466,closed
184730,467,open
184830,468,open
184930,469,open
185030,470,open
185141,471,open
185241,472,open
185371,473,open
185470,474,open
185570,475,open
185671,476,open
185775,477,open
185877,478,open
185985,479,open
186098,480,open
186197,481,open
186302,482,open
186397,483,closed
186494,484,open
186590,485,open
186689,486,open
186786,487,open
186890,488,open
186995,489,open
187091,490,open
187188,491,open
187296,492,open
187389,493,open
187485,494,open
187592,495,open
187689,496,open
187784,497,open
187879,498,open
187974,499,open
188072,500,open
188170,501,open
188264,502,open
188368,503,open
188463,504,open
188558,505,open
188653,506,open
188749,507,open
188854,508,open
188949,509,open
189070,510,open
189177,511,open
189272,512,open
189367,513,open
189464,514,open
189559,515,open
189655,516,open
189759,517,open
189856,518,open
189951,519,open
190046,520,open
190141,521,open
190237,522,open
190331,523,open
190425,524,open
190534,525,open
190629,526,open
190724,527,open
190823,528,open
190917,529,open
191012,530,open
191107,531,open
191202,532,open
191297,533,open
191398,534,open
191494,535,open
191588,536,open
191684,537,open
191781,538,open
191877,539,open
191985,540,open
192085,541,open
192192,542,open
192292,543,open
192391,544,open
192491,545,open
192591,546,open
192691,547,open
192791,548,open
192890,549,open
192995,550,open
193094,551,open
193194,552,open
193301,553,open
193400,554,open
193500,555,open
193604,556,open
193703,557,open
193802,558,open
193902,559,open
194002,560,open
194102,561,open
194203,562,open
194315,563,open
194406,564,open
194506,565,open
194606,566,open
194707,567,open
194810,568,open
194910,569,open
195043,570,open
195143,571,open
195247,572,open
195347,573,open
195447,574,open
195547,575,open
195657,576,open
195757,577,open
195857,578,open
195965,579,open
196065,580,open
196165,581,open
196265,582,open
196356,583,open
196459,584,open
196559,585,open
196660,586,open
196767,587,open
196875,588,open
196982,589,open
197091,590,open
197191,591,open
197291,592,open
197392,593,open
197494,594,open
197594,595,open
197694,596,open
197800,597,open
197911,598,open
198014,599,open
198132,600,open
198232,601,open
198337,602,open
198437,603,open
198540,604,open
198640,605,open
198740,606,open
198840,607,open
198941,608,open
199050,609,open
199157,610,open
199258,611,open
199358,612,open
199459,613,open
199560,614,open
199661,615,open
199771,616,open
199874,617,open
199977,618,open
200077,619,open
200178,620,open
200278,621,open
200378,622,open
200495,623,open
200596,624,open
200697,625,open
200797,626,open
200897,627,open
200997,628,open
201097,629,open
201223,630,open
201320,631,closed
201412,632,open
201512,633,open
201613,634,open
201715,635,open
201823,636,closed
201924,637,closed
202024,638,open
202133,639,open
202233,640,open
202333,641,open
202434,642,open
202541,643,open
202642,644,open
202742,645,open
202843,646,open
202943,647,closed
203063,648,open
203161,649,open
203268,650,open
203359,651,open
203456,652,open
203557,653,open
203659,654,open
203767,655,open
203872,656,open
203972,657,open
204075,658,open
204175,659,open
204292,660,open
204391,661,open
204497,662,open
204598,663,open
204702,664,open
204802,665,open
204902,666,open
205002,667,open
205111,668,open
205218,669,open
205318,670,open
205419,671,open
205520,672,open
205621,673,open
205723,674,open
205835,675,open
205941,676,open
206041,677,open
206141,678,open
206241,679,open
206341,680,open
206441,681,open
206541,682,closed
206657,683,open
206757,684,open
206857,685,open
206958,686,open
207058,687,open
207159,688,open
207260,689,open
207384,690,open
207485,691,open
207582,692,open
207680,693,open
207787,694,open
207883,695,open
207979,696,open
208076,697,open
208194,698,open
208291,699,open
208391,700,open
208486,701,open
208584,702,open
208679,703,open
208774,704,open
208883,705,open
208978,706,open
209076,707,open
209171,708,open
209266,709,open
209362,710,open
209502,711,open
209598,712,open
209693,713,open
209790,714,open
209887,715,open
209983,716,open
210093,717,open
210188,718,open
210283,719,open
210400,720,open
210500,721,open
210595,722,open
210690,723,open
210789,724,open
210884,725,open
210979,726,open
211081,727,open
211176,728,open
211271,729,open
211366,730,open
211462,731,open
211557,732,open
211659,733,open
211754,734,open
211849,735,open
211944,736,open
212039,737,open
212135,738,open
212230,739,open
212333,740,open
212429,741,open
212524,742,open
212620,743,open
212716,744,open
212812,745,open
212921,746,open
213016,747,open
213112,748,open
213209,749,open
213318,750,open
213420,751,open
213521,752,open
213622,753,open
213724,754,open
213830,755,open
213939,756,open
214039,757,open
214140,758,open
214241,759,open
214336,760,open
214430,761,open
214554,762,open
214655,763,open
214755,764,open
214856,765,open
214957,766,open
215066,767,open
215175,768,open
215275,769,open
215377,770,open
215479,771,open
215583,772,open
215693,773,open
215798,774,open
215900,775,open
216000,776,open
216101,777,open
216209,778,open
216308,779,open
216419,780,open
216523,781,open
216623,782,open
216726,783,open
216821,784,open
216916,785,open
217012,786,open
217116,787,open
217213,788,open
217309,789,open
217405,790,open
217498,791,open
217593,792,open
217701,793,open
217798,794,open
217897,795,open
217993,796,open
218088,797,open
218183,798,open
218287,799,open
218385,800,open
218481,801,open
218576,802,closed
218673,803,open
218771,804,open
218868,805,open
218972,806,open
219067,807,open
219162,808,open
219257,809,open
219373,810,open
219473,811,open
219573,812,open
219677,813,open
219777,814,open
219877,815,open
219977,816,open
220092,817,open
220190,818,open
220282,819,open
220382,820,open
220482,821,open
220582,822,open
220682,823,open
220800,824,open
220900,825,open
221000,826,open
221100,827,open
221200,828,open
221300,829,open
221400,830,open
221517,831,open
221617,832,open
221717,833,open
221818,834,open
221919,835,open
222022,836,open
222137,837,open
222237,838,open
222337,839,open
222451,840,open
222552,841,open
222654,842,open
222761,843,open
222862,844,open
222963,845,open
223064,846,open
223174,847,open
223276,848,open
223373,849,open
223470,850,open
223576,851,open
223677,852,open
223777,853,open
223887,854,open
223988,855,open
224089,856,open
224189,857,open
224295,858,open
224395,859,open
224496,860,open
224605,861,open
224706,862,open
224806,863,open
224913,864,open
225013,865,open
225113,866,open
225213,867,open
225322,868,open
225421,869,closed
225542,870,open
225642,871,open
225743,872,open
225843,873,open
225943,874,open
226043,875,open
226143,876,open
226249,877,open
226350,878,open
226462,879,open
226563,880,open
226664,881,open
226765,882,open
226866,883,open
226974,884,open
227074,885,open
227184,886,open
227284,887,open
227383,888,open
227484,889,open
227590,890,open
227690,891,open
227791,892,open
227902,893,open
228003,894,open
228103,895,open
228203,896,open
228310,897,open
228401,898,open
228501,899,open
228627,900,open
228727,901,open
228833,902,open
228933,903,open
229037,904,open
229138,905,open
229238,906,open
229347,907,open
229448,908,open
229548,909,open
229649,910,open
229752,911,open
229854,912,open
229963,913,open
230063,914,open
230163,915,open
230263,916,open
230369,917,open
230469,918,open
230576,919,open
230684,920,open
230787,921,open
230887,922,open
230993,923,open
231093,924,open
231193,925,open
231293,926,open
231393,927,open
231502,928,open
231611,929,open
231721,930,open
231821,931,open
231925,932,open
232025,933,open
232125,934,open
232225,935,closed
232329,936,open
232429,937,open
232529,938,open
232641,939,open
232742,940,open
232845,941,open
232981,942,open
233085,943,closed
233184,944,open
233289,945,open
233389,946,open
233497,947,open
233597,948,open
233697,949,open
233803,950,closed
233902,951,open
234001,952,open
234101,953,open
234201,954,open
234301,955,open
234406,956,open
234501,957,open
234602,958,open
234702,959,open
234823,960,open
234923,961,open
235029,962,open
235129,963,open
235232,964,open
235332,965,open
235432,966,open
235532,967,open
235644,968,open
235746,969,open
235861,970,open
235961,971,open
236062,972,open
236162,973,closed
236261,974,open
236361,975,open
236462,976,open
236562,977,open
236674,978,open
236774,979,open
236874,980,open
236974,981,open
237074,982,open
237174,983,open
237280,984,open
237389,985,open
237489,986,open
237588,987,open
237689,988,open
237793,989,open
237917,990,open
238017,991,open
238118,992,open
238218,993,open
238318,994,open
238418,995,open
238510,996,open
238621,997,open
238722,998,open
238823,999,open
238923,1000,open
239023,1001,closed
239123,1002,open
239227,1003,open
239327,1004,open
239440,1005,open
239550,1006,open
239650,1007,open
239751,1008,open
239857,1009,open
239958,1010,open
240067,1011,open
240167,1012,open
240267,1013,open
240367,1014,open
240469,1015,open
240569,1016,open
240675,1017,open
240786,1018,open
240886,1019,open
241009,1020,open
241109,1021,open
241215,1022,open
241315,1023,open
241419,1024,open
241519,1025,open
241619,1026,open
241719,1027,open
241832,1028,open
241939,1029,open
242039,1030,open
242148,1031,open
242248,1032,open
242348,1033,open
242448,1034,open
242550,1035,open
242663,1036,open
242773,1037,open
242876,1038,open
242977,1039,open
243078,1040,open
243179,1041,open
243280,1042,open
243387,1043,open
243497,1044,open
243598,1045,open
243697,1046,open
243798,1047,open
243898,1048,open
244020,1049,open
244130,1050,open
244214,1051,closed
244313,1052,closed
244412,1053,closed
244524,1054,open
244624,1055,open
244731,1056,open
244835,1057,open
244936,1058,open
245037,1059,open
245138,1060,open
245247,1061,open
245348,1062,open
245452,1063,open
245552,1064,open
245652,1065,open
245753,1066,open
245855,1067,open
245958,1068,open
246058,1069,open
246164,1070,open
246264,1071,open
246373,1072,open
246473,1073,open
246574,1074,open
246676,1075,open
246780,1076,open
246880,1077,open
246980,1078,open
247084,1079,open
247208,1080,open
247308,1081,open
247407,1082,open
247503,1083,open
247612,1084,open
247707,1085,open
247807,1086,open
247903,1087,open
248009,1088,open
248108,1089,open
248216,1090,open
248312,1091,open
248420,1092,open
248515,1093,open
248610,1094,open
248696,1095,open
248793,1096,open
248890,1097,open
248984,1098,open
249088,1099,open
249183,1100,open
249280,1101,open
249375,1102,open
249470,1103,open
249566,1104,open
249661,1105,open
249754,1106,open
249840,1107,open
249944,1108,open
250041,1109,open
250147,1110,open
250248,1111,open
250350,1112,open
250450,1113,open
250550,1114,open
250647,1115,open
250738,1116,open
250837,1117,open
250937,1118,open
251040,1119,open
251148,1120,open
251248,1121,open
251348,1122,open
251453,1123,open
251553,1124,open
251659,1125,open
251760,1126,open
251859,1127,open
251959,1128,open
252059,1129,open
252168,1130,open
252274,1131,open
252374,1132,open
252474,1133,open
252574,1134,open
252674,1135,open
252774,1136,open
252881,1137,open
252987,1138,open
253087,1139,closed
253209,1140,open
253308,1141,open
253408,1142,open
253508,1143,open
253609,1144,open
253712,1145,open
253811,1146,open
253911,1147,open
254012,1148,open
254112,1149,open
254214,1150,open
254322,1151,open
254425,1152,open
254553,1153,open
254652,1154,open
254753,1155,open
254853,1156,open
254952,1157,open
255051,1158,open
255156,1159,open
255256,1160,open
255355,1161,open
255462,1162,open
255564,1163,open
255663,1164,open
255762,1165,open
255866,1166,open
255965,1167,open
256064,1168,open
256164,1169,open
256288,1170,open
256394,1171,open
256494,1172,open
256595,1173,open
256695,1174,open
256795,1175,open
256895,1176,open
256995,1177,open
257095,1178,open
257201,1179,open
257301,1180,open
257409,1181,open
257508,1182,open
257607,1183,open
257706,1184,open
257805,1185,open
257912,1186,open
258012,1187,open
258112,1188,open
258212,1189,closed
258312,1190,open
258412,1191,open
258522,1192,open
258628,1193,open
258729,1194,open
258830,1195,open
258930,1196,open
259030,1197,open
259129,1198,open
259229,1199,open
259353,1200,open
259453,1201,closed
259550,1202,open
259645,1203,open
259739,1204,open
259843,1205,open
259942,1206,open
260036,1207,open
260130,1208,open
260225,1209,open
260320,1210,open
260422,1211,open
260517,1212,open
260615,1213,open
260710,1214,open
260804,1215,open
260900,1216,open
260996,1217,open
261091,1218,open
261187,1219,open
261281,1220,open
261376,1221,open
261481,1222,open
261575,1223,open
261670,1224,open
261764,1225,open
261858,1226,open
261952,1227,open
262049,1228,open
262144,1229,open
262260,1230,open
262364,1231,open
262464,1232,open
262564,1233,open
262664,1234,open
262763,1235,open
262862,1236,open
262968,1237,open
263068,1238,open
263171,1239,open
263271,1240,open
263371,1241,open
263470,1242,open
263570,1243,open
263669,1244,open
263782,1245,closed
263887,1246,open
263986,1247,open
264085,1248,open
264184,1249,open
264283,1250,open
264382,1251,open
264487,1252,open
264587,1253,open
264687,1254,open
264786,1255,open
264884,1256,open
264983,1257,open
265100,1258,open
265200,1259,open
265316,1260,open
265416,1261,open
265517,1262,open
265617,1263,closed
265717,1264,open
265822,1265,open
265922,1266,open
266022,1267,open
266122,1268,open
266222,1269,open
266330,1270,open
266431,1271,open
266538,1272,open
266638,1273,open
266739,1274,closed
266838,1275,open
266940,1276,closed
267047,1277,open
267144,1278,open
267248,1279,open
267350,1280,open
267450,1281,open
267551,1282,open
267660,1283,open
267760,1284,open
267859,1285,open
267960,1286,open
268061,1287,open
268161,1288,open
268261,1289,open
268384,1290,open
268491,1291,open
268593,1292,open
268693,1293,open
268793,1294,open
268894,1295,open
268994,1296,open
269094,1297,open
269195,1298,open
269299,1299,open
269408,1300,open
269508,1301,open
269614,1302,open
269714,1303,open
269813,1304,open
269916,1305,open
270024,1306,open
270124,1307,open
270224,1308,open
270324,1309,open
270433,1310,open
270533,1311,open
270633,1312,open
270741,1313,open
270840,1314,open
270940,1315,open
271041,1316,open
271141,1317,open
271243,1318,open
271372,1319,open
271486,1320,open
271586,1321,open
271686,1322,open
271785,1323,open
271881,1324,open
271981,1325,open
272086,1326,open
272186,1327,open
272286,1328,open
272386,1329,open
272487,1330,open
272595,1331,open
272695,1332,open
272800,1333,open
272900,1334,open
272999,1335,open
273100,1336,open
273201,1337,open
273301,1338,open
273413,1339,open
273513,1340,open
273613,1341,open
273713,1342,open
273812,1343,open
273913,1344,open
274013,1345,open
274113,1346,open
274217,1347,open
274327,1348,open
274427,1349,open
274546,1350,open
274650,1351,open
274746,1352,open
274840,1353,open
274936,1354,open
275037,1355,open
275133,1356,open
275227,1357,open
275321,1358,open
275416,1359,open
275521,1360,open
275617,1361,open
275720,1362,open
275814,1363,open
275909,1364,open
276005,1365,open
276104,1366,open
276199,1367,open
276293,1368,open
276396,1369,open
276490,1370,open
276587,1371,open
276683,1372,open
276779,1373,open
276877,1374,open
276971,1375,open
277065,1376,open
277163,1377,open
277258,1378,open
277361,1379,open
277473,1380,open
277573,1381,open
277673,1382,open
277776,1383,open
277880,1384,open
277979,1385,open
278424,1386,open
278640,1387,open
278739,1388,open
278837,1389,open
278938,1390,open
279037,1391,open
279148,1392,open
279247,1393,open
279352,1394,open
279451,1395,open
279552,1396,open
279652,1397,open
279751,1398,open
279850,1399,open
279949,1400,open
280055,1401,open
280167,1402,open
280267,1403,open
280367,1404,open
280467,1405,open
280567,1406,open
280667,1407,open
280773,1408,open
280881,1409,open
281004,1410,open
281105,1411,open
281205,1412,open
281307,1413,open
281411,1414,open
281511,1415,open
281611,1416,open
281711,1417,open
281810,1418,open
281910,1419,open
282023,1420,open
282127,1421,open
282227,1422,open
282327,1423,open
282427,1424,open
282529,1425,open
282630,1426,open
282730,1427,open
282828,1428,open
282928,1429,open
283027,1430,open
283126,1431,open
283238,1432,open
283338,1433,open
283437,1434,open
283543,1435,open
283642,1436,open
283742,1437,open
283841,1438,open
283944,1439,open
284072,1440,open
284172,1441,open
284275,1442,open
284375,1443,open
284475,1444,open
284575,1445,open
284675,1446,open
284775,1447,open
284888,1448,open
285000,1449,open
285100,1450,open
285200,1451,open
285300,1452,open
285400,1453,open
285500,1454,open
285600,1455,open
285707,1456,open
285806,1457,open
285905,1458,open
286012,1459,open
286114,1460,open
286220,1461,open
286320,1462,open
286420,1463,open
286520,1464,open
286619,1465,open
286719,1466,open
286818,1467,open
286935,1468,open
287034,1469,open
287149,1470,open
287254,1471,open
287352,1472,open
287448,1473,open
287545,1474,open
287643,1475,open
287743,1476,open
287837,1477,open
287932,1478,open
288039,1479,open
288139,1480,open
288234,1481,open
288329,1482,open
288423,1483,open
288518,1484,open
288613,1485,open
288716,1486,open
288810,1487,open
288905,1488,open
289014,1489,closed
289109,1490,open
289204,1491,open
289298,1492,open
289397,1493,open
289491,1494,open
289586,1495,open
289680,1496,open
289776,1497,open
289881,1498,open
289975,1499,open
290100,1500,open
290200,1501,open
290301,1502,open
290401,1503,open
290505,1504,open
290605,1505,open
290712,1506,open
290811,1507,open
290914,1508,open
291023,1509,open
291123,1510,open
291223,1511,open
291331,1512,open
291431,1513,open
291531,1514,open
291631,1515,open
291734,1516,open
291833,1517,open
291952,1518,open
292052,1519,open
292152,1520,open
292251,1521,open
292351,1522,open
292453,1523,open
292553,1524,open
292653,1525,open
292757,1526,open
292856,1527,open
292966,1528,open
293069,1529,open
293189,1530,open
293289,1531,open
293385,1532,open
293482,1533,open
293576,1534,open
293671,1535,open
293766,1536,open
293861,1537,open
293955,1538,open
294050,1539,open
294157,1540,open
294252,1541,open
294347,1542,open
294441,1543,open
294536,1544,open
294631,1545,open
294727,1546,open
294821,1547,open
294918,1548,open
295016,1549,open
295122,1550,open
295217,1551,open
295311,1552,open
295405,1553,open
295499,1554,open
295594,1555,open
295688,1556,open
295782,1557,open
295873,1558,open
295971,1559,open
296082,1560,open
296181,1561,open
296287,1562,open
296386,1563,open
296485,1564,open
296584,1565,open
296684,1566,open
296783,1567,open
296881,1568,open
296983,1569,open
297090,1570,open
297189,1571,open
297297,1572,open
297397,1573,open
297497,1574,open
297597,1575,open
297700,1576,open
297805,1577,open
297905,1578,open
298005,1579,open
298105,1580,open
298217,1581,open
298317,1582,open
298425,1583,open
298525,1584,open
298625,1585,open
298725,1586,open
298824,1587,open
298928,1588,open
299037,1589,open
299155,1590,open
299260,1591,open
299363,1592,open
299465,1593,open
299565,1594,open
299665,1595,open
299765,1596,open
299871,1597,open
299971,1598,open
300085,1599,open
300187,1600,open
300287,1601,open
300387,1602,open
300487,1603,open
300593,1604,open
300693,1605,open
300794,1606,open
300905,1607,open
301005,1608,open
301109,1609,open
301215,1610,open
301315,1611,open
301415,1612,open
301515,1613,open
301615,1614,open
302263,1615,open
302363,1616,open
302465,1617,open
302565,1618,open
302664,1619,open
302782,1620,open
302882,1621,open
302981,1622,open
303084,1623,open
303183,1624,open
303282,1625,open
303382,1626,open
303481,1627,open
303580,1628,open
303679,1629,open
303793,1630,open
303893,1631,open
303993,1632,open
304093,1633,open
304197,1634,open
304297,1635,open
304399,1636,open
304505,1637,open
304613,1638,open
304713,1639,open
304812,1640,open
304916,1641,open
305016,1642,open
305122,1643,open
305222,1644,open
305321,1645,open
305420,1646,open
305520,1647,open
305628,1648,open
305728,1649,open
305848,1650,open
305953,1651,open
306056,1652,open
306158,1653,open
306258,1654,open
306358,1655,open
306461,1656,open
306561,1657,open
306661,1658,open
306769,1659,open
306868,1660,open
306968,1661,open
307068,1662,open
307173,1663,open
307276,1664,open
307376,1665,open
307477,1666,open
307577,1667,open
307685,1668,open
307784,1669,open
307885,1670,open
307985,1671,open
308085,1672,open
308185,1673,open
308285,1674,open
308384,1675,open
308484,1676,open
308586,1677,open
308698,1678,open
308797,1679,open
308913,1680,open
309012,1681,open
309114,1682,open
309218,1683,open
309319,1684,open
309419,1685,open
309519,1686,open
309621,1687,open
309721,1688,open
309820,1689,open
309934,1690,open
310035,1691,open
310134,1692,open
310234,1693,open
310334,1694,open
310434,1695,open
310535,1696,open
310634,1697,open
310748,1698,open
310849,1699,open
310949,1700,open
311049,1701,open
311149,1702,open
311249,1703,open
311355,1704,open
311454,1705,open
311554,1706,open
311655,1707,open
311764,1708,open
311863,1709,open
311981,1710,open
312080,1711,open
312180,1712,open
312284,1713,open
312384,1714,open
312484,1715,open
312584,1716,open
312684,1717,open
312789,1718,open
312887,1719,open
312987,1720,open
313091,1721,open
313200,1722,open
313300,1723,open
313400,1724,open
313508,1725,open
313610,1726,open
313710,1727,open
313810,1728,open
313912,1729,open
314012,1730,open
314129,1731,open
314229,1732,open
314329,1733,open
314429,1734,open
314529,1735,open
314629,1736,open
314729,1737,open
314828,1738,open
314931,1739,open
315056,1740,open
315156,1741,open
315261,1742,open
315361,1743,open
315467,1744,open
315568,1745,open
315668,1746,open
315769,1747,open
315869,1748,open
315970,1749,open
316082,1750,open
316188,1751,open
316290,1752,open
316391,1753,open
316491,1754,open
316592,1755,open
316693,1756,open
316792,1757,open
316907,1758,open
317007,1759,open
317110,1760,open
317210,1761,open
317310,1762,open
317410,1763,open
317511,1764,open
317611,1765,open
317714,1766,open
317821,1767,open
317921,1768,open
318021,1769,open
318134,1770,open
318243,1771,open
318339,1772,open
318655,1773,open
318782,1774,open
318882,1775,open
318986,1776,open
319084,1777,open
319181,1778,open
319280,1779,open
319393,1780,open
319487,1781,open
319582,1782,open
319677,1783,open
319774,1784,open
319873,1785,open
319973,1786,open
320068,1787,open
320162,1788,open
320265,1789,open
320363,1790,open
320457,1791,open
320552,1792,open
320647,1793,open
320741,1794,open
320835,1795,open
320930,1796,open
321028,1797,open
321125,1798,open
321228,1799,open
321339,1800,open
321438,1801,open
321542,1802,open
321642,1803,open
321743,1804,open
321842,1805,open
321942,1806,open
322042,1807,open
322143,1808,open
322251,1809,open
322354,1810,open
322454,1811,open
322554,1812,open
322654,1813,open
322754,1814,open
322853,1815,open
322954,1816,open
323061,1817,open
323163,1818,open
323272,1819,open
323372,1820,open
323474,1821,open
323574,1822,open
323676,1823,open
323782,1824,open
323880,1825,open
323980,1826,open
324085,1827,open
324184,1828,open
325350,1829,open
325666,1830,open
325765,1831,open
325865,1832,open
325965,1833,open
326065,1834,open
326164,1835,open
326265,1836,open
326371,1837,open
326471,1838,open
326570,1839,open
326678,1840,open
326778,1841,open
326881,1842,open
326983,1843,open
327091,1844,open
327191,1845,open
327291,1846,open
327391,1847,open
327491,1848,closed
327612,1849,open
327716,1850,open
327815,1851,open
327915,1852,open
328016,1853,open
328117,1854,open
328217,1855,open
328317,1856,open
328423,1857,open
328525,1858,open
328624,1859,open
328741,1860,open
328841,1861,open
328945,1862,open
329045,1863,open
329146,1864,open
329246,1865,open
329346,1866,open
329446,1867,open
329546,1868,open
329646,1869,open
329746,1870,open
329852,1871,open
329960,1872,open
330061,1873,open
330161,1874,open
330261,1875,open
330361,1876,open
330461,1877,open
330567,1878,open
330668,1879,open
330776,1880,open
330881,1881,open
330981,1882,open
331082,1883,open
331188,1884,open
331288,1885,open
331388,1886,open
331488,1887,open
331596,1888,open
331696,1889,open
331816,1890,open
331916,1891,open
332016,1892,open
332116,1893,open
332221,1894,open
332321,1895,open
332423,1896,open
332528,1897,open
332628,1898,open
332736,1899,open
332835,1900,open
332938,1901,open
333038,1902,open
333137,1903,open
333237,1904,open
333340,1905,open
333440,1906,open
333539,1907,open
333638,1908,open
333741,1909,open
333848,1910,open
333954,1911,open
334056,1912,open
334156,1913,open
334255,1914,open
334354,1915,closed
334453,1916,open
334553,1917,open
334658,1918,open
334758,1919,open
334878,1920,open
334978,1921,open
335078,1922,open
335179,1923,open
335280,1924,open
335386,1925,open
335486,1926,open
335586,1927,open
335686,1928,open
335786,1929,open
335884,1930,open
335997,1931,open
336106,1932,open
336207,1933,open
336307,1934,open
336407,1935,open
336508,1936,open
336609,1937,open
336709,1938,open
336809,1939,open
336918,1940,open
337022,1941,open
337122,1942,open
337222,1943,open
337322,1944,open
337422,1945,open
337528,1946,open
337628,1947,open
337728,1948,open
337827,1949,open
337943,1950,open
338044,1951,open
338155,1952,open
338251,1953,open
338349,1954,open
338445,1955,open
338551,1956,open
338649,1957,open
338744,1958,open
338838,1959,open
338933,1960,open
339027,1961,open
339130,1962,open
339225,1963,open
339320,1964,open
339415,1965,open
339510,1966,open
339605,1967,open
339700,1968,open
339802,1969,open
339897,1970,open
339993,1971,open
340087,1972,open
340190,1973,open
340285,1974,open
340379,1975,open
340473,1976,open
340570,1977,open
340665,1978,open
340759,1979,open
340867,1980,open
340967,1981,open
341068,1982,open
341176,1983,open
341278,1984,open
341378,1985,open
341480,1986,open
341580,1987,open
341680,1988,open
341779,1989,open
341889,1990,open
341989,1991,open
342097,1992,open
342202,1993,open
342301,1994,open
342401,1995,open
342501,1996,open
342607,1997,open
342707,1998,open
342806,1999,open
342906,2000,open
343014,2001,open
343114,2002,open
343222,2003,open
343322,2004,open
343422,2005,open
343522,2006,open
343622,2007,open
343722,2008,open
343821,2009,open
343943,2010,open
344046,2011,open
344142,2012,open
344234,2013,open
344330,2014,open
344425,2015,open
344519,2016,open
344613,2017,open
344707,2018,open
344797,2019,open
344882,2020,open
344983,2021,open
345080,2022,open
345174,2023,open
345268,2024,open
345366,2025,open
345461,2026,open
345556,2027,open
345650,2028,open
345746,2029,open
345841,2030,open
345935,2031,open
346043,2032,open
346140,2033,open
346235,2034,open
346330,2035,open
346424,2036,open
346519,2037,open
346615,2038,open
346709,2039,open
346816,2040,open
346919,2041,open
347018,2042,open
347118,2043,open
347224,2044,open
347324,2045,open
347427,2046,open
347529,2047,open
347629,2048,open
347734,2049,closed
347834,2050,open
347943,2051,open
348041,2052,closed
348149,2053,open
348246,2054,open
348350,2055,open
348458,2056,open
348558,2057,open
348660,2058,open
348761,2059,open
348859,2060,open
348993,2061,open
349098,2062,open
349198,2063,open
349298,2064,open
349398,2065,open
349501,2066,open
349600,2067,open
349699,2068,open
349813,2069,open
349922,2070,open
350023,2071,open
350123,2072,open
350226,2073,open
350327,2074,open
350429,2075,open
350529,2076,open
350629,2077,open
350729,2078,open
350837,2079,open
350936,2080,open
351036,2081,open
351141,2082,open
351241,2083,open
351345,2084,open
351445,2085,open
351546,2086,open
351646,2087,open
351746,2088,open
351860,2089,open
351958,2090,open
352057,2091,open
352157,2092,open
352256,2093,open
352356,2094,open
352459,2095,open
352559,2096,open
352663,2097,open
352763,2098,open
352871,2099,open
352984,2100,open
353084,2101,open
353188,2102,open
353288,2103,open
353389,2104,open
353490,2105,open
353591,2106,open
353691,2107,open
353800,2108,open
353906,2109,closed
354005,2110,open
354102,2111,open
354203,2112,open
354303,2113,open
354403,2114,open
354503,2115,open
354604,2116,open
354710,2117,open
354818,2118,open
354918,2119,open
355017,2120,open
355115,2121,open
355215,2122,open
355322,2123,open
355421,2124,open
355521,2125,open
355622,2126,open
355722,2127,open
355822,2128,open
355931,2129,open
356046,2130,open
356146,2131,open
356246,2132,open
356346,2133,open
356450,2134,open
356550,2135,open
356650,2136,open
356764,2137,open
356864,2138,open
356964,2139,open
357063,2140,open
357164,2141,open
357264,2142,open
357364,2143,open
357472,2144,open
357584,2145,open
357684,2146,open
357784,2147,open
357884,2148,open
357985,2149,open
358084,2150,open
358184,2151,open
358286,2152,open
358386,2153,open
358486,2154,open
358595,2155,open
358696,2156,open
358803,2157,open
358903,2158,open
358996,2159,open
359107,2160,open
359198,2161,open
359289,2162,open
359389,2163,open
359482,2164,open
359574,2165,open
359665,2166,open
359756,2167,open
359848,2168,open
359939,2169,open
360039,2170,open
360145,2171,open
360246,2172,open
360351,2173,open
360454,2174,open
360555,2175,open
360657,2176,open
360757,2177,open
360857,2178,open
360964,2179,open
361072,2180,open
361170,2181,open
361270,2182,open
361370,2183,open
361470,2184,open
361577,2185,open
361677,2186,open
361777,2187,open
361879,2188,open
361979,2189,open
362098,2190,open
362204,2191,open
362305,2192,open
362402,2193,open
362500,2194,open
362597,2195,open
362697,2196,open
362792,2197,open
362889,2198,open
362993,2199,open
363086,2200,open
363178,2201,open
363273,2202,open
363370,2203,open
363465,2204,open
363560,2205,open
363655,2206,open
363750,2207,open
363857,2208,open
363953,2209,open
364049,2210,open
364143,2211,open
364238,2212,open
364333,2213,open
364430,2214,open
364525,2215,open
364620,2216,open
364724,2217,open
364821,2218,open
364916,2219,open
365024,2220,open
365121,2221,open
365207,2222,open
365301,2223,open
365400,2224,open
365495,2225,open
365590,2226,open
365685,2227,open
365791,2228,open
365886,2229,open
365981,2230,open
366076,2231,open
366170,2232,open
366265,2233,open
366370,2234,open
366466,2235,open
366570,2236,open
366667,2237,open
366762,2238,open
366862,2239,open
366957,2240,open
367052,2241,open
367146,2242,open
367249,2243,open
367342,2244,open
367439,2245,open
367534,2246,open
367628,2247,open
367722,2248,open
367817,2249,open
367928,2250,open
368028,2251,open
368121,2252,open
368215,2253,open
368311,2254,open
368405,2255,open
368502,2256,open
368596,2257,open
368690,2258,open
368784,2259,open
368878,2260,open
368980,2261,open
369073,2262,open
369160,2263,open
369245,2264,open
369335,2265,open
369421,2266,open
369510,2267,open
369603,2268,open
369694,2269,open
369788,2270,open
369890,2271,open
369984,2272,open
370078,2273,open
370171,2274,open
370265,2275,open
370359,2276,open
370458,2277,open
370553,2278,open
370647,2279,open
370757,2280,open
370859,2281,open
370954,2282,open
371048,2283,open
371143,2284,open
371237,2285,open
371332,2286,open
371426,2287,open
371521,2288,open
371616,2289,open
371712,2290,open
371806,2291,open
371901,2292,open
372010,2293,open
372105,2294,open
372201,2295,open
372295,2296,open
372391,2297,open
372486,2298,open
372580,2299,open
372674,2300,open
372771,2301,open
372865,2302,open
372959,2303,open
373053,2304,open
373155,2305,open
373249,2306,open
373343,2307,open
373437,2308,open
373536,2309,open
373641,2310,open
373744,2311,open
373844,2312,open
373945,2313,open
374045,2314,open
374145,2315,open
374245,2316,open
374345,2317,open
374443,2318,open
374554,2319,open
374656,2320,open
374756,2321,open
374856,2322,open
374956,2323,open
375056,2324,open
375162,2325,open
375253,2326,open
375353,2327,open
375460,2328,open
375560,2329,open
375662,2330,open
375761,2331,open
376356,2332,open
376886,2333,open
377051,2334,open
377150,2335,open
377244,2336,open
377334,2337,open
377428,2338,open
377530,2339,open
377652,2340,open
377751,2341,open
377850,2342,open
377949,2343,open
378049,2344,open
378148,2345,open
378248,2346,open
378348,2347,open
378450,2348,open
378555,2349,open
378655,2350,open
378756,2351,open
378856,2352,open
378955,2353,open
379067,2354,open
379168,2355,open
379268,2356,open
379359,2357,open
379450,2358,open
379541,2359,open
379632,2360,open
379723,2361,open
379820,2362,open
379911,2363,open
380001,2364,open
380092,2365,open
380191,2366,open
380282,2367,open
380373,2368,open
380470,2369,open
380577,2370,open
380668,2371,open
380759,2372,open
380850,2373,open
380943,2374,open
381034,2375,open
381132,2376,open
381223,2377,open
381313,2378,open
381403,2379,open
381493,2380,open
381584,2381,open
381683,2382,open
381774,2383,open
381871,2384,open
381963,2385,open
382054,2386,open
382145,2387,open
382236,2388,open
382329,2389,open
382420,2390,open
382511,2391,open
382608,2392,open
382707,2393,open
382798,2394,open
382891,2395,open
382982,2396,open
383073,2397,open
383169,2398,open
383260,2399,open
383375,2400,open
383469,2401,open
383563,2402,open
383657,2403,open
383748,2404,open
383843,2405,open
383934,2406,open
384028,2407,open
384127,2408,open
384218,2409,open
384309,2410,open
384402,2411,open
384500,2412,open
384591,2413,open
384691,2414,open
384782,2415,open
384881,2416,open
384977,2417,open
385070,2418,open
385164,2419,open
385255,2420,open
385346,2421,open
385437,2422,open
385528,2423,open
385629,2424,open
385726,2425,open
385819,2426,open
385911,2427,open
386002,2428,open
386093,2429,open
386204,2430,open
386303,2431,open
386394,2432,open
386485,2433,open
386576,2434,closed
386666,2435,open
386757,2436,open
386849,2437,open
386940,2438,open
387031,2439,open
387138,2440,open
387241,2441,open
387338,2442,open
387430,2443,open
387521,2444,open
387613,2445,open
387712,2446,open
387803,2447,open
387894,2448,open
387986,2449,open
388086,2450,open
388179,2451,open
388271,2452,open
388363,2453,open
388461,2454,open
388553,2455,open
388645,2456,open
388737,2457,open
388829,2458,open
388931,2459,open
389041,2460,open
389132,2461,open
389223,2462,open
389314,2463,open
389409,2464,open
389501,2465,open
389593,2466,open
389684,2467,open
389791,2468,open
389882,2469,open
389973,2470,open
390065,2471,open
390158,2472,open
390250,2473,open
390342,2474,open
390434,2475,open
390531,2476,open
390630,2477,open
390721,2478,open
390812,2479,open
390903,2480,open
390993,2481,unsure
391101,2482,unsure
391188,2483,unsure
391278,2484,unsure
391369,2485,closed
391464,2486,closed
391554,2487,closed
391644,2488,open
391735,2489,open
391848,2490,open
391939,2491,open
392030,2492,open
392122,2493,open
392215,2494,open
392309,2495,open
392403,2496,open
392494,2497,open
392584,2498,open
392675,2499,open
392766,2500,open
392858,2501,open
392957,2502,open
393048,2503,open
393145,2504,open
393236,2505,open
393327,2506,open
393419,2507,open
393513,2508,open
393604,2509,open
393695,2510,open
393789,2511,open
393880,2512,open
393979,2513,open
394070,2514,open
394161,2515,open
394253,2516,open
394344,2517,open
394441,2518,open
394532,2519,open
394640,2520,open
394731,2521,open
394822,2522,open
394916,2523,open
395007,2524,open
395105,2525,open
395196,2526,open
395287,2527,open
395378,2528,open
395469,2529,open
395560,2530,open
395652,2531,open
395743,2532,open
395839,2533,open
395930,2534,open
396029,2535,open
396149,2536,open
396239,2537,closed
396331,2538,open
396424,2539,open
396514,2540,open
396607,2541,open
396702,2542,open
396792,2543,open
396882,2544,open
396972,2545,open
397063,2546,open
397155,2547,open
397251,2548,open
397341,2549,open
397450,2550,open
397540,2551,open
397631,2552,open
397722,2553,open
397819,2554,open
397910,2555,open
398001,2556,open
398092,2557,open
398184,2558,open
398275,2559,open
398366,2560,open
398458,2561,open
398549,2562,open
398646,2563,open
398737,2564,open
398828,2565,open
398931,2566,open
399021,2567,open
399114,2568,open
399207,2569,open
399303,2570,open
399393,2571,open
399484,2572,closed
399574,2573,open
399664,2574,open
399754,2575,open
399845,2576,open
399936,2577,open
400032,2578,open
400123,2579,open
400231,2580,open
400321,2581,open
400412,2582,open
400506,2583,open
400601,2584,open
400692,2585,open
400782,2586,open
400872,2587,open
400964,2588,open
401055,2589,open
401145,2590,open
401235,2591,open
401325,2592,open
401423,2593,open
401514,2594,open
401608,2595,open
401699,2596,open
401798,2597,open
401889,2598,open
401980,2599,open
402074,2600,open
402165,2601,open
402257,2602,open
402350,2603,open
402443,2604,open
402534,2605,open
402625,2606,open
402722,2607,open
402813,2608,unsure
402904,2609,unsure
403020,2610,unsure
403096,2611,unsure
403188,2612,unsure
403278,2613,closed
403374,2614,closed
403465,2615,closed
403555,2616,closed
403645,2617,open
403749,2618,open
403840,2619,open
403931,2620,open
404028,2621,open
404118,2622,open
404208,2623,open
404301,2624,open
404392,2625,open
404483,2626,open
404574,2627,open
404665,2628,open
404756,2629,open
404861,2630,open
404951,2631,open
405043,2632,open
405134,2633,open
405225,2634,open
405316,2635,open
405412,2636,open
405503,2637,open
405594,2638,open
405685,2639,open
405794,2640,open
405884,2641,open
405979,2642,open
406071,2643,open
406162,2644,open
406254,2645,open
406345,2646,open
406436,2647,open
406529,2648,open
406620,2649,open
406711,2650,open
406808,2651,open
406899,2652,open
406990,2653,open
407081,2654,open
407172,2655,open
407276,2656,open
407367,2657,open
407461,2658,open
407553,2659,open
407644,2660,open
407735,2661,open
407830,2662,open
407922,2663,open
408013,2664,open
408104,2665,open
408199,2666,open
408299,2667,open
408390,2668,open
408484,2669,open
408588,2670,open
408685,2671,open
408773,2672,open
409204,2673,open
409523,2674,open
409841,2675,open
410186,2676,open
410613,2677,open
411027,2678,open
411196,2679,open
411283,2680,open
411378,2681,open
411466,2682,open
411554,2683,open
411641,2684,open
411737,2685,open
411822,2686,open
411916,2687,open
412002,2688,open
412087,2689,open
412172,2690,open
412257,2691,open
412345,2692,open
412430,2693,open
412516,2694,open
412602,2695,open
412690,2696,open
412775,2697,open
412860,2698,open
412945,2699,open
413048,2700,open
413139,2701,open
413230,2702,open
413321,2703,open
413413,2704,open
413505,2705,open
413599,2706,open
413690,2707,open
413781,2708,open
413872,2709,open
413963,2710,open
414054,2711,open
414145,2712,open
414244,2713,open
414340,2714,open
414431,2715,open
414522,2716,open
414613,2717,open
414705,2718,open
414802,2719,open
414892,2720,open
414982,2721,open
415078,2722,open
415169,2723,open
415260,2724,open
415351,2725,open
415442,2726,open
415541,2727,open
415632,2728,open
415729,2729,open
415834,2730,open
415925,2731,closed
416015,2732,open
416107,2733,open
416199,2734,open
416291,2735,open
416388,2736,open
416479,2737,open
416570,2738,open
416661,2739,open
416752,2740,open
416843,2741,open
416934,2742,open
417025,2743,open
417116,2744,open
417213,2745,open
417315,2746,open
417406,2747,open
417501,2748,open
417593,2749,open
417684,2750,open
417781,2751,open
417875,2752,open
417966,2753,open
418057,2754,open
418148,2755,open
418239,2756,open
418330,2757,open
418421,2758,open
418518,2759,open
418628,2760,open
418719,2761,open
418810,2762,open
418902,2763,open
418993,2764,open
419089,2765,open
419179,2766,open
419301,2767,open
419391,2768,open
419481,2769,open
419571,2770,open
419661,2771,open
419752,2772,open
419842,2773,open
419940,2774,open
420030,2775,open
420120,2776,open
420210,2777,open
420300,2778,open
420391,2779,open
420481,2780,open
420571,2781,open
420668,2782,open
420758,2783,open
420848,2784,open
420947,2785,open
421038,2786,open
421128,2787,open
421221,2788,open
421318,2789,open
421423,2790,open
421515,2791,open
421606,2792,open
421697,2793,open
421794,2794,open
421890,2795,open
421981,2796,open
422072,2797,open
422163,2798,open
422254,2799,open
422345,2800,open
422436,2801,open
422527,2802,open
422618,2803,open
422715,2804,open
422806,2805,open
422896,2806,open
422995,2807,open
423086,2808,open
423178,2809,open
423271,2810,open
423368,2811,open
423459,2812,open
423551,2813,open
423641,2814,closed
423730,2815,open
423823,2816,open
423918,2817,open
424014,2818,open
424104,2819,open
424213,2820,open
424306,2821,open
424398,2822,open
424488,2823,open
424583,2824,open
424680,2825,open
424771,2826,open
424861,2827,open
424952,2828,open
425043,2829,open
425136,2830,open
425227,2831,open
425318,2832,open
425408,2833,open
425506,2834,open
425597,2835,open
425701,2836,open
425792,2837,open
425883,2838,open
425975,2839,open
426066,2840,open
426163,2841,open
426254,2842,open
426345,2843,open
426437,2844,open
426529,2845,open
426620,2846,open
426710,2847,open
426800,2848,open
426893,2849,open
427009,2850,open
427099,2851,open
427190,2852,open
427280,2853,open
427374,2854,open
427470,2855,open
427562,2856,open
427653,2857,open
427747,2858,open
427838,2859,open
427928,2860,open
428027,2861,open
428124,2862,open
428215,2863,open
428306,2864,open
428398,2865,open
428490,2866,open
428580,2867,open
428671,2868,open
428762,2869,open
428859,2870,open
428950,2871,open
429050,2872,open
429141,2873,open
429231,2874,open
429325,2875,open
429418,2876,open
429515,2877,open
429606,2878,open
429697,2879,open
429804,2880,open
429895,2881,open
429982,2882,open
430069,2883,open
430161,2884,open
430248,2885,open
430335,2886,open
430422,2887,open
430514,2888,open
430609,2889,open
430696,2890,open
430781,2891,open
430869,2892,open
430963,2893,open
431048,2894,open
431134,2895,open
431219,2896,open
431303,2897,open
431386,2898,open
431471,2899,open
431557,2900,open
431642,2901,open
431727,2902,open
431813,2903,open
431898,2904,open
431991,2905,open
432076,2906,open
432161,2907,open
432246,2908,open
432333,2909,open
432446,2910,open
432536,2911,open
432627,2912,open
432722,2913,open
432815,2914,open
432911,2915,open
433001,2916,open
433097,2917,open
433188,2918,open
433280,2919,open
433371,2920,open
433462,2921,open
433554,2922,open
433645,2923,open
433736,2924,open
433835,2925,open
433926,2926,open
434017,2927,open
434108,2928,open
434201,2929,open
434293,2930,open
434384,2931,open
434490,2932,open
434581,2933,open
434672,2934,open
434763,2935,open
434854,2936,open
434944,2937,open
435035,2938,open
435126,2939,open
435240,2940,open
435331,2941,open
435422,2942,open
435513,2943,open
435604,2944,open
435694,2945,open
435785,2946,open
435882,2947,open
435973,2948,open
436064,2949,open
436163,2950,open
436254,2951,open
436345,2952,open
436437,2953,open
436528,2954,open
436626,2955,open
436718,2956,open
436809,2957,open
436900,2958,open
436991,2959,open
437082,2960,open
437184,2961,open
437275,2962,open
437366,2963,open
437457,2964,open
437548,2965,open
437640,2966,open
437731,2967,open
437822,2968,open
437920,2969,open
438031,2970,open
438122,2971,open
438213,2972,open
438304,2973,open
438395,2974,open
438492,2975,open
438583,2976,open
438674,2977,open
438765,2978,open
438855,2979,open
438946,2980,open
439037,2981,open
439136,2982,open
439233,2983,open
439324,2984,open
439416,2985,open
439507,2986,open
439598,2987,open
439689,2988,open
439780,2989,open
439871,2990,open
439969,2991,open
440060,2992,open
440151,2993,open
440242,2994,open
440341,2995,open
440431,2996,open
440521,2997,open
440615,2998,open
440706,2999,open
440845,3000,open
440935,3001,open
441031,3002,open
441121,3003,open
441218,3004,open
441308,3005,open
441398,3006,open
441488,3007,open
441579,3008,open
441676,3009,open
441778,3010,open
441877,3011,open
441967,3012,open
442058,3013,open
442149,3014,open
442240,3015,open
442331,3016,open
442422,3017,open
442513,3018,open
442610,3019,open
442701,3020,open
442792,3021,open
442883,3022,open
442982,3023,open
443073,3024,open
443164,3025,open
443264,3026,open
443355,3027,open
443446,3028,open
443537,3029,open
443648,3030,open
443741,3031,open
443839,3032,open
443930,3033,open
444021,3034,open
444112,3035,open
444203,3036,open
444294,3037,open
444385,3038,open
444484,3039,open
444580,3040,open
444672,3041,open
444763,3042,open
444854,3043,open
444945,3044,open
445035,3045,open
445126,3046,open
445217,3047,open
445322,3048,open
445412,3049,open
445503,3050,open
445594,3051,open
445685,3052,open
445776,3053,open
445866,3054,open
445962,3055,open
446054,3056,open
446145,3057,open
446236,3058,open
446335,3059,open
446443,3060,open
446534,3061,open
446621,3062,open
446708,3063,open
446807,3064,open
446894,3065,open
446983,3066,open
447070,3067,open
447161,3068,open
447246,3069,open
447332,3070,open
447427,3071,open
447515,3072,open
447601,3073,open
447695,3074,open
447783,3075,open
447871,3076,open
447956,3077,open
448041,3078,open
448129,3079,open
448223,3080,open
448309,3081,open
448395,3082,open
448485,3083,open
448572,3084,open
448657,3085,open
448745,3086,open
448830,3087,open
448915,3088,open
449000,3089,open
449101,3090,open
449191,3091,open
449282,3092,open
449374,3093,open
449464,3094,open
449561,3095,open
449652,3096,open
449744,3097,open
449834,3098,open
449924,3099,open
450014,3100,open
450105,3101,open
450195,3102,open
450286,3103,open
450383,3104,open
450473,3105,open
450575,3106,open
450665,3107,open
450755,3108,open
450846,3109,open
450936,3110,open
451039,3111,open
451129,3112,open
451219,3113,open
451309,3114,open
451400,3115,open
451492,3116,open
451583,3117,open
451679,3118,open
451771,3119,open
451886,3120,open
451977,3121,open
452069,3122,open
452162,3123,open
452259,3124,open
452350,3125,open
452441,3126,open
452532,3127,open
452623,3128,open
452714,3129,open
452805,3130,open
452900,3131,open
452991,3132,open
453088,3133,open
453179,3134,open
453279,3135,open
453370,3136,open
453461,3137,open
453552,3138,open
453644,3139,open
453738,3140,open
453829,3141,open
453922,3142,open
454013,3143,open
454104,3144,open
454196,3145,open
454289,3146,open
454396,3147,open
454487,3148,open
454578,3149,open
454685,3150,open
454776,3151,open
454867,3152,open
454967,3153,open
455058,3154,open
455149,3155,open
455240,3156,open
455331,3157,open
455423,3158,open
455514,3159,open
455605,3160,open
455698,3161,open
455793,3162,open
455893,3163,open
455984,3164,open
456076,3165,open
456169,3166,open
456260,3167,open
456351,3168,open
456448,3169,open
456539,3170,open
456630,3171,open
456730,3172,open
456824,3173,open
456915,3174,open
457006,3175,open
457100,3176,open
457191,3177,open
457282,3178,open
457381,3179,open
457485,3180,open
457584,3181,open
457680,3182,open
457771,3183,open
457862,3184,open
457953,3185,open
458048,3186,open
458139,3187,open
458231,3188,open
458327,3189,open
458418,3190,open
458518,3191,open
458609,3192,open
458700,3193,open
458791,3194,open
458882,3195,open
458973,3196,open
459070,3197,open
459161,3198,open
459252,3199,open
459343,3200,open
459434,3201,open
459526,3202,open
459619,3203,open
459710,3204,open
459807,3205,open
459906,3206,open
459997,3207,open
460088,3208,open
460179,3209,open
460290,3210,open
460382,3211,open
460473,3212,open
460566,3213,open
460657,3214,open
460748,3215,open
460840,3216,open
460931,3217,open
461030,3218,open
461133,3219,open
461224,3220,open
461315,3221,open
461406,3222,open
461497,3223,open
461588,3224,open
461712,3225,open
461809,3226,open
461908,3227,open
461999,3228,open
462090,3229,open
462181,3230,open
462272,3231,open
462368,3232,open
462459,3233,open
462558,3234,open
462649,3235,open
462740,3236,open
462832,3237,open
462927,3238,open
463018,3239,open
463131,3240,open
463222,3241,open
463307,3242,open
463393,3243,open
463480,3244,open
463568,3245,open
463659,3246,open
463746,3247,open
463843,3248,open
463930,3249,open
464016,3250,open
464101,3251,open
464186,3252,open
464271,3253,open
464358,3254,open
464443,3255,open
464541,3256,open
464627,3257,open
464712,3258,open
464798,3259,open
464883,3260,open
464968,3261,open
465056,3262,open
465141,3263,open
465228,3264,open
465326,3265,open
465411,3266,open
465496,3267,open
465582,3268,open
465667,3269,open
465767,3270,open
465863,3271,open
465952,3272,open
466038,3273,open
466124,3274,open
466211,3275,open
466297,3276,open
466382,3277,open
466469,3278,open
466563,3279,open
466649,3280,open
466735,3281,open
466822,3282,open
466910,3283,open
466998,3284,open
467084,3285,open
467170,3286,open
467265,3287,open
467351,3288,open
467437,3289,open
467529,3290,open
467615,3291,open
467702,3292,open
467788,3293,open
467875,3294,open
467970,3295,open
468056,3296,open
468143,3297,open
468229,3298,open
468315,3299,open
468421,3300,open
468512,3301,open
468609,3302,open
468700,3303,open
468796,3304,open
468887,3305,open
468978,3306,open
469068,3307,open
469171,3308,open
469262,3309,open
469359,3310,open
469450,3311,open
469541,3312,open
469632,3313,open
469723,3314,open
469814,3315,open
469913,3316,open
470006,3317,open
470101,3318,open
470193,3319,open
470284,3320,open
470375,3321,open
470466,3322,open
470568,3323,open
470666,3324,open
470758,3325,open
470851,3326,open
470943,3327,open
471034,3328,open
471137,3329,open
471249,3330,open
471341,3331,open
471433,3332,open
471525,3333,open
471617,3334,open
471708,3335,open
471807,3336,open
471903,3337,open
471994,3338,open
472085,3339,open
472176,3340,open
472267,3341,open
472358,3342,open
472450,3343,open
472541,3344,open
472648,3345,open
472739,3346,open
472830,3347,open
472925,3348,open
473017,3349,open
473111,3350,open
473218,3351,open
473309,3352,open
473406,3353,open
473498,3354,open
473590,3355,open
473681,3356,open
473789,3357,open
473880,3358,open
473972,3359,open
474079,3360,open
474170,3361,open
474262,3362,open
474361,3363,open
474454,3364,open
474545,3365,open
474637,3366,open
474729,3367,open
474821,3368,open
474912,3369,open
475003,3370,open
475110,3371,open
475202,3372,open
475294,3373,open
475385,3374,open
475477,3375,open
475568,3376,open
475660,3377,open
475752,3378,open
475857,3379,open
475957,3380,open
476054,3381,closed
476145,3382,open
476236,3383,open
476328,3384,open
476421,3385,open
476519,3386,open
476610,3387,open
476710,3388,open
476801,3389,open
476910,3390,open
477004,3391,open
477095,3392,open
477186,3393,open
477275,3394,open
477362,3395,open
477454,3396,open
477540,3397,open
477626,3398,open
477721,3399,open
477807,3400,open
477893,3401,open
477978,3402,open
478064,3403,open
478151,3404,open
478238,3405,open
478324,3406,open
478410,3407,open
478495,3408,open
478582,3409,open
478667,3410,open
478754,3411,open
478849,3412,open
478935,3413,open
479026,3414,open
479112,3415,open
479198,3416,open
479284,3417,open
479370,3418,open
479456,3419,open
479559,3420,open
479654,3421,open
479748,3422,open
479842,3423,open
479933,3424,open
480024,3425,open
480118,3426,open
480209,3427,open
480302,3428,open
480393,3429,open
480484,3430,open
480575,3431,open
480666,3432,open
480770,3433,open
480862,3434,open
480950,3435,open
481046,3436,open
481137,3437,open
481228,3438,open
481319,3439,open
481410,3440,open
481508,3441,open
481599,3442,open
481690,3443,open
481781,3444,open
481872,3445,open
481963,3446,open
482068,3447,open
482159,3448,open
482250,3449,open
482355,3450,open
482446,3451,open
482533,3452,open
482620,3453,open
482705,3454,open
482790,3455,open
482876,3456,open
482956,3457,open
483041,3458,open
483127,3459,open
483212,3460,open
483297,3461,open
483382,3462,open
483467,3463,open
483552,3464,open
483652,3465,open
483736,3466,open
483818,3467,open
483904,3468,open
483994,3469,open
484080,3470,open
484165,3471,open
484250,3472,open
484335,3473,open
484420,3474,open
484505,3475,open
484590,3476,open
484675,3477,open
484760,3478,open
484846,3479,open
484945,3480,open
485036,3481,open
485131,3482,open
485222,3483,open
485313,3484,open
485403,3485,open
485494,3486,open
485585,3487,open
485676,3488,open
485767,3489,open
485858,3490,open
485955,3491,open
486046,3492,open
486137,3493,open
486238,3494,open
486330,3495,open
486421,3496,open
486512,3497,open
486603,3498,open
486698,3499,open
486791,3500,open
486882,3501,open
486979,3502,open
487070,3503,open
487161,3504,open
487284,3505,open
487388,3506,open
487478,3507,open
487568,3508,open
487666,3509,open
487767,3510,open
487863,3511,open
487950,3512,open
488037,3513,open
488122,3514,open
488207,3515,open
488291,3516,open
488376,3517,open
488461,3518,open
488546,3519,open
488631,3520,open
488716,3521,open
488808,3522,open
488893,3523,open
488978,3524,open
489064,3525,open
489149,3526,open
489234,3527,open
489319,3528,open
489404,3529,open
489490,3530,open
489574,3531,open
489659,3532,open
489746,3533,open
489830,3534,open
489923,3535,open
490008,3536,open
490092,3537,open
490177,3538,open
490262,3539,open
490369,3540,open
490460,3541,open
490550,3542,open
490641,3543,open
490737,3544,open
490828,3545,open
490920,3546,open
491017,3547,open
491112,3548,open
491203,3549,open
491294,3550,open
491384,3551,open
491475,3552,open
491566,3553,open
491666,3554,open
491764,3555,open
491855,3556,open
491946,3557,open
492037,3558,open
492128,3559,open
492219,3560,open
492310,3561,open
492401,3562,open
492498,3563,open
492597,3564,open
492688,3565,open
492779,3566,open
492870,3567,open
492962,3568,open
493061,3569,open
493174,3570,open
493264,3571,open
493356,3572,open
493447,3573,open
493538,3574,open
493634,3575,open
493725,3576,open
493815,3577,open
493905,3578,open
493995,3579,open
494087,3580,open
494179,3581,open
494278,3582,open
494374,3583,open
494465,3584,open
494556,3585,open
494647,3586,open
494737,3587,open
494827,3588,open
494918,3589,open
495009,3590,open
495107,3591,open
495199,3592,open
495290,3593,open
495380,3594,open
495471,3595,open
495564,3596,open
495655,3597,open
495760,3598,open
495851,3599,open
495956,3600,open
496046,3601,closed
496143,3602,open
496232,3603,open
496322,3604,open
496416,3605,open
496506,3606,open
496598,3607,open
496688,3608,open
496778,3609,open
496868,3610,open
496960,3611,open
497050,3612,open
497144,3613,open
497234,3614,open
497327,3615,open
497417,3616,open
497516,3617,open
497607,3618,open
497698,3619,open
497795,3620,open
497886,3621,open
497977,3622,open
498068,3623,open
498159,3624,open
498249,3625,open
498340,3626,open
498435,3627,open
498526,3628,open
498617,3629,open
498726,3630,open
498817,3631,open
498903,3632,open
498991,3633,open
499084,3634,open
499170,3635,open
499255,3636,open
499340,3637,open
499426,3638,open
499513,3639,open
499598,3640,open
499684,3641,open
499769,3642,open
499854,3643,open
499939,3644,open
500024,3645,open
500120,3646,open
500205,3647,open
500290,3648,open
500375,3649,open
500460,3650,open
500545,3651,open
500630,3652,open
500715,3653,open
500800,3654,open
500885,3655,open
500973,3656,open
501058,3657,open
501152,3658,open
501243,3659,open
501342,3660,open
501433,3661,open
501524,3662,open
501617,3663,open
501708,3664,open
501799,3665,open
501890,3666,open
501981,3667,open
502079,3668,open
502179,3669,open
502270,3670,open
502362,3671,open
502453,3672,open
502544,3673,open
502637,3674,open
502734,3675,open
502825,3676,open
502916,3677,open
503008,3678,open
503109,3679,open
503200,3680,open
503297,3681,open
503389,3682,open
503480,3683,open
503572,3684,open
503663,3685,open
503755,3686,open
503855,3687,open
503953,3688,open
504045,3689,open
504154,3690,open
504245,3691,open
504342,3692,open
504433,3693,open
504525,3694,open
504622,3695,open
504714,3696,open
504807,3697,open
504898,3698,open
504997,3699,open
505088,3700,open
505180,3701,open
505270,3702,open
505366,3703,open
505457,3704,open
505553,3705,open
505643,3706,open
505734,3707,open
505824,3708,open
505914,3709,open
506005,3710,open
506103,3711,open
506193,3712,open
506283,3713,open
506381,3714,open
506471,3715,open
506563,3716,open
506658,3717,open
506750,3718,open
506843,3719,open
506947,3720,open
507040,3721,open
507131,3722,open
507222,3723,open
507320,3724,open
507412,3725,open
507503,3726,open
507594,3727,open
507686,3728,open
507777,3729,open
507868,3730,open
507959,3731,open
508066,3732,open
508157,3733,open
508248,3734,open
508339,3735,open
508431,3736,open
508522,3737,open
508613,3738,open
508719,3739,open
508810,3740,open
508901,3741,open
508993,3742,open
509084,3743,open
509175,3744,open
509281,3745,open
509372,3746,open
509463,3747,open
509554,3748,open
509645,3749,open
509755,3750,open
509845,3751,open
509941,3752,open
510032,3753,open
510158,3754,open
510248,3755,open
510338,3756,open
510429,3757,open
510521,3758,open
510622,3759,open
510713,3760,open
510803,3761,open
510893,3762,open
510983,3763,open
511074,3764,open
511167,3765,open
511257,3766,open
511353,3767,open
511443,3768,open
511542,3769,open
511633,3770,open
511724,3771,open
511816,3772,open
511907,3773,open
512004,3774,open
512095,3775,open
512195,3776,open
512286,3777,open
512377,3778,open
512468,3779,open
512581,3780,open
512672,3781,open
512765,3782,open
512857,3783,open
512950,3784,open
513043,3785,open
513136,3786,open
513233,3787,open
513325,3788,open
513424,3789,open
513516,3790,open
513607,3791,open
513698,3792,open
513789,3793,open
513880,3794,open
513977,3795,open
514076,3796,open
514167,3797,open
514258,3798,open
514349,3799,open
514439,3800,open
514530,3801,open
514626,3802,open
514717,3803,open
514808,3804,open
514907,3805,open
514998,3806,open
515089,3807,open
515186,3808,open
515277,3809,open
515387,3810,open
515478,3811,open
515569,3812,open
515660,3813,open
515755,3814,open
515849,3815,open
515940,3816,open
516031,3817,open
516127,3818,open
516226,3819,open
516317,3820,open
516408,3821,open
516506,3822,open
516597,3823,open
516688,3824,open
516779,3825,open
516870,3826,open
516962,3827,open
517061,3828,open
517152,3829,open
517242,3830,open
517332,3831,open
517426,3832,open
517516,3833,open
517607,3834,open
517698,3835,open
517794,3836,open
517884,3837,open
517975,3838,open
518074,3839,open
518177,3840,open
518267,3841,open
518363,3842,open
518455,3843,squint
518544,3844,squint
518647,3845,squint
518735,3846,closed
518827,3847,closed
518923,3848,closed
519020,3849,squint
519111,3850,squint
519206,3851,squint
519298,3852,open
519389,3853,open
519488,3854,open
519580,3855,open
519673,3856,open
519771,3857,open
519862,3858,open
519954,3859,open
520054,3860,open
520146,3861,open
520238,3862,open
520330,3863,open
520428,3864,open
520531,3865,open
520622,3866,open
520713,3867,open
520804,3868,open
520895,3869,open
521008,3870,open
521100,3871,open
521192,3872,open
521284,3873,open
521376,3874,open
521467,3875,open
521558,3876,open
521649,3877,open
521747,3878,open
521839,3879,open
521930,3880,open
522030,3881,open
522121,3882,open
522212,3883,open
522304,3884,open
522395,3885,open
522492,3886,open
522583,3887,open
522674,3888,squint
522766,3889,squint
522856,3890,closed
522947,3891,closed
523052,3892,closed
523146,3893,closed
523237,3894,open
523342,3895,open
523433,3896,open
523527,3897,open
523618,3898,open
523720,3899,open
523826,3900,open
523919,3901,open
524009,3902,closed
524098,3903,closed
524189,3904,closed
524298,3905,open
524385,3906,open
524475,3907,open
524565,3908,open
524659,3909,open
524749,3910,open
524839,3911,open
524929,3912,open
525022,3913,open
525119,3914,open
525210,3915,open
525300,3916,open
525391,3917,open
525482,3918,open
525574,3919,open
525665,3920,open
525756,3921,open
525852,3922,open
525951,3923,open
526042,3924,open
526133,3925,open
526224,3926,open
526315,3927,open
526406,3928,open
526505,3929,open
526615,3930,open
526706,3931,open
526793,3932,open
526889,3933,open
526977,3934,open
527065,3935,open
527153,3936,open
527241,3937,open
527336,3938,open
527425,3939,open
527512,3940,open
527599,3941,open
527686,3942,open
527785,3943,open
527872,3944,open
527957,3945,open
528055,3946,open
528142,3947,open
528227,3948,open
528313,3949,open
528399,3950,open
528484,3951,open
528569,3952,open
528654,3953,open
528740,3954,open
528825,3955,open
528910,3956,open
528995,3957,open
529081,3958,open
529166,3959,open
529264,3960,open
529361,3961,open
529453,3962,open
529544,3963,open
529636,3964,open
529726,3965,open
529816,3966,open
529909,3967,open
530002,3968,open
530099,3969,open
530190,3970,open
530281,3971,open
530372,3972,open
530464,3973,open
530555,3974,open
530646,3975,open
531035,3976,open
531620,3977,open
532185,3978,open
532884,3979,open
533464,3980,open
534026,3981,open
534117,3982,open
534207,3983,open
534297,3984,open
534387,3985,open
534477,3986,open
534567,3987,open
534657,3988,open
534753,3989,open
534866,3990,open
534956,3991,open
535043,3992,open
535130,3993,open
535217,3994,open
535302,3995,open
535387,3996,open
535472,3997,open
535566,3998,open
535652,3999,open
535738,4000,open
535824,4001,open
535909,4002,open
536003,4003,open
536088,4004,open
536178,4005,open
536264,4006,open
536350,4007,open
536435,4008,open
536530,4009,open
536615,4010,open
536702,4011,open
536787,4012,open
536872,4013,open
536957,4014,open
537051,4015,open
537136,4016,open
537222,4017,open
537307,4018,open
537390,4019,open
537496,4020,open
537587,4021,open
537672,4022,open
537759,4023,open
537844,4024,open
537929,4025,open
538014,4026,open
538100,4027,open
538186,4028,open
538272,4029,open
538357,4030,open
538443,4031,open
538530,4032,open
538615,4033,open
538700,4034,open
538787,4035,open
538872,4036,open
538957,4037,open
539042,4038,open
539137,4039,open
539223,4040,open
539308,4041,open
539394,4042,open
539483,4043,open
539568,4044,open
539653,4045,open
539741,4046,open
539826,4047,open
539911,4048,open
539996,4049,open
540097,4050,open
540188,4051,open
540279,4052,open
540372,4053,open
540465,4054,open
540562,4055,open
540653,4056,open
540744,4057,open
540835,4058,open
540925,4059,open
541015,4060,open
541106,4061,open
541197,4062,open
541294,4063,open
541386,4064,open
541484,4065,open
541585,4066,open
541675,4067,open
541766,4068,open
541861,4069,open
541957,4070,open
542047,4071,open
542138,4072,open
542229,4073,open
542319,4074,open
542410,4075,open
542500,4076,open
542591,4077,open
542688,4078,open
542778,4079,open
542888,4080,open
542979,4081,open
543070,4082,open
543165,4083,open
543263,4084,open
543354,4085,open
543445,4086,open
543540,4087,open
543632,4088,open
543723,4089,open
543814,4090,open
543918,4091,open
544009,4092,open
544100,4093,open
544190,4094,open
544282,4095,open
544373,4096,open
544463,4097,open
544554,4098,open
544649,4099,open
544740,4100,open
544830,4101,open
544928,4102,open
545018,4103,open
545109,4104,open
545199,4105,open
545296,4106,open
545387,4107,open
545477,4108,open
545567,4109,open
545678,4110,open
545769,4111,open
545866,4112,open
545957,4113,open
546048,4114,open
546139,4115,open
546229,4116,open
546320,4117,open
546411,4118,open
546503,4119,open
546594,4120,open
546692,4121,open
546783,4122,open
546874,4123,open
546965,4124,open
547066,4125,open
547157,4126,open
547249,4127,open
547345,4128,open
547436,4129,open
547527,4130,open
547619,4131,open
547711,4132,open
547802,4133,open
547893,4134,open
547986,4135,open
548076,4136,open
548167,4137,open
548258,4138,open
548349,4139,open
548458,4140,open
548549,4141,open
548645,4142,open
548741,4143,open
548832,4144,open
548923,4145,open
549014,4146,open
549105,4147,open
549196,4148,open
549287,4149,open
549378,4150,open
549473,4151,open
549565,4152,open
549656,4153,open
549756,4154,open
549849,4155,open
549942,4156,open
550033,4157,open
550130,4158,open
550221,4159,open
550312,4160,open
550403,4161,open
550494,4162,open
550588,4163,open
550681,4164,open
550787,4165,open
550879,4166,open
550970,4167,open
551060,4168,open
551150,4169,open
551258,4170,open
551355,4171,open
551448,4172,open
551539,4173,open
551630,4174,open
551721,4175,open
551812,4176,open
551902,4177,open
551992,4178,open
552084,4179,open
552181,4180,open
552273,4181,open
552364,4182,open
552463,4183,open
552554,4184,open
552646,4185,open
552738,4186,open
552834,4187,open
552925,4188,open
553016,4189,open
553107,4190,open
553208,4191,open
553299,4192,open
553395,4193,open
553486,4194,open
553577,4195,open
553669,4196,open
553760,4197,open
553851,4198,open
553950,4199,open
554061,4200,open
554155,4201,open
554246,4202,open
554338,4203,open
554429,4204,open
554520,4205,open
554611,4206,open
554710,4207,open
554801,4208,open
554904,4209,open
554995,4210,open
555087,4211,open
555177,4212,open
555268,4213,open
555364,4214,open
555455,4215,open
555546,4216,open
555637,4217,open
555728,4218,open
555827,4219,open
555918,4220,open
556015,4221,open
556106,4222,open
556197,4223,open
556288,4224,open
556416,4225,open
556508,4226,open
556598,4227,open
556696,4228,open
556786,4229,open
556890,4230,open
556987,4231,open
557073,4232,open
557157,4233,open
557249,4234,open
587284,4552,open
587374,4553,open
587467,4554,open
587564,4555,open
587654,4556,open
587744,4557,open
587834,4558,open
587924,4559,open
588034,4560,open
588132,4561,open
588222,4562,open
588312,4563,open
588403,4564,open
588493,4565,open
588583,4566,open
588673,4567,open
588764,4568,open
588860,4569,open
588952,4570,open
589042,4571,open
589133,4572,open
589223,4573,open
589314,4574,open
589405,4575,closed
589503,4576,open
589600,4577,open
589692,4578,open
589784,4579,open
589875,4580,open
589966,4581,open
590057,4582,open
590147,4583,open
590237,4584,open
590341,4585,open
590431,4586,open
590521,4587,open
590611,4588,open
590701,4589,open
590811,4590,open
590902,4591,open
590995,4592,open
591085,4593,open
591188,4594,open
591276,4595,open
591370,4596,open
591460,4597,open
591557,4598,open
591650,4599,open
591740,4600,open
591830,4601,open
591921,4602,open
592012,4603,open
592103,4604,open
592194,4605,open
592285,4606,open
592382,4607,open
592473,4608,open
592565,4609,open
592655,4610,open
592755,4611,open
592846,4612,open
592937,4613,open
593034,4614,open
593126,4615,open
593217,4616,open
593308,4617,open
593399,4618,open
593493,4619,open
593607,4620,open
593698,4621,open
593785,4622,open
593873,4623,open
593958,4624,open
594043,4625,open
594128,4626,open
594215,4627,open
594302,4628,open
594388,4629,open
594475,4630,open
594562,4631,open
594649,4632,open
594734,4633,open
594819,4634,open
594906,4635,open
594991,4636,open
595076,4637,open
595161,4638,open
595246,4639,open
595339,4640,open
595424,4641,open
595509,4642,open
595594,4643,open
595679,4644,open
595765,4645,open
595850,4646,open
595938,4647,open
596022,4648,open
596106,4649,open
596206,4650,open
596297,4651,open
596388,4652,open
596482,4653,open
596573,4654,open
596664,4655,open
596757,4656,open
596856,4657,open
596946,4658,open
597037,4659,closed
597137,4660,open
597229,4661,open
597320,4662,open
597411,4663,open
597502,4664,open
597601,4665,open
597692,4666,open
597785,4667,open
597876,4668,open
597969,4669,open
598060,4670,open
598151,4671,open
598242,4672,open
598339,4673,open
598430,4674,open
598521,4675,open
598612,4676,open
598703,4677,open
598794,4678,open
598885,4679,open
599001,4680,open
599093,4681,open
599184,4682,open
599274,4683,open
599368,4684,open
599458,4685,open
599548,4686,open
599644,4687,open
599735,4688,open
599828,4689,open
599918,4690,open
600008,4691,open
600098,4692,open
600188,4693,open
600279,4694,open
600370,4695,open
600464,4696,closed
600570,4697,open
600656,4698,open
600746,4699,open
600840,4700,open
600930,4701,open
601020,4702,open
601116,4703,open
601206,4704,open
601296,4705,open
601395,4706,open
601486,4707,open
601579,4708,open
601675,4709,open
601780,4710,open
601874,4711,open
601964,4712,open
602054,4713,open
602145,4714,open
602236,4715,open
602328,4716,open
602425,4717,open
602516,4718,open
602606,4719,open
602696,4720,open
602786,4721,open
602876,4722,open
602967,4723,open
603060,4724,open
603158,4725,open
603249,4726,open
603343,4727,open
603434,4728,open
603527,4729,open
603620,4730,open
603710,4731,open
603801,4732,open
603897,4733,open
603996,4734,open
604087,4735,open
604178,4736,open
604269,4737,open
604360,4738,open
604456,4739,open
604560,4740,closed
604658,4741,open
604780,4742,open
604870,4743,open
604960,4744,open
605050,4745,open
605145,4746,open
605235,4747,open
605325,4748,open
605426,4749,open
605513,4750,open
605604,4751,open
605694,4752,open
605784,4753,open
605874,4754,open
605969,4755,open
606059,4756,open
606152,4757,open
606243,4758,open
606333,4759,open
606423,4760,open
606513,4761,open
606618,4762,open
606709,4763,open
606799,4764,open
606904,4765,open
606995,4766,open
607086,4767,open
607182,4768,open
607276,4769,open
607386,4770,open
607476,4771,open
607569,4772,open
607659,4773,open
607749,4774,open
607842,4775,open
607932,4776,open
608022,4777,open
608112,4778,open
608202,4779,open
608293,4780,closed
608404,4781,closed
608496,4782,open
608586,4783,open
608680,4784,open
608770,4785,open
608863,4786,squint
608964,4787,open
609053,4788,open
609143,4789,closed
609247,4790,open
609337,4791,open
609427,4792,open
609517,4793,open
609607,4794,open
609697,4795,open
609788,4796,open
609878,4797,open
609974,4798,open
610067,4799,open
610173,4800,open
610263,4801,open
610353,4802,open
610447,4803,squint
610556,4804,open
610642,4805,open
610732,4806,open
610826,4807,closed
610928,4808,closed
611016,4809,open
611107,4810,open
611203,4811,open
611300,4812,open
611391,4813,open
611482,4814,open
611572,4815,open
611662,4816,open
611753,4817,open
611846,4818,open
611950,4819,open
612042,4820,open
612132,4821,open
612222,4822,closed
612329,4823,open
612416,4824,open
612513,4825,open
612603,4826,open
612701,4827,open
612791,4828,closed
612894,4829,open
612997,4830,open
613087,4831,open
613184,4832,open
613270,4833,open
613364,4834,open
613454,4835,open
613545,4836,closed
613649,4837,open
613738,4838,open
613828,4839,open
613925,4840,open
614029,4841,open
614123,4842,open
614214,4843,open
614310,4844,open
614401,4845,open
614492,4846,open
614583,4847,open
614681,4848,open
614772,4849,open
614863,4850,open
614953,4851,open
615044,4852,open
615134,4853,open
615225,4854,open
615315,4855,open
615410,4856,open
615503,4857,open
615594,4858,open
615693,4859,open
615794,4860,open
615892,4861,open
615984,4862,open
616075,4863,open
616166,4864,open
616257,4865,open
616348,4866,open
616439,4867,open
616530,4868,open
616621,4869,open
616718,4870,open
616810,4871,open
616901,4872,open
616992,4873,open
617083,4874,open
617174,4875,open
617266,4876,open
647351,5202,open
647436,5203,open
647525,5204,open
647610,5205,open
647693,5206,open
647778,5207,open
647865,5208,open
647951,5209,open
648036,5210,open
648121,5211,open
648207,5212,open
648292,5213,open
648377,5214,open
648462,5215,open
648548,5216,open
648633,5217,open
648718,5218,open
648803,5219,open
648905,5220,open
648999,5221,open
649084,5222,open
649174,5223,open
649260,5224,open
649346,5225,open
649431,5226,open
649518,5227,open
649603,5228,open
649688,5229,open
649773,5230,open
649861,5231,open
649946,5232,open
650033,5233,open
650118,5234,open
650205,5235,open
650290,5236,open
650375,5237,open
650460,5238,open
650551,5239,open
650636,5240,open
650722,5241,open
650807,5242,open
650893,5243,open
650982,5244,open
651067,5245,open
651154,5246,open
651249,5247,open
651334,5248,open
651419,5249,open
651534,5250,open
651624,5251,open
651714,5252,open
651810,5253,open
651905,5254,open
651996,5255,open
652087,5256,open
652177,5257,open
652267,5258,open
652357,5259,open
652447,5260,open
652538,5261,open
652635,5262,open
652726,5263,open
652816,5264,open
652907,5265,open
652997,5266,open
653087,5267,open
653177,5268,open
653267,5269,open
653360,5270,open
653456,5271,open
653547,5272,open
653637,5273,open
653731,5274,open
653821,5275,open
653911,5276,open
654002,5277,open
654099,5278,open
654197,5279,open
654301,5280,open
654395,5281,open
654486,5282,open
654577,5283,open
654676,5284,open
654769,5285,open
654859,5286,open
654950,5287,open
655041,5288,open
655132,5289,open
655223,5290,open
655314,5291,open
655405,5292,open
655505,5293,open
655604,5294,open
655696,5295,open
655786,5296,open
655880,5297,open
655970,5298,open
656060,5299,open
656155,5300,open
656246,5301,open
656336,5302,open
656426,5303,open
656516,5304,open
656606,5305,open
656697,5306,open
656802,5307,open
656892,5308,open
656983,5309,open
657085,5310,open
657174,5311,open
657268,5312,open
657358,5313,open
657455,5314,open
657549,5315,open
657644,5316,open
657734,5317,open
657825,5318,open
657915,5319,open
658006,5320,open
658096,5321,open
658192,5322,open
658283,5323,open
658374,5324,open
658466,5325,open
658558,5326,open
658649,5327,open
658742,5328,open
658833,5329,open
658929,5330,open
659020,5331,open
659111,5332,open
659202,5333,open
659293,5334,open
659384,5335,open
659475,5336,open
659582,5337,open
659673,5338,open
659767,5339,open
659872,5340,open
659964,5341,open
660055,5342,open
660154,5343,open
660247,5344,open
660338,5345,open
660429,5346,open
660520,5347,open
660612,5348,open
660703,5349,open
660794,5350,open
660886,5351,open
660983,5352,open
661074,5353,open
661165,5354,open
661258,5355,open
661349,5356,open
661443,5357,open
661534,5358,open
661626,5359,open
661724,5360,open
661815,5361,open
661906,5362,open
662001,5363,open
662100,5364,open
662191,5365,open
662287,5366,open
662380,5367,open
662471,5368,open
662562,5369,open
662665,5370,open
662755,5371,open
662845,5372,open
662942,5373,open
663032,5374,open
663122,5375,open
663212,5376,open
663302,5377,open
663392,5378,open
663482,5379,open
663572,5380,open
663679,5381,open
663769,5382,open
663859,5383,open
663949,5384,open
664040,5385,open
664130,5386,open
664221,5387,open
664311,5388,open
664402,5389,open
664496,5390,open
664588,5391,open
664679,5392,open
664770,5393,open
664861,5394,open
664951,5395,open
665057,5396,open
665147,5397,open
665238,5398,open
665331,5399,open
665434,5400,open
665525,5401,open
665613,5402,open
665700,5403,open
665797,5404,open
665884,5405,open
665975,5406,open
666062,5407,open
666157,5408,open
666242,5409,open
666327,5410,open
666413,5411,open
666499,5412,open
666584,5413,open
666669,5414,open
666754,5415,open
666842,5416,open
666928,5417,open
667013,5418,open
667100,5419,open
667186,5420,open
667271,5421,open
667356,5422,open
667441,5423,open
667527,5424,open
667613,5425,open
667696,5426,open
667781,5427,open
667885,5428,open
667970,5429,open
668068,5430,open
668163,5431,open
668248,5432,open
668333,5433,open
668418,5434,open
668504,5435,open
668589,5436,open
668679,5437,open
668764,5438,open
668850,5439,open
668935,5440,open
669023,5441,open
669108,5442,open
669194,5443,open
669279,5444,open
669364,5445,open
669449,5446,open
669535,5447,open
669621,5448,open
669711,5449,open
669796,5450,open
669882,5451,open
669967,5452,open
670052,5453,open
670137,5454,open
670223,5455,open
670309,5456,open
670394,5457,open
670487,5458,open
670572,5459,open
670670,5460,open
670760,5461,open
670857,5462,open
670947,5463,open
671038,5464,open
671128,5465,open
671218,5466,open
671308,5467,open
671398,5468,open
671488,5469,open
671610,5470,open
671709,5471,open
671799,5472,open
671889,5473,open
671982,5474,open
672072,5475,open
672161,5476,open
672251,5477,open
672342,5478,open
672439,5479,open
672529,5480,open
672619,5481,open
672709,5482,open
672799,5483,open
672889,5484,open
672979,5485,open
673070,5486,open
673164,5487,open
673254,5488,open
673344,5489,open
673452,5490,open
673542,5491,open
673629,5492,open
673719,5493,open
673804,5494,open
673893,5495,open
673978,5496,open
674065,5497,open
674151,5498,open
674236,5499,open
674321,5500,open
674409,5501,open
674494,5502,open
674579,5503,open
674664,5504,open
674750,5505,open
674835,5506,open
674922,5507,open
675019,5508,open
675105,5509,open
675190,5510,open
675277,5511,open
675363,5512,open
675449,5513,open
675534,5514,open
675619,5515,open
675705,5516,open
675793,5517,open
675878,5518,open
675963,5519,open
676061,5520,open
676151,5521,open
676241,5522,open
676336,5523,open
676429,5524,open
676520,5525,open
676610,5526,open
676701,5527,open
676792,5528,open
676883,5529,open
676974,5530,open
677071,5531,open
677164,5532,open
677255,5533,open
677345,5534,open
677435,5535,open
677525,5536,open
677615,5537,open
677706,5538,open
677803,5539,open
677894,5540,open
677985,5541,open
678076,5542,open
678165,5543,open
678255,5544,open
678346,5545,open
678436,5546,open
678530,5547,open
678620,5548,open
678711,5549,open
678820,5550,open
678910,5551,open
679006,5552,open
679103,5553,open
679194,5554,open
679284,5555,open
679375,5556,open
679465,5557,open
679557,5558,open
679647,5559,open
679739,5560,open
679836,5561,open
679926,5562,open
680019,5563,open
680112,5564,open
680203,5565,open
680293,5566,open
680385,5567,open
680475,5568,open
680571,5569,open
680662,5570,open
680755,5571,open
680847,5572,open
680937,5573,open
681027,5574,open
681117,5575,open
681207,5576,open
681303,5577,open
681393,5578,open
681485,5579,open
681593,5580,open
681683,5581,open
681771,5582,open
681863,5583,open
681948,5584,open
682033,5585,open
682118,5586,open
682209,5587,open
682295,5588,open
682380,5589,open
682465,5590,open
682551,5591,open
682637,5592,open
682722,5593,open
682807,5594,open
682895,5595,open
682980,5596,open
683065,5597,open
683150,5598,open
683236,5599,open
683321,5600,open
683406,5601,open
683492,5602,open
683578,5603,open
683663,5604,open
683749,5605,open
683834,5606,open
683921,5607,open
684006,5608,open
684091,5609,open
684198,5610,open
684288,5611,open
684379,5612,open
684470,5613,open
684562,5614,open
684653,5615,open
684744,5616,open
684835,5617,open
684933,5618,open
685023,5619,open
685114,5620,open
685205,5621,open
685296,5622,open
685387,5623,open
685478,5624,open
685570,5625,open
685661,5626,open
685759,5627,open
685849,5628,open
685940,5629,open
686032,5630,open
686122,5631,open
686214,5632,open
686304,5633,open
686399,5634,open
686490,5635,open
686581,5636,open
686672,5637,open
686763,5638,open
686858,5639,open
686973,5640,open
687063,5641,open
687153,5642,open
687244,5643,open
687336,5644,open
687427,5645,open
687519,5646,open
687610,5647,open
687708,5648,open
687800,5649,open
687891,5650,open
687981,5651,open
688072,5652,open
688163,5653,open
688254,5654,open
688344,5655,open
688441,5656,open
688532,5657,open
688622,5658,open
688714,5659,open
688805,5660,open
688896,5661,open
688987,5662,open
689080,5663,open
689176,5664,open
689266,5665,open
689357,5666,open
689447,5667,open
689538,5668,open
689628,5669,open
689742,5670,open
689833,5671,open
689921,5672,open
690011,5673,open
690102,5674,open
690193,5675,open
690283,5676,open
690373,5677,open
690467,5678,open
690558,5679,open
690649,5680,open
690739,5681,open
690829,5682,open
690919,5683,open
691011,5684,open
691101,5685,open
691197,5686,open
691288,5687,open
691379,5688,open
691470,5689,open
691560,5690,open
691650,5691,open
691741,5692,open
691833,5693,open
691925,5694,open
692015,5695,open
692107,5696,open
692197,5697,open
692287,5698,open
692377,5699,open
692494,5700,open
692584,5701,open
692674,5702,open
692765,5703,open
692857,5704,open
692950,5705,open
693040,5706,open
693130,5707,open
693224,5708,open
693314,5709,open
693404,5710,open
693496,5711,open
693587,5712,open
693677,5713,open
693768,5714,open
693860,5715,open
693957,5716,open
694048,5717,open
694139,5718,open
694234,5719,open
694324,5720,open
694414,5721,open
694505,5722,open
694601,5723,open
694691,5724,open
694781,5725,open
694903,5726,open
694993,5727,open
695083,5728,open
695173,5729,open
695288,5730,open
695378,5731,open
695468,5732,open
695558,5733,open
695649,5734,open
695738,5735,open
695829,5736,open
695917,5737,open
696013,5738,open
696106,5739,open
696196,5740,open
696286,5741,open
696376,5742,open
696474,5743,open
696565,5744,open
696656,5745,open
696752,5746,open
696844,5747,open
696935,5748,open
697027,5749,open
697118,5750,open
697209,5751,open
697300,5752,open
697391,5753,open
697488,5754,open
697579,5755,open
697677,5756,open
697769,5757,open
697860,5758,open
697951,5759,open
698057,5760,open
698148,5761,open
698234,5762,open
698330,5763,open
698417,5764,open
698503,5765,open
698589,5766,open
698677,5767,open
698777,5768,open
698863,5769,open
698948,5770,open
699033,5771,open
699118,5772,open
699204,5773,open
699289,5774,open
699374,5775,open
699459,5776,open
699544,5777,open
699628,5778,open
699714,5779,open
699799,5780,open
699886,5781,open
699971,5782,open
700056,5783,open
700141,5784,open
700226,5785,open
700311,5786,open
700396,5787,open
700481,5788,open
700566,5789,open
700669,5790,open
700759,5791,open
700855,5792,open
700946,5793,open
701036,5794,open
701126,5795,open
701216,5796,open
701306,5797,open
701396,5798,open
701486,5799,open
701576,5800,open
701672,5801,open
701762,5802,open
701852,5803,open
701943,5804,open
702035,5805,open
702126,5806,open
702216,5807,open
702313,5808,open
702404,5809,open
702495,5810,open
702585,5811,open
702675,5812,open
702765,5813,open
702858,5814,open
702949,5815,open
703048,5816,open
703139,5817,open
703229,5818,open
703319,5819,open
703428,5820,open
703519,5821,open
703618,5822,open
703709,5823,open
703803,5824,open
703894,5825,open
703982,5826,open
704072,5827,open
704166,5828,open
704259,5829,open
704355,5830,open
704445,5831,open
704535,5832,open
704625,5833,open
704715,5834,open
704806,5835,open
704899,5836,open
704996,5837,open
705086,5838,open
705180,5839,open
705270,5840,open
705360,5841,open
705450,5842,open
705543,5843,open
705634,5844,open
705724,5845,open
705818,5846,open
705909,5847,open
705998,5848,open
706088,5849,open
706201,5850,open
706294,5851,open
706458,5852,open
706549,5853,open
706640,5854,open
706731,5855,open
706822,5856,open
706913,5857,open
707004,5858,open
707095,5859,open
707186,5860,open
707295,5861,open
707386,5862,open
707477,5863,open
707567,5864,open
707659,5865,open
707750,5866,open
707841,5867,open
707932,5868,open
708020,5869,open
708110,5870,open
708204,5871,open
708297,5872,open
708388,5873,open
708478,5874,open
708569,5875,open
708666,5876,open
708757,5877,open
708856,5878,open
708947,5879,open
709050,5880,open
709141,5881,open
709238,5882,open
709329,5883,open
709420,5884,open
709511,5885,open
709602,5886,open
709693,5887,open
709784,5888,open
709875,5889,open
709967,5890,open
710058,5891,open
710149,5892,open
710240,5893,open
710331,5894,open
710423,5895,open
710514,5896,open
710605,5897,open
710696,5898,open
710793,5899,open
710884,5900,open
710974,5901,open
711065,5902,open
711155,5903,open
711246,5904,open
711336,5905,open
711433,5906,open
711526,5907,open
711616,5908,open
711706,5909,open
711818,5910,open
711908,5911,open
712004,5912,open
712098,5913,closed
712200,5914,open
712288,5915,open
712378,5916,open
712472,5917,open
712562,5918,open
712652,5919,open
712749,5920,open
712840,5921,open
712933,5922,open
713024,5923,open
713114,5924,open
713206,5925,open
713296,5926,open
713387,5927,open
713477,5928,open
713573,5929,open
713663,5930,open
713753,5931,open
713843,5932,open
713933,5933,open
714025,5934,open
714116,5935,open
714212,5936,open
714306,5937,open
714396,5938,open
714487,5939,open
714600,5940,open
714690,5941,open
714784,5942,open
714874,5943,open
714968,5944,open
715060,5945,open
715151,5946,open
715241,5947,open
715331,5948,open
715421,5949,open
715512,5950,open
715610,5951,open
715701,5952,open
715791,5953,open
715882,5954,open
715972,5955,open
716063,5956,open
716155,5957,open
716251,5958,open
716341,5959,open
716435,5960,open
716525,5961,open
716647,5962,open
716740,5963,open
716830,5964,open
716922,5965,open
717019,5966,open
717109,5967,open
717199,5968,open
717289,5969,open
717397,5970,open
717490,5971,open
717589,5972,open
717679,5973,open
717769,5974,open
717859,5975,open
717949,5976,open
718040,5977,open
718130,5978,open
718224,5979,open
718320,5980,open
718412,5981,open
718502,5982,open
718593,5983,open
718683,5984,open
718774,5985,open
718864,5986,open
718955,5987,open
719045,5988,open
719139,5989,open
719230,5990,open
719321,5991,open
719414,5992,open
719505,5993,open
719596,5994,open
719686,5995,open
719784,5996,open
719874,5997,open
719964,5998,open
720056,5999,open
720161,6000,open
720251,6001,open
720458,6002,open
720764,6003,open
721066,6004,open
721204,6005,open
721292,6006,open
721379,6007,open
721466,6008,open
721553,6009,open
721650,6010,open
721738,6011,open
721825,6012,open
721910,6013,open
721996,6014,open
722084,6015,open
722169,6016,open
722257,6017,open
722345,6018,open
722430,6019,open
722516,6020,open
722601,6021,open
722687,6022,open
722772,6023,open
722857,6024,open
722942,6025,open
723029,6026,open
723121,6027,open
723206,6028,open
723291,6029,open
723390,6030,open
723480,6031,open
723567,6032,open
723652,6033,open
723737,6034,open
723822,6035,open
723907,6036,open
723992,6037,open
724078,6038,open
724163,6039,open
724247,6040,open
724336,6041,open
724420,6042,open
724503,6043,open
724587,6044,open
724670,6045,open
724754,6046,open
724838,6047,open
724922,6048,open
725005,6049,open
725090,6050,open
725175,6051,open
725259,6052,open
725344,6053,open
725430,6054,open
725517,6055,open
725612,6056,open
725697,6057,open
725782,6058,open
725867,6059,open
725965,6060,open
726059,6061,open
726157,6062,open
726248,6063,open
726339,6064,open
726433,6065,open
726524,6066,open
726615,6067,open
726706,6068,open
726797,6069,open
726893,6070,open
726985,6071,open
727076,6072,open
727167,6073,open
727258,6074,open
727349,6075,open
727440,6076,open
727532,6077,open
727623,6078,open
727720,6079,open
727811,6080,open
727901,6081,open
727991,6082,open
728081,6083,open
728172,6084,open
728266,6085,open
728364,6086,open
728456,6087,open
728546,6088,open
728636,6089,open
728743,6090,open
728833,6091,open
728922,6092,open
729011,6093,open
729096,6094,open
729181,6095,open
729267,6096,open
729352,6097,open
729440,6098,open
729525,6099,open
729611,6100,open
729696,6101,open
729781,6102,open
729867,6103,open
729953,6104,open
730039,6105,open
730125,6106,open
730209,6107,open
730297,6108,open
730382,6109,open
730468,6110,open
730554,6111,open
730641,6112,open
730727,6113,open
730820,6114,open
730909,6115,open
730994,6116,open
731080,6117,open
731166,6118,open
731252,6119,open
731354,6120,open
731445,6121,open
731536,6122,open
731627,6123,open
731718,6124,open
731809,6125,open
731906,6126,open
731997,6127,open
732089,6128,open
732181,6129,open
732272,6130,open
732364,6131,open
732455,6132,open
732546,6133,open
732645,6134,open
732736,6135,open
732828,6136,open
732919,6137,open
733010,6138,open
733101,6139,open
733192,6140,open
733283,6141,open
733381,6142,open
733472,6143,open
733563,6144,open
733656,6145,open
733755,6146,open
733846,6147,open
733937,6148,open
734032,6149,open
734138,6150,open
734229,6151,open
734320,6152,open
734412,6153,open
734503,6154,open
734594,6155,open
734690,6156,open
734781,6157,open
734874,6158,open
734965,6159,open
735056,6160,open
735147,6161,open
735238,6162,open
735329,6163,open
735428,6164,open
735519,6165,open
735610,6166,open
735701,6167,open
735792,6168,open
735883,6169,open
735974,6170,open
736065,6171,open
736163,6172,open
736260,6173,open
736360,6174,open
736451,6175,open
736542,6176,open
736633,6177,open
736727,6178,open
736818,6179,open
736924,6180,open
737015,6181,open
737106,6182,open
737197,6183,open
737291,6184,open
737389,6185,open
737480,6186,open
737571,6187,open
737669,6188,open
737760,6189,open
737851,6190,open
737942,6191,open
738039,6192,open
738144,6193,open
738236,6194,open
738331,6195,open
738421,6196,open
738512,6197,open
738603,6198,open
738696,6199,open
738793,6200,open
738884,6201,open
738976,6202,open
739067,6203,open
739170,6204,open
739267,6205,open
739364,6206,open
739461,6207,open
739552,6208,open
739643,6209,open
739746,6210,open
739837,6211,open
739928,6212,open
740019,6213,open
740117,6214,open
740209,6215,open
740296,6216,open
740387,6217,open
740479,6218,open
740570,6219,open
740662,6220,open
740753,6221,open
740850,6222,open
740941,6223,open
741032,6224,open
741123,6225,open
741231,6226,open
741322,6227,open
741421,6228,open
741517,6229,open
741608,6230,open
741698,6231,open
741823,6232,open
741914,6233,open
742004,6234,open
742094,6235,open
742190,6236,open
742281,6237,open
742372,6238,open
742462,6239,open
742576,6240,open
742666,6241,open
742762,6242,open
742852,6243,open
742947,6244,open
743037,6245,open
743128,6246,open
743219,6247,open
743310,6248,open
743400,6249,open
743495,6250,open
743586,6251,open
743685,6252,open
743776,6253,open
743867,6254,open
743958,6255,open
744049,6256,open
744140,6257,open
744238,6258,open
744329,6259,open
744420,6260,open
744514,6261,open
744605,6262,open
744704,6263,open
744801,6264,open
744892,6265,open
744983,6266,open
745074,6267,open
745168,6268,open
745261,6269,open
745374,6270,open
745465,6271,open
745556,6272,open
745651,6273,open
745745,6274,open
745836,6275,open
745927,6276,open
746017,6277,open
746107,6278,open
746203,6279,open
746294,6280,open
746389,6281,open
746480,6282,open
746570,6283,open
746660,6284,open
746751,6285,open
746842,6286,open
746949,6287,open
747040,6288,open
747132,6289,open
747223,6290,open
747314,6291,open
747405,6292,open
747499,6293,open
747590,6294,open
747681,6295,open
747772,6296,open
747863,6297,open
747954,6298,open
748045,6299,open
748164,6300,open
748255,6301,open
748343,6302,open
748438,6303,open
748530,6304,open
748621,6305,open
748712,6306,open
748803,6307,open
748897,6308,open
748987,6309,open
749077,6310,open
749168,6311,open
749258,6312,open
749349,6313,open
749440,6314,open
749531,6315,open
749626,6316,open
749717,6317,open
749807,6318,open
749898,6319,open
749988,6320,open
750078,6321,open
750169,6322,open
750259,6323,open
750372,6324,open
750462,6325,open
750557,6326,open
750650,6327,open
750741,6328,open
750832,6329,open
750942,6330,open
751032,6331,open
751124,6332,open
751214,6333,open
751310,6334,open
751401,6335,open
751492,6336,open
751588,6337,open
751680,6338,open
751774,6339,open
751868,6340,open
751959,6341,open
752050,6342,open
752141,6343,open
752232,6344,open
752324,6345,open
752422,6346,open
752514,6347,open
752605,6348,open
752697,6349,open
752788,6350,open
752878,6351,open
752971,6352,open
753070,6353,open
753169,6354,open
753260,6355,open
753351,6356,open
753442,6357,open
753533,6358,open
753624,6359,open
753734,6360,open
753825,6361,open
753916,6362,open
754007,6363,open
754101,6364,open
754193,6365,open
754284,6366,open
754385,6367,open
754477,6368,open
754568,6369,open
754659,6370,open
754750,6371,open
754843,6372,open
754935,6373,open
755041,6374,open
755133,6375,open
755225,6376,open
755316,6377,open
755407,6378,open
755500,6379,open
755591,6380,open
755682,6381,open
755779,6382,open
755870,6383,open
755961,6384,open
756060,6385,open
756151,6386,open
756242,6387,open
756334,6388,open
756424,6389,open
756537,6390,open
756627,6391,open
756717,6392,open
756808,6393,open
756902,6394,open
756999,6395,open
757090,6396,open
757181,6397,open
757272,6398,open
757363,6399,open
757453,6400,open
757544,6401,open
757635,6402,open
757728,6403,open
757824,6404,open
757916,6405,open
758007,6406,open
758108,6407,open
758199,6408,open
758290,6409,open
758382,6410,open
758473,6411,open
758564,6412,open
758658,6413,open
758749,6414,open
758839,6415,open
758930,6416,open
759021,6417,open
759118,6418,open
759209,6419,open
759319,6420,open
759416,6421,open
759506,6422,open
759597,6423,open
759696,6424,open
759787,6425,open
759878,6426,open
759969,6427,open
760060,6428,open
760150,6429,open
760241,6430,open
760340,6431,open
760440,6432,open
760531,6433,open
760622,6434,open
760717,6435,open
760809,6436,open
760900,6437,open
760993,6438,open
761089,6439,open
761180,6440,open
761278,6441,open
761593,6442,open
762176,6443,open
762744,6444,open
763313,6445,open
763885,6446,open
764959,6447,open
765521,6448,open
766037,6449,open
766151,6450,open
766241,6451,open
766331,6452,open
766423,6453,open
766513,6454,open
766603,6455,open
766699,6456,open
766789,6457,open
766879,6458,open
766971,6459,open
767062,6460,open
767156,6461,open
767247,6462,open
767338,6463,open
767435,6464,open
767527,6465,open
767618,6466,open
767717,6467,open
767808,6468,open
767899,6469,open
767990,6470,open
768087,6471,open
768177,6472,open
768267,6473,open
768357,6474,open
768447,6475,open
768537,6476,open
768627,6477,open
768717,6478,open
768813,6479,open
768919,6480,open
769010,6481,open
769096,6482,open
769411,6483,open
769849,6484,open
770163,6485,open
770476,6486,open
770785,6487,open
770939,6488,open
771027,6489,open
771114,6490,open
771203,6491,open
771299,6492,open
771386,6493,open
771473,6494,open
771565,6495,open
771650,6496,open
771735,6497,open
771820,6498,open
771905,6499,squint
771990,6500,squint
772093,6501,open
772172,6502,open
772256,6503,open
772342,6504,open
772427,6505,open
772512,6506,open
772597,6507,open
772682,6508,open
772767,6509,open
772869,6510,open
772961,6511,open
773047,6512,open
773131,6513,open
773213,6514,open
773299,6515,closed
773383,6516,closed
773484,6517,closed
773564,6518,closed
773651,6519,squint
773736,6520,squint
773823,6521,squint
773908,6522,squint
773993,6523,squint
774078,6524,squint
774164,6525,squint
774249,6526,squint
774335,6527,squint
774420,6528,squint
774505,6529,squint
774590,6530,squint
774675,6531,squint
774760,6532,squint
774845,6533,squint
774930,6534,squint
775026,6535,squint
775119,6536,squint
775208,6537,squint
775295,6538,squint
775381,6539,squint
775479,6540,squint
775569,6541,squint
775665,6542,squint
775756,6543,squint
775847,6544,squint
775938,6545,squint
776029,6546,squint
776126,6547,squint
776217,6548,squint
776316,6549,squint
776407,6550,open
776499,6551,open
776590,6552,open
776680,6553,open
776777,6554,open
776870,6555,open
776969,6556,open
777061,6557,open
777152,6558,open
777242,6559,open
777336,6560,open
777430,6561,open
777526,6562,open
777624,6563,open
777715,6564,open
777805,6565,open
777899,6566,open
777996,6567,open
778087,6568,open
778178,6569,open
778291,6570,open
778382,6571,open
778473,6572,open
778570,6573,open
778665,6574,open
778756,6575,squint
778862,6576,squint
778953,6577,squint
779057,6578,squint
779148,6579,squint
779245,6580,squint
779342,6581,open
779434,6582,open
779525,6583,open
779616,6584,open
779720,6585,open
779811,6586,open
779908,6587,open
779999,6588,open
780090,6589,open
780181,6590,open
780272,6591,open
780374,6592,open
780465,6593,open
780562,6594,open
780653,6595,open
780745,6596,open
780836,6597,open
780930,6598,open
781030,6599,open
781140,6600,open
781233,6601,open
781324,6602,open
781415,6603,open
781506,6604,squint
781597,6605,squint
781688,6606,squint
781794,6607,squint
781885,6608,squint
781977,6609,squint
782070,6610,squint
782163,6611,squint
782255,6612,squint
782356,6613,squint
782453,6614,squint
782545,6615,squint
782636,6616,squint
782727,6617,squint
782818,6618,squint
782910,6619,squint
783010,6620,squint
783109,6621,squint
783201,6622,squint
783292,6623,squint
783383,6624,squint
783474,6625,squint
783566,6626,squint
783671,6627,squint
783762,6628,squint
783853,6629,squint
783961,6630,squint
784054,6631,squint
784145,6632,squint
784239,6633,squint
784335,6634,squint
784425,6635,squint
784517,6636,squint
784608,6637,squint
784707,6638,squint
784798,6639,squint
784888,6640,squint
784984,6641,squint
785077,6642,squint
785168,6643,squint
785263,6644,closed
785354,6645,closed
785466,6646,closed
785560,6647,open
785651,6648,open
785742,6649,open
785833,6650,open
785924,6651,open
786015,6652,open
786106,6653,open
786211,6654,open
786302,6655,open
786402,6656,open
786492,6657,open
786588,6658,squint
786677,6659,squint
786786,6660,squint
786861,6661,squint
786963,6662,squint
787053,6663,squint
787144,6664,squint
787236,6665,squint
787329,6666,squint
787419,6667,squint
787514,6668,squint
787604,6669,squint
787694,6670,squint
787785,6671,squint
787892,6672,squint
787978,6673,squint
788072,6674,squint
788162,6675,squint
788258,6676,squint
788348,6677,squint
788438,6678,squint
788528,6679,squint
788651,6680,squint
788741,6681,squint
788831,6682,squint
788921,6683,squint
789017,6684,squint
789107,6685,squint
789206,6686,squint
789296,6687,squint
789385,6688,squint
789478,6689,squint
789587,6690,squint
789676,6691,squint
789766,6692,squint
789856,6693,squint
789946,6694,squint
790036,6695,squint
790126,6696,squint
790218,6697,squint
790312,6698,squint
790402,6699,squint
790492,6700,squint
790591,6701,squint
790681,6702,squint
790773,6703,squint
790863,6704,squint
790962,6705,squint
791052,6706,squint
791142,6707,squint
791252,6708,squint
791342,6709,squint
791432,6710,squint
791522,6711,squint
791617,6712,squint
791707,6713,squint
791797,6714,squint
791887,6715,squint
791977,6716,squint
792067,6717,squint
792159,6718,squint
792256,6719,squint
792365,6720,squint
792455,6721,squint
792546,6722,squint
792640,6723,squint
792731,6724,squint
792821,6725,squint
792917,6726,squint
793008,6727,squint
793099,6728,squint
793193,6729,squint
793283,6730,squint
793376,6731,squint
793466,6732,squint
793571,6733,squint
793661,6734,squint
793753,6735,squint
793843,6736,squint
793933,6737,squint
794023,6738,squint
794115,6739,squint
794205,6740,squint
794301,6741,squint
794393,6742,squint
794483,6743,squint
794574,6744,squint
794673,6745,squint
794763,6746,squint
794857,6747,squint
794948,6748,squint
795038,6749,squint
795144,6750,squint
795235,6751,squint
795325,6752,squint
795417,6753,squint
795514,6754,squint
795604,6755,squint
795701,6756,squint
795791,6757,squint
795883,6758,squint
795973,6759,squint
796078,6760,squint
796166,6761,squint
796263,6762,squint
796364,6763,squint
796454,6764,squint
796545,6765,squint
796637,6766,squint
796727,6767,squint
796817,6768,squint
796913,6769,squint
797004,6770,squint
797095,6771,squint
797187,6772,squint
827336,7095,squint
827427,7096,squint
827522,7097,squint
827613,7098,squint
827704,7099,squint
827795,7100,squint
827893,7101,squint
827997,7102,squint
828085,7103,squint
828175,7104,squint
828268,7105,squint
828360,7106,open
828496,7107,open
828586,7108,squint
828687,7109,squint
828780,7110,squint
828870,7111,squint
828963,7112,squint
829053,7113,squint
829149,7114,squint
829239,7115,squint
829329,7116,squint
829420,7117,squint
829510,7118,squint
829600,7119,squint
829694,7120,squint
829787,7121,squint
829883,7122,squint
829973,7123,squint
830063,7124,squint
830163,7125,squint
830254,7126,squint
830345,7127,squint
830441,7128,squint
830534,7129,squint
830639,7130,squint
830729,7131,squint
830820,7132,squint
830911,7133,squint
831014,7134,squint
831103,7135,squint
831193,7136,squint
831289,7137,squint
831379,7138,squint
831470,7139,squint
831575,7140,squint
831665,7141,squint
831758,7142,squint
831849,7143,squint
831950,7144,squint
832040,7145,squint
832130,7146,squint
832220,7147,squint
832310,7148,squint
832400,7149,squint
832490,7150,squint
832581,7151,squint
832677,7152,squint
832767,7153,squint
832857,7154,squint
832948,7155,squint
833040,7156,squint
833131,7157,squint
833221,7158,squint
833320,7159,squint
833414,7160,squint
833509,7161,squint
833600,7162,squint
833690,7163,squint
833781,7164,squint
833872,7165,squint
833964,7166,squint
834057,7167,squint
834147,7168,squint
834238,7169,squint
834353,7170,squint
834443,7171,squint
834538,7172,squint
834645,7173,squint
834734,7174,squint
834825,7175,squint
834915,7176,squint
835009,7177,squint
835099,7178,squint
835189,7179,squint
835279,7180,squint
835374,7181,squint
835465,7182,squint
835555,7183,squint
835647,7184,squint
835741,7185,squint
835831,7186,squint
835921,7187,squint
836025,7188,squint
836115,7189,squint
836205,7190,squint
836297,7191,squint
836387,7192,squint
836477,7193,squint
836568,7194,squint
836665,7195,squint
836759,7196,squint
836849,7197,squint
836939,7198,squint
837042,7199,squint
837153,7200,squint
837243,7201,squint
837333,7202,squint
837427,7203,squint
837519,7204,squint
837610,7205,squint
837700,7206,squint
837796,7207,squint
837893,7208,squint
837984,7209,squint
838075,7210,squint
838167,7211,squint
838258,7212,squint
838349,7213,squint
838440,7214,squint
838531,7215,squint
838624,7216,squint
838721,7217,squint
838820,7218,squint
838911,7219,squint
839002,7220,squint
839093,7221,squint
839184,7222,squint
839275,7223,squint
839383,7224,squint
839472,7225,squint
839568,7226,squint
839658,7227,squint
839748,7228,squint
839838,7229,squint
839951,7230,squint
840041,7231,squint
840131,7232,squint
840223,7233,squint
840313,7234,squint
840404,7235,squint
840495,7236,squint
840592,7237,squint
840683,7238,squint
840774,7239,squint
840865,7240,squint
840956,7241,squint
841047,7242,squint
841138,7243,squint
841229,7244,squint
841322,7245,squint
841419,7246,squint
841511,7247,squint
841602,7248,squint
841695,7249,squint
841786,7250,squint
841877,7251,squint
841983,7252,squint
842074,7253,squint
842165,7254,squint
842256,7255,squint
842348,7256,squint
842439,7257,squint
842530,7258,squint
842621,7259,squint
842735,7260,squint
842825,7261,squint
842918,7262,squint
843008,7263,squint
843102,7264,squint
843192,7265,squint
843300,7266,squint
843386,7267,squint
843480,7268,squint
843571,7269,squint
843661,7270,squint
843751,7271,squint
843843,7272,squint
843935,7273,squint
844030,7274,squint
844120,7275,squint
844210,7276,squint
844302,7277,squint
844392,7278,squint
844482,7279,squint
844581,7280,squint
844678,7281,squint
844770,7282,squint
844860,7283,squint
844950,7284,squint
845043,7285,squint
845133,7286,squint
845223,7287,squint
845313,7288,squint
845411,7289,squint
845518,7290,squint
845603,7291,squint
845693,7292,squint
845783,7293,squint
845878,7294,squint
845972,7295,squint
846063,7296,squint
846153,7297,squint
846258,7298,squint
846346,7299,squint
846436,7300,squint
846527,7301,squint
846621,7302,squint
846717,7303,squint
846808,7304,squint
846907,7305,squint
846998,7306,squint
847089,7307,squint
847180,7308,squint
847270,7309,squint
847376,7310,squint
847464,7311,squint
847591,7312,squint
847684,7313,squint
847774,7314,squint
847864,7315,squint
847954,7316,squint
848050,7317,squint
848140,7318,squint
848230,7319,squint
848337,7320,squint
848427,7321,squint
848517,7322,squint
848607,7323,squint
848704,7324,squint
848794,7325,squint
848884,7326,squint
848974,7327,squint
849065,7328,squint
849155,7329,squint
849257,7330,squint
849348,7331,squint
849445,7332,squint
849536,7333,squint
849626,7334,squint
849725,7335,squint
849813,7336,squint
849904,7337,squint
849994,7338,squint
850093,7339,squint
850183,7340,squint
850274,7341,squint
850366,7342,squint
850456,7343,squint
850547,7344,squint
850645,7345,squint
850742,7346,squint
850833,7347,squint
850924,7348,squint
851015,7349,squint
851124,7350,squint
851220,7351,squint
851311,7352,squint
851406,7353,squint
851497,7354,squint
851589,7355,squint
851682,7356,squint
851772,7357,squint
851863,7358,squint
851957,7359,squint
852062,7360,squint
852153,7361,squint
852244,7362,squint
852334,7363,squint
852425,7364,squint
852516,7365,squint
852607,7366,squint
852700,7367,squint
852796,7368,squint
852887,7369,squint
852986,7370,squint
853076,7371,squint
853168,7372,squint
853258,7373,squint
853351,7374,squint
853463,7375,squint
853552,7376,squint
853647,7377,squint
853737,7378,squint
853827,7379,squint
853947,7380,squint
854037,7381,squint
854127,7382,open
854217,7383,open
854311,7384,open
854401,7385,open
854491,7386,open
854581,7387,open
854680,7388,open
854770,7389,open
854860,7390,open
854950,7391,open
855040,7392,open
855130,7393,open
855220,7394,open
855318,7395,open
855415,7396,open
855505,7397,open
855596,7398,open
855685,7399,open
855775,7400,open
855868,7401,open
855959,7402,open
856055,7403,open
856145,7404,open
856248,7405,open
856348,7406,open
856438,7407,open
856531,7408,open
856628,7409,open
856732,7410,open
856822,7411,open
856912,7412,open
857003,7413,open
857101,7414,open
857192,7415,open
857291,7416,open
857382,7417,open
857472,7418,open
857563,7419,open
857663,7420,open
857752,7421,open
857849,7422,open
857940,7423,open
858045,7424,open
858136,7425,open
858227,7426,open
858317,7427,open
858408,7428,open
858500,7429,open
858591,7430,open
858688,7431,open
858778,7432,open
858868,7433,open
858959,7434,open
859049,7435,open
859139,7436,open
859229,7437,open
859325,7438,open
859416,7439,open
859526,7440,open
859616,7441,open
859707,7442,open
859797,7443,open
859897,7444,open
859988,7445,open
860079,7446,open
860169,7447,open
860259,7448,open
860350,7449,open
860441,7450,open
860532,7451,open
860623,7452,open
860720,7453,open
860811,7454,open
860901,7455,open
860992,7456,open
861083,7457,open
861174,7458,open
861266,7459,open
861371,7460,open
861462,7461,open
861553,7462,open
861644,7463,open
861732,7464,open
861822,7465,open
861915,7466,open
862012,7467,open
862102,7468,open
862192,7469,open
862300,7470,open
862390,7471,open
862480,7472,open
862570,7473,open
862670,7474,open
862760,7475,open
862850,7476,open
862940,7477,open
863030,7478,open
863120,7479,open
863210,7480,open
863300,7481,open
863390,7482,open
863487,7483,open
863586,7484,open
863677,7485,open
863768,7486,open
863858,7487,open
863948,7488,open
864048,7489,open
864138,7490,open
864228,7491,open
864318,7492,open
864408,7493,open
864499,7494,open
864589,7495,open
864680,7496,open
864778,7497,open
864868,7498,open
864958,7499,open
865068,7500,open
865158,7501,open
865248,7502,open
865345,7503,open
865441,7504,open
865532,7505,open
865622,7506,open
865713,7507,open
865807,7508,open
865898,7509,open
865988,7510,open
866085,7511,open
866176,7512,open
866275,7513,open
866365,7514,open
866456,7515,open
866547,7516,open
866638,7517,open
866732,7518,open
866824,7519,open
866944,7520,open
867034,7521,open
867124,7522,open
867214,7523,open
867304,7524,open
867410,7525,open
867500,7526,open
867590,7527,open
867681,7528,open
867774,7529,open
867884,7530,open
867982,7531,open
868072,7532,open
868163,7533,open
868259,7534,open
868349,7535,open
868439,7536,open
868530,7537,open
868620,7538,open
868717,7539,open
868808,7540,open
868899,7541,open
868989,7542,open
869088,7543,open
869178,7544,open
869268,7545,open
869361,7546,open
869457,7547,open
869548,7548,open
869640,7549,open
869731,7550,open
869821,7551,open
869912,7552,open
870002,7553,open
870099,7554,open
870189,7555,open
870279,7556,open
870369,7557,open
870459,7558,open
870558,7559,open
870670,7560,open
870760,7561,open
870851,7562,open
870942,7563,open
871034,7564,open
871124,7565,open
871217,7566,open
871307,7567,open
871403,7568,open
871493,7569,open
871583,7570,open
871681,7571,open
871773,7572,open
871864,7573,open
871957,7574,open
872055,7575,open
872146,7576,open
872238,7577,open
872329,7578,open
872428,7579,open
872519,7580,open
872627,7581,open
872714,7582,open
872804,7583,open
872895,7584,open
872990,7585,open
873081,7586,open
873180,7587,open
873277,7588,open
873368,7589,open
873486,7590,open
873577,7591,open
873672,7592,open
873764,7593,open
873860,7594,open
873950,7595,open
874044,7596,open
874135,7597,open
874245,7598,open
874334,7599,open
874427,7600,open
874523,7601,open
874613,7602,open
874703,7603,open
874794,7604,open
874885,7605,open
874975,7606,open
875081,7607,open
875186,7608,open
875276,7609,open
875370,7610,open
875460,7611,open
875550,7612,open
875640,7613,open
875730,7614,open
875828,7615,open
875919,7616,open
876010,7617,open
876105,7618,open
876198,7619,open
876315,7620,open
876408,7621,open
876509,7622,open
876591,7623,open
876678,7624,open
876772,7625,open
876859,7626,open
876946,7627,open
877033,7628,open
877129,7629,open
877216,7630,open
877303,7631,open
877390,7632,open
877484,7633,open
877571,7634,open
877656,7635,open
877742,7636,open
877836,7637,open
877922,7638,open
878007,7639,open
878117,7640,open
878205,7641,open
878292,7642,open
878379,7643,open
878475,7644,open
878571,7645,open
878658,7646,open
878745,7647,open
878838,7648,open
878935,7649,open
879038,7650,open
879128,7651,open
879215,7652,open
879302,7653,open
879403,7654,open
879491,7655,open
879578,7656,open
879663,7657,open
879748,7658,open
879835,7659,open
879920,7660,open
880005,7661,open
880090,7662,open
880178,7663,open
880272,7664,open
880358,7665,open
880444,7666,closed
880529,7667,open
880614,7668,open
880699,7669,open
880785,7670,open
880872,7671,open
880957,7672,open
881042,7673,open
881128,7674,open
881227,7675,open
881314,7676,open
881400,7677,open
881486,7678,open
881571,7679,open
881670,7680,open
881764,7681,open
881856,7682,open
881947,7683,open
882046,7684,open
882140,7685,open
882231,7686,open
882322,7687,open
882413,7688,open
882504,7689,open
882595,7690,open
882686,7691,open
882779,7692,open
882876,7693,open
882967,7694,open
883058,7695,open
883149,7696,open
883242,7697,open
883333,7698,open
883436,7699,open
883528,7700,open
883622,7701,open
883713,7702,open
883803,7703,open
883894,7704,open
883988,7705,open
884078,7706,open
884169,7707,open
884263,7708,open
884353,7709,open
884471,7710,open
884556,7711,open
884652,7712,open
884742,7713,open
884836,7714,open
884926,7715,open
885016,7716,open
885108,7717,open
885198,7718,open
885288,7719,open
885378,7720,open
885469,7721,open
885566,7722,open
885656,7723,open
885746,7724,open
885837,7725,open
885931,7726,open
886022,7727,open
886125,7728,open
886222,7729,open
886312,7730,open
886407,7731,open
886497,7732,open
886588,7733,open
886678,7734,open
886769,7735,open
886865,7736,open
886956,7737,open
887047,7738,open
887138,7739,open
887249,7740,open
887341,7741,open
887435,7742,open
887529,7743,open
887620,7744,open
887711,7745,open
887802,7746,open
887894,7747,open
887985,7748,open
888076,7749,open
888172,7750,open
888279,7751,open
888370,7752,open
888461,7753,open
888552,7754,open
888642,7755,open
888733,7756,open
888823,7757,open
888919,7758,open
889009,7759,open
889131,7760,open
889221,7761,open
889311,7762,open
889422,7763,open
889517,7764,open
889607,7765,open
889698,7766,open
889788,7767,open
889879,7768,open
889965,7769,open
890079,7770,open
890166,7771,open
890257,7772,open
890347,7773,open
890438,7774,open
890528,7775,open
890618,7776,open
890720,7777,open
890813,7778,open
890905,7779,open
891004,7780,open
891108,7781,open
891197,7782,open
891287,7783,open
891384,7784,open
891475,7785,open
891569,7786,open
891672,7787,open
891759,7788,open
891858,7789,open
891950,7790,open
892041,7791,open
892131,7792,open
892224,7793,open
892314,7794,open
892405,7795,open
892497,7796,open
892588,7797,open
892684,7798,open
892775,7799,open
892887,7800,open
892977,7801,open
893067,7802,open
893164,7803,open
893258,7804,open
893349,7805,open
893439,7806,open
893530,7807,open
893621,7808,open
893712,7809,open
893802,7810,open
893919,7811,open
894010,7812,open
894101,7813,open
894192,7814,open
894284,7815,open
894375,7816,open
894466,7817,open
894557,7818,open
894652,7819,open
894743,7820,open
894842,7821,open
894933,7822,open
895024,7823,open
895115,7824,open
895210,7825,open
895302,7826,open
895393,7827,open
895483,7828,open
895574,7829,open
895684,7830,open
895780,7831,open
895878,7832,open
895965,7833,open
896056,7834,open
896146,7835,open
896236,7836,open
896327,7837,open
896418,7838,open
896515,7839,open
896605,7840,open
896704,7841,open
896795,7842,open
896885,7843,open
896976,7844,open
897067,7845,open
897161,7846,open
897251,7847,open
897341,7848,open
897432,7849,open
897523,7850,open
897622,7851,open
897713,7852,open
897810,7853,open
897901,7854,open
897993,7855,open
898085,7856,open
898176,7857,open
898267,7858,open
898376,7859,open
898486,7860,open
898574,7861,open
898663,7862,open
898750,7863,open
898847,7864,open
898935,7865,open
899025,7866,open
899110,7867,open
899210,7868,open
899306,7869,open
899393,7870,open
899490,7871,open
899574,7872,open
899662,7873,open
899747,7874,open
899830,7875,open
899916,7876,open
900011,7877,open
900098,7878,open
900183,7879,open
900270,7880,open
900355,7881,open
900442,7882,open
900528,7883,open
900614,7884,open
900700,7885,open
900794,7886,open
900880,7887,open
900966,7888,open
901055,7889,open
901154,7890,squint
901248,7891,squint
901334,7892,squint
901419,7893,squint
901505,7894,squint
901591,7895,squint
901676,7896,open
901762,7897,open
901849,7898,open
901945,7899,open
902032,7900,open
902118,7901,open
902206,7902,open
902292,7903,open
902378,7904,open
902463,7905,open
902555,7906,open
902641,7907,open
902735,7908,open
902821,7909,open
902907,7910,open
902993,7911,open
903080,7912,open
903166,7913,open
903253,7914,open
903351,7915,open
903444,7916,open
903530,7917,open
903615,7918,open
903702,7919,open
903820,7920,open
903919,7921,open
904006,7922,open
904099,7923,open
904190,7924,open
904282,7925,open
904375,7926,open
904466,7927,open
904569,7928,open
904668,7929,open
904759,7930,open
904850,7931,open
904941,7932,open
905032,7933,open
905123,7934,open
905214,7935,open
905313,7936,open
905412,7937,open
905503,7938,open
905594,7939,open
905685,7940,open
905776,7941,open
905868,7942,open
905962,7943,open
906054,7944,open
906157,7945,open
906250,7946,open
906341,7947,open
906431,7948,open
906528,7949,open
906633,7950,open
906725,7951,open
906816,7952,open
906907,7953,open
906997,7954,open
907087,7955,open
907184,7956,open
907275,7957,open
907367,7958,open
907458,7959,open
907558,7960,open
907649,7961,open
907740,7962,open
907837,7963,open
907942,7964,open
908029,7965,open
908120,7966,open
908211,7967,open
908310,7968,open
908407,7969,open
908498,7970,open
908589,7971,open
908681,7972,open
908772,7973,open
908863,7974,open
908966,7975,open
909060,7976,open
909163,7977,open
909254,7978,open
909345,7979,open
909451,7980,open
909542,7981,open
909639,7982,open
909730,7983,open
909823,7984,open
909914,7985,open
910005,7986,open
910096,7987,open
910190,7988,open
910298,7989,open
910420,7990,open
910511,7991,open
910601,7992,open
910691,7993,open
910781,7994,open
910871,7995,open
910961,7996,open
911077,7997,squint
911165,7998,squint
911255,7999,squint
911345,8000,squint
911435,8001,closed
911526,8002,squint
911615,8003,squint
911708,8004,squint
911798,8005,squint
911888,8006,squint
911978,8007,squint
912069,8008,squint
912162,8009,squint
912276,8010,closed
912360,8011,squint
912445,8012,squint
912544,8013,squint
912639,8014,squint
912730,8015,squint
912823,8016,squint
912914,8017,squint
913008,8018,squint
913099,8019,squint
913189,8020,squint
913279,8021,squint
913369,8022,squint
913459,8023,squint
913552,8024,squint
913642,8025,squint
913737,8026,squint
913828,8027,open
913918,8028,open
914010,8029,open
914101,8030,open
914200,8031,open
914288,8032,open
914384,8033,open
914479,8034,open
914580,8035,open
914670,8036,open
914760,8037,open
914850,8038,open
914940,8039,open
915050,8040,open
915140,8041,open
915230,8042,open
915322,8043,open
915416,8044,open
915506,8045,open
915596,8046,open
915693,8047,open
915784,8048,open
915875,8049,open
915965,8050,open
916056,8051,open
916148,8052,open
916238,8053,open
916328,8054,open
916434,8055,open
916525,8056,open
916616,8057,open
916707,8058,open
916806,8059,open
916899,8060,open
916993,8061,open
917084,8062,open
917178,8063,open
917270,8064,open
917360,8065,open
917450,8066,open
917548,8067,open
917638,8068,open
917732,8069,open
917836,8070,open
917926,8071,open
918016,8072,open
918107,8073,open
918202,8074,open
918294,8075,open
918387,8076,open
918477,8077,open
918569,8078,open
918659,8079,open
918749,8080,open
918839,8081,open
918938,8082,open
919034,8083,open
919124,8084,open
919215,8085,open
919305,8086,open
919395,8087,open
919485,8088,open
919577,8089,open
919672,8090,open
919762,8091,open
919852,8092,open
919942,8093,open
920033,8094,open
920125,8095,open
920216,8096,open
920314,8097,open
920413,8098,open
920504,8099,open
920611,8100,open
920701,8101,open
920794,8102,open
920890,8103,open
920986,8104,open
921076,8105,open
921167,8106,open
921258,8107,open
921357,8108,open
921448,8109,open
921539,8110,open
921635,8111,open
921731,8112,open
921822,8113,open
921921,8114,open
922012,8115,open
922103,8116,open
922195,8117,open
922292,8118,open
922388,8119,open
922479,8120,open
922572,8121,open
922670,8122,open
922760,8123,open
922851,8124,open
922957,8125,open
923060,8126,open
923149,8127,open
923240,8128,open
923333,8129,open
923448,8130,open
923547,8131,open
923633,8132,open
923727,8133,open
923822,8134,open
923913,8135,open
924004,8136,open
924095,8137,open
924193,8138,open
924284,8139,open
924383,8140,open
924471,8141,open
924570,8142,open
924660,8143,open
924750,8144,open
924847,8145,open
924938,8146,open
925028,8147,open
925118,8148,open
925210,8149,open
925300,8150,open
925390,8151,open
925496,8152,open
925587,8153,open
925677,8154,open
925767,8155,open
925858,8156,open
925948,8157,open
926038,8158,open
926134,8159,open
926246,8160,open
926336,8161,open
926423,8162,open
926512,8163,open
926599,8164,open
926686,8165,open
926774,8166,open
926872,8167,open
926959,8168,open
927046,8169,open
927133,8170,open
927246,8171,open
927333,8172,open
927420,8173,open
927511,8174,open
927597,8175,open
927683,8176,open
927769,8177,open
927855,8178,open
927940,8179,open
928025,8180,open
928110,8181,open
928206,8182,open
928292,8183,open
928377,8184,open
928465,8185,open
928551,8186,open
928635,8187,open
928719,8188,open
928803,8189,open
928907,8190,open
928997,8191,open
929091,8192,open
929182,8193,open
929273,8194,open
929364,8195,open
929455,8196,open
929546,8197,open
929638,8198,open
929735,8199,open
929826,8200,open
929925,8201,open
930027,8202,open
930116,8203,open
930207,8204,open
930306,8205,open
930397,8206,open
930491,8207,open
930582,8208,open
930673,8209,open
930764,8210,open
930865,8211,open
930962,8212,open
931053,8213,open
931175,8214,open
931265,8215,open
931367,8216,open
931455,8217,open
931549,8218,open
931645,8219,open
931752,8220,open
931845,8221,open
931936,8222,open
932026,8223,open
932116,8224,open
932212,8225,open
932302,8226,open
932392,8227,open
932482,8228,squint
932576,8229,squint
932666,8230,squint
932756,8231,squint
932859,8232,squint
932951,8233,squint
933041,8234,open
933135,8235,open
933226,8236,open
933317,8237,open
933407,8238,open
933498,8239,open
933592,8240,open
933683,8241,open
933782,8242,open
933872,8243,open
933962,8244,open
934072,8245,open
934177,8246,open
934275,8247,open
934366,8248,open
934456,8249,open
934569,8250,open
934660,8251,open
934753,8252,open
934852,8253,open
934946,8254,open
935037,8255,open
935127,8256,open
935217,8257,open
935307,8258,open
935397,8259,open
935487,8260,open
935577,8261,open
935681,8262,open
935771,8263,open
935861,8264,open
935952,8265,open
936042,8266,open
936132,8267,open
936222,8268,open
936320,8269,open
936411,8270,open
936502,8271,open
936592,8272,open
936695,8273,open
936786,8274,open
936882,8275,open
936973,8276,open
937075,8277,open
937163,8278,open
937253,8279,open
937362,8280,open
937455,8281,open
937546,8282,open
937637,8283,open
937728,8284,open
937819,8285,open
937910,8286,open
938000,8287,open
938090,8288,open
938187,8289,open
938277,8290,open
938367,8291,open
938465,8292,open
938555,8293,open
938645,8294,open
938737,8295,open
938828,8296,open
938924,8297,open
939014,8298,open
939104,8299,open
939194,8300,open
939292,8301,open
939382,8302,open
939474,8303,open
939567,8304,open
939669,8305,open
939757,8306,open
939847,8307,open
939937,8308,open
940030,8309,open
940147,8310,open
940237,8311,open
940329,8312,open
940420,8313,open
940511,8314,open
940610,8315,open
940703,8316,open
940799,8317,open
940889,8318,open
940980,8319,open
941071,8320,open
941187,8321,open
941277,8322,open
941369,8323,open
941460,8324,open
941551,8325,open
941642,8326,open
941732,8327,open
941822,8328,open
941913,8329,open
942022,8330,open
942119,8331,open
942209,8332,open
942301,8333,open
942392,8334,open
942484,8335,open
942576,8336,squint
942671,8337,squint
942761,8338,squint
942851,8339,squint
942962,8340,squint
943053,8341,squint
943144,8342,open
943241,8343,open
943332,8344,open
943423,8345,open
943514,8346,open
943604,8347,open
943697,8348,open
943787,8349,open
943878,8350,open
943970,8351,open
944066,8352,open
944157,8353,open
944256,8354,open
944348,8355,open
944439,8356,open
944530,8357,open
944626,8358,open
944716,8359,open
944806,8360,open
944896,8361,open
944986,8362,open
945076,8363,open
945166,8364,open
945256,8365,open
945355,8366,open
945445,8367,open
945535,8368,open
945625,8369,open
945732,8370,open
945824,8371,open
945924,8372,open
946014,8373,open
946104,8374,open
946194,8375,open
946284,8376,open
946382,8377,open
946475,8378,open
946565,8379,open
946663,8380,open
946754,8381,open
946846,8382,open
946936,8383,open
947038,8384,open
947126,8385,open
947216,8386,open
947307,8387,open
947408,8388,open
947506,8389,open
947596,8390,open
947686,8391,open
947776,8392,open
947866,8393,open
947956,8394,open
948053,8395,open
948144,8396,open
948234,8397,open
948325,8398,open
948415,8399,open
948530,8400,open
948624,8401,open
948718,8402,open
948808,8403,open
948898,8404,open
948988,8405,open
949078,8406,open
949168,8407,open
949258,8408,open
949349,8409,open
949443,8410,open
949535,8411,open
949625,8412,open
949718,8413,open
949811,8414,open
949901,8415,open
949991,8416,open
950095,8417,open
950185,8418,open
950314,8419,open
950402,8420,open
950496,8421,open
950588,8422,open
950689,8423,open
950777,8424,open
950870,8425,open
950967,8426,open
951056,8427,open
951146,8428,open
951236,8429,open
951343,8430,open
951433,8431,open
951531,8432,open
951621,8433,open
951711,8434,open
951801,8435,open
951891,8436,open
951981,8437,open
952072,8438,open
952162,8439,open
952252,8440,open
952350,8441,open
952440,8442,open
952530,8443,open
952620,8444,open
952710,8445,open
952801,8446,open
952891,8447,open
952982,8448,open
953078,8449,open
953176,8450,open
953266,8451,open
953356,8452,open
953446,8453,open
953537,8454,open
953627,8455,open
953724,8456,open
953814,8457,open
953904,8458,open
953994,8459,open
954103,8460,open
954193,8461,open
954289,8462,open
954381,8463,open
954472,8464,open
954563,8465,open
954653,8466,open
954744,8467,open
954836,8468,open
954927,8469,open
955023,8470,open
955113,8471,open
955203,8472,open
955293,8473,open
955384,8474,open
955486,8475,open
955576,8476,open
955669,8477,open
955764,8478,open
955855,8479,open
955946,8480,open
956037,8481,open
956131,8482,open
956222,8483,open
956313,8484,open
956411,8485,open
956511,8486,open
956602,8487,open
956708,8488,open
956799,8489,open
956912,8490,open
957003,8491,open
957095,8492,open
957186,8493,open
957277,8494,open
957370,8495,open
957461,8496,open
957551,8497,open
957649,8498,open
957740,8499,open
957831,8500,open
957922,8501,open
958021,8502,open
958111,8503,open
958201,8504,open
958292,8505,open
958389,8506,open
958480,8507,open
958570,8508,open
958661,8509,open
958760,8510,open
958851,8511,open
958954,8512,open
959045,8513,open
959136,8514,open
959227,8515,open
959318,8516,open
959409,8517,open
959501,8518,open
959592,8519,open
959707,8520,open
959800,8521,open
959888,8522,open
959976,8523,open
960085,8524,open
960177,8525,open
960265,8526,open
960992,8527,open
961661,8528,open
961870,8529,open
961966,8530,open
962054,8531,open
962145,8532,open
962232,8533,open
962320,8534,open
962406,8535,open
962492,8536,open
962579,8537,open
962664,8538,open
962750,8539,open
962845,8540,open
962930,8541,open
963017,8542,open
963103,8543,open
963188,8544,open
963273,8545,open
963358,8546,open
963444,8547,open
963530,8548,open
963627,8549,open
963725,8550,open
963817,8551,open
963902,8552,open
963987,8553,open
964075,8554,open
964160,8555,open
964245,8556,open
964330,8557,open
964628,8558,open
964928,8559,open
965231,8560,open
965545,8561,closed
966841,8562,open
967141,8563,open
967456,8564,open
967824,8565,open
967909,8566,open
967994,8567,open
968079,8568,open
968165,8569,open
968250,8570,open
968335,8571,open
968421,8572,open
968507,8573,open
968601,8574,open
968686,8575,open
968781,8576,open
968866,8577,open
968951,8578,open
969036,8579,open
969145,8580,open
969242,8581,open
969333,8582,open
969423,8583,open
969515,8584,open
969606,8585,open
969698,8586,open
969789,8587,open
969881,8588,open
969978,8589,open
970069,8590,open
970160,8591,open
970251,8592,open
970344,8593,open
970437,8594,open
970537,8595,open
970628,8596,open
970725,8597,open
970817,8598,open
970908,8599,open
971000,8600,open
971087,8601,open
971179,8602,open
971270,8603,open
971368,8604,open
971467,8605,open
971558,8606,open
971649,8607,open
971740,8608,open
971830,8609,open
971944,8610,open
972035,8611,open
972126,8612,open
972222,8613,open
972314,8614,open
972405,8615,open
972496,8616,open
972587,8617,open
972684,8618,open
972783,8619,open
972874,8620,open
972965,8621,open
973056,8622,open
973147,8623,open
973237,8624,open
973328,8625,open
973422,8626,open
973515,8627,open
973606,8628,open
973698,8629,open
973789,8630,open
973888,8631,open
973985,8632,open
974076,8633,open
974167,8634,open
974258,8635,open
974349,8636,open
974440,8637,open
974532,8638,open
974637,8639,open
974741,8640,open
974832,8641,open
974927,8642,open
975019,8643,open
975109,8644,open
975200,8645,open
975298,8646,open
975397,8647,open
975488,8648,open
975579,8649,open
975670,8650,open
975761,8651,open
975852,8652,open
975947,8653,open
976047,8654,open
976139,8655,open
976230,8656,open
976321,8657,open
976412,8658,open
976504,8659,open
976642,8660,open
976733,8661,open
976823,8662,open
976913,8663,open
977006,8664,open
977102,8665,open
977199,8666,open
977303,8667,open
977396,8668,open
977490,8669,open
977593,8670,open
977683,8671,open
977770,8672,open
977861,8673,open
977949,8674,open
978036,8675,open
978121,8676,open
978206,8677,open
978299,8678,open
978384,8679,open
978469,8680,open
978556,8681,open
978640,8682,open
978725,8683,open
978810,8684,open
978895,8685,open
978988,8686,open
979073,8687,open
979158,8688,open
979244,8689,open
979329,8690,open
979414,8691,open
979500,8692,open
979585,8693,open
979678,8694,open
979763,8695,open
979848,8696,open
979937,8697,open
980022,8698,open
980107,8699,open
980206,8700,open
980297,8701,open
980386,8702,open
980472,8703,open
980559,8704,open
980644,8705,open
980730,8706,open
980815,8707,open
980902,8708,open
980987,8709,open
981083,8710,open
981169,8711,open
981255,8712,open
981342,8713,open
981427,8714,open
981516,8715,open
981602,8716,open
981688,8717,open
981773,8718,open
981860,8719,open
981954,8720,open
982041,8721,open
982127,8722,open
982214,8723,open
982300,8724,open
982385,8725,open
982470,8726,open
982555,8727,open
982641,8728,open
982727,8729,open
982825,8730,open
982923,8731,open
983013,8732,open
983103,8733,open
983196,8734,open
983286,8735,open
983376,8736,open
983467,8737,open
983558,8738,open
983648,8739,open
983745,8740,open
983836,8741,open
983928,8742,open
984018,8743,open
984116,8744,open
984206,8745,open
984296,8746,open
984391,8747,open
984482,8748,open
984576,8749,open
984667,8750,open
984757,8751,open
984847,8752,open
984937,8753,open
985027,8754,open
985125,8755,open
985216,8756,open
985308,8757,open
985402,8758,open
985492,8759,open
985609,8760,open
985704,8761,open
985795,8762,open
985886,8763,open
985977,8764,open
986068,8765,open
986159,8766,open
986249,8767,open
986339,8768,open
986436,8769,open
986527,8770,open
986618,8771,open
986709,8772,open
986799,8773,open
986890,8774,open
986981,8775,open
987073,8776,open
987178,8777,open
987268,8778,open
987358,8779,open
987448,8780,open
987538,8781,open
987628,8782,open
987718,8783,open
987815,8784,open
987907,8785,open
987996,8786,open
988086,8787,open
988176,8788,open
988266,8789,open
988377,8790,open
988468,8791,open
988561,8792,open
988651,8793,open
988741,8794,open
988831,8795,open
988921,8796,open
989011,8797,open
989103,8798,open
989195,8799,open
989285,8800,open
989376,8801,open
989466,8802,open
989557,8803,open
989647,8804,closed
989739,8805,open
989836,8806,open
989927,8807,open
990018,8808,open
990109,8809,open
990199,8810,open
990290,8811,open
990380,8812,open
990470,8813,open
990568,8814,open
990658,8815,open
990749,8816,open
990839,8817,open
990930,8818,open
991020,8819,open
991137,8820,open
991228,8821,open
991314,8822,open
991401,8823,open
991487,8824,open
991574,8825,open
991659,8826,open
991744,8827,open
991828,8828,open
991912,8829,open
991996,8830,open
992083,8831,open
992167,8832,open
992251,8833,open
992335,8834,open
992421,8835,open
992506,8836,open
992591,8837,open
992675,8838,open
992760,8839,open
992845,8840,open
992930,8841,open
993014,8842,open
993099,8843,open
993193,8844,open
993282,8845,open
993366,8846,open
993450,8847,open
993535,8848,open
993619,8849,open
993719,8850,open
993810,8851,open
993901,8852,open
993993,8853,open
994084,8854,open
994175,8855,open
994272,8856,open
994364,8857,open
994457,8858,open
994548,8859,open
994639,8860,open
994730,8861,open
994821,8862,open
994912,8863,open
995003,8864,open
995101,8865,open
995195,8866,open
995292,8867,open
995383,8868,open
995476,8869,open
995566,8870,open
995671,8871,open
995761,8872,open
995851,8873,open
995941,8874,open
996031,8875,open
996121,8876,open
996211,8877,open
996301,8878,open
996398,8879,open
996504,8880,open
996594,8881,open
996684,8882,open
996774,8883,open
996866,8884,open
996956,8885,open
997052,8886,open
997142,8887,open
997233,8888,open
997324,8889,open
997414,8890,open
997505,8891,open
997596,8892,open
997686,8893,open
997785,8894,open
997877,8895,open
997979,8896,open
998069,8897,open
998159,8898,open
998249,8899,open
998338,8900,open
998434,8901,open
998525,8902,open
998614,8903,open
998704,8904,open
998794,8905,open
998887,8906,open
998980,8907,open
999070,8908,open
999166,8909,open
999274,8910,open
999364,8911,open
999454,8912,open
999545,8913,open
999640,8914,open
999730,8915,open
999827,8916,open
999917,8917,open
1000007,8918,open
1000097,8919,open
1000187,8920,open
1000279,8921,open
1000369,8922,open
1000459,8923,open
1000556,8924,open
1000646,8925,open
1000736,8926,open
1000826,8927,open
1000916,8928,open
1001006,8929,open
1001097,8930,open
1001187,8931,open
1001283,8932,open
1001382,8933,open
1001473,8934,open
1001563,8935,open
1001654,8936,open
1001744,8937,open
1001839,8938,closed
1001928,8939,open
1002030,8940,open
1002121,8941,open
1002213,8942,open
1002306,8943,open
1002396,8944,open
1002490,8945,open
1002580,8946,open
1002670,8947,open
1002760,8948,open
1002850,8949,open
1002940,8950,open
1003032,8951,open
1003123,8952,open
1003213,8953,open
1003311,8954,open
1003404,8955,open
1003495,8956,open
1003589,8957,open
1003679,8958,open
1003770,8959,open
1003860,8960,open
1003954,8961,open
1004045,8962,open
1004143,8963,open
1004233,8964,open
1004325,8965,open
1004415,8966,open
1004506,8967,open
1004602,8968,open
1004692,8969,open
1004796,8970,open
1004886,8971,open
1004977,8972,open
1005069,8973,open
1005159,8974,open
1005256,8975,open
1005348,8976,open
1005439,8977,open
1005529,8978,open
1005619,8979,open
1005709,8980,open
1005801,8981,open
1005891,8982,open
1005988,8983,open
1006078,8984,open
1006168,8985,open
1006258,8986,open
1006349,8987,open
1006439,8988,open
1006531,8989,open
1006636,8990,open
1006726,8991,open
1006816,8992,open
1006906,8993,open
1006996,8994,open
1007096,8995,open
1007187,8996,open
1007282,8997,open
1007373,8998,open
1007464,8999,open
1007569,9000,open
1007660,9001,open
1007754,9002,open
1007841,9003,open
1007928,9004,open
1008016,9005,open
1008107,9006,open
1008194,9007,open
1008280,9008,open
1008365,9009,open
1008455,9010,open
1008540,9011,open
1008625,9012,open
1008710,9013,open
1008796,9014,open
1008883,9015,open
1008968,9016,open
1009053,9017,open
1009139,9018,open
1009224,9019,open
1009309,9020,open
1009402,9021,open
1009502,9022,open
1009589,9023,open
1009674,9024,open
1009762,9025,open
1009847,9026,open
1009932,9027,open
1010017,9028,open
1010103,9029,open
1010207,9030,open
1010297,9031,open
1010387,9032,open
1010480,9033,open
1010570,9034,open
1010660,9035,open
1010750,9036,open
1010840,9037,open
1010940,9038,open
1011030,9039,open
1011120,9040,open
1011210,9041,open
1011300,9042,open
1011391,9043,open
1011494,9044,open
1011588,9045,open
1011679,9046,open
1011771,9047,open
1011861,9048,open
1011951,9049,open
1012041,9050,open
1012131,9051,open
1012235,9052,open
1012326,9053,open
1012417,9054,open
1012508,9055,open
1012605,9056,open
1012696,9057,open
1012786,9058,open
1012884,9059,open
1012992,9060,open
1013083,9061,open
1013174,9062,open
1013269,9063,open
1013362,9064,open
1013463,9065,open
1013554,9066,open
1013649,9067,open
1013740,9068,open
1013831,9069,open
1013922,9070,open
1014013,9071,open
1014104,9072,open
1014195,9073,open
1014292,9074,open
1014392,9075,open
1014483,9076,open
1014574,9077,open
1014669,9078,open
1014760,9079,open
1014851,9080,open
1014948,9081,open
1015039,9082,open
1015129,9083,open
1015220,9084,open
1015311,9085,open
1015403,9086,open
1015494,9087,open
1015591,9088,open
1015682,9089,open
1015796,9090,open
1015887,9091,open
1015978,9092,open
1016071,9093,open
1016163,9094,open
1016261,9095,open
1016352,9096,open
1016443,9097,open
1016534,9098,open
1016625,9099,open
1016716,9100,open
1016807,9101,open
1016898,9102,open
1016994,9103,open
1017093,9104,open
1017184,9105,open
1017275,9106,open
1017365,9107,open
1017460,9108,open
1017551,9109,open
1017647,9110,open
1017737,9111,open
1017830,9112,open
1017921,9113,open
1018012,9114,open
1018103,9115,open
1018194,9116,open
1018290,9117,open
1018389,9118,open
1018480,9119,open
1018590,9120,open
1018681,9121,open
1018771,9122,open
1018871,9123,open
1018962,9124,open
1019053,9125,open
1019144,9126,open
1019235,9127,open
1019326,9128,open
1019418,9129,open
1019505,9130,open
1019614,9131,open
1019705,9132,open
1019796,9133,open
1019886,9134,open
1019978,9135,open
1020069,9136,open
1020160,9137,open
1020251,9138,open
1020346,9139,open
1020437,9140,open
1020528,9141,open
1020619,9142,open
1020711,9143,open
1020802,9144,open
1020893,9145,open
1020990,9146,open
1021081,9147,open
1021180,9148,open
1021271,9149,open
1021375,9150,open
1021469,9151,open
1021566,9152,open
1021661,9153,open
1021751,9154,open
1021842,9155,open
1021932,9156,open
1022022,9157,open
1022112,9158,open
1022202,9159,open
1022292,9160,open
1022417,9161,open
1022509,9162,open
1022599,9163,open
1022689,9164,open
1022780,9165,open
1022870,9166,open
1022960,9167,open
1023053,9168,open
1023149,9169,open
1023239,9170,open
1023329,9171,open
1023418,9172,open
1023509,9173,open
1023607,9174,open
1023703,9175,open
1023797,9176,open
1023887,9177,open
1023977,9178,open
1024068,9179,open
1024171,9180,open
1024264,9181,open
1024349,9182,open
1024439,9183,open
1024526,9184,open
1024612,9185,open
1024698,9186,open
1024784,9187,open
1024870,9188,open
1024955,9189,open
1025040,9190,open
1025126,9191,open
1025211,9192,open
1025296,9193,open
1025381,9194,open
1025467,9195,open
1025554,9196,open
1025639,9197,open
1025724,9198,open
1025809,9199,open
1025894,9200,open
1025978,9201,open
1026071,9202,open
1026156,9203,open
1026241,9204,open
1026327,9205,open
1026412,9206,open
1026497,9207,open
1026582,9208,open
1026667,9209,open
1026770,9210,open
1026863,9211,open
1026954,9212,open
1027044,9213,open
1027138,9214,open
1027229,9215,open
1027320,9216,open
1027411,9217,open
1027503,9218,open
1027594,9219,open
1027685,9220,open
1027777,9221,open
1027879,9222,open
1027970,9223,open
1028060,9224,open
1028151,9225,open
1028248,9226,open
1028339,9227,open
1028429,9228,open
1028520,9229,open
1028610,9230,open
1028700,9231,open
1028791,9232,open
1028896,9233,open
1028986,9234,open
1029077,9235,open
1029167,9236,open
1029257,9237,open
1029348,9238,open
1029441,9239,open
1029556,9240,open
1029647,9241,open
1029738,9242,open
1029829,9243,open
1029920,9244,open
1030011,9245,open
1030102,9246,open
1030199,9247,open
1030290,9248,open
1030381,9249,open
1030471,9250,open
1030563,9251,open
1030653,9252,open
1030743,9253,open
1030833,9254,open
1030939,9255,open
1031030,9256,open
1031121,9257,open
1031211,9258,open
1031301,9259,open
1031391,9260,open
1031481,9261,open
1031585,9262,open
1031675,9263,open
1031765,9264,open
1031856,9265,open
1031947,9266,open
1032037,9267,open
1032127,9268,open
1032223,9269,open
1032330,9270,open
1032420,9271,open
1032510,9272,open
1032600,9273,open
1032694,9274,open
1032784,9275,open
1032880,9276,open
1032971,9277,open
1033063,9278,open
1033153,9279,open
1033244,9280,open
1033335,9281,open
1033425,9282,open
1033519,9283,open
1033624,9284,open
1033715,9285,open
1033809,9286,open
1033900,9287,open
1033991,9288,open
1034082,9289,open
1034173,9290,open
1034264,9291,open
1034362,9292,open
1034453,9293,open
1034544,9294,open
1034635,9295,open
1034726,9296,open
1034819,9297,open
1034910,9298,open
1035001,9299,open
1035119,9300,open
1035213,9301,open
1035299,9302,open
1035383,9303,open
1035693,9304,open
1036117,9305,open
1036219,9306,open
1036306,9307,open
1036392,9308,open
1036478,9309,open
1036564,9310,open
1036649,9311,open
1036734,9312,open
1036820,9313,open
1036905,9314,open
1036990,9315,open
1037075,9316,open
1037161,9317,open
1037246,9318,open
1037331,9319,open
1037416,9320,open
1037502,9321,open
1037589,9322,open
1037674,9323,open
1037759,9324,open
1037848,9325,open
1037945,9326,open
1038030,9327,open
1038116,9328,open
1038201,9329,open
1038297,9330,open
1038388,9331,open
1038482,9332,open
1038573,9333,open
1038665,9334,open
1038755,9335,open
1038846,9336,open
1038940,9337,open
1039031,9338,open
1039122,9339,open
1039215,9340,open
1039306,9341,open
1039397,9342,open
1039488,9343,open
1039580,9344,open
1039681,9345,open
1039775,9346,open
1039866,9347,open
1039961,9348,open
1040052,9349,open
1040143,9350,open
1040246,9351,open
1040337,9352,open
1040428,9353,open
1040519,9354,open
1040610,9355,open
1040700,9356,open
1040790,9357,open
1040880,9358,open
1040979,9359,open
1041085,9360,open
1041175,9361,open
1041267,9362,open
1041357,9363,open
1041449,9364,open
1041540,9365,open
1041638,9366,open
1041729,9367,open
1041819,9368,open
1041909,9369,open
1042003,9370,open
1042094,9371,open
1042187,9372,open
1042278,9373,open
1042374,9374,open
1042465,9375,open
1042556,9376,open
1042655,9377,open
1042749,9378,open
1042840,9379,open
1042930,9380,open
1043029,9381,open
1043120,9382,open
1043210,9383,open
1043300,9384,open
1043390,9385,open
1043493,9386,open
1043584,9387,open
1043682,9388,open
1043775,9389,open
1043886,9390,open
1043976,9391,open
1044064,9392,open
1044150,9393,open
1044237,9394,open
1044322,9395,open
1044408,9396,open
1044493,9397,open
1044578,9398,open
1044663,9399,open
1044749,9400,open
1044834,9401,open
1044923,9402,open
1045008,9403,open
1045094,9404,open
1045180,9405,open
1045276,9406,open
1045362,9407,open
1045449,9408,open
1045534,9409,open
1045621,9410,open
1045709,9411,open
1045794,9412,open
1045879,9413,open
1045964,9414,open
1046049,9415,open
1046134,9416,open
1046219,9417,open
1046304,9418,open
1046391,9419,open
1046494,9420,open
1046584,9421,open
1046674,9422,open
1046767,9423,open
1046858,9424,open
1046948,9425,open
1047039,9426,open
1047129,9427,open
1047223,9428,open
1047313,9429,open
1047403,9430,open
1047523,9431,open
1047613,9432,open
1047704,9433,open
1047794,9434,open
1047885,9435,open
1047979,9436,open
1048069,9437,open
1048159,9438,open
1048249,9439,open
1048339,9440,open
1048429,9441,open
1048519,9442,open
1048609,9443,open
1048705,9444,open
1048795,9445,open
1048885,9446,open
1048983,9447,open
1049073,9448,open
1049174,9449,open
1049287,9450,open
1049377,9451,open
1049462,9452,open
1049547,9453,open
1049634,9454,open
1049726,9455,open
1049809,9456,open
1049894,9457,open
1049979,9458,open
1050064,9459,open
1050149,9460,open
1050234,9461,open
1050319,9462,open
1050404,9463,open
1050490,9464,open
1050575,9465,open
1050660,9466,open
1050745,9467,open
1050830,9468,open
1050915,9469,open
1050999,9470,open
1051084,9471,open
1051168,9472,open
1051266,9473,open
1051353,9474,open
1051438,9475,open
1051523,9476,open
1051607,9477,open
1051693,9478,open
1051779,9479,open
1051881,9480,open
1051972,9481,open
1052062,9482,open
1052152,9483,open
1052245,9484,open
1052344,9485,open
1052434,9486,open
1052525,9487,open
1052615,9488,open
1052705,9489,open
1052795,9490,open
1052886,9491,open
1052976,9492,open
1053066,9493,open
1053162,9494,open
1053252,9495,open
1053342,9496,open
1053433,9497,open
1053526,9498,open
1053615,9499,open
1053706,9500,open
1053802,9501,open
1053892,9502,open
1053982,9503,open
1054076,9504,open
1054167,9505,open
1054257,9506,open
1054347,9507,open
1054438,9508,open
1054542,9509,open
1054645,9510,open
1054738,9511,open
1054828,9512,open
1054918,9513,open
1055009,9514,open
1055106,9515,open
1055199,9516,open
1055290,9517,open
1055380,9518,open
1055472,9519,open
1055563,9520,open
1055654,9521,open
1055745,9522,open
1055842,9523,open
1055933,9524,open
1056024,9525,open
1056115,9526,open
1056206,9527,open
1056296,9528,open
1056394,9529,open
1056490,9530,open
1056580,9531,open
1056670,9532,open
1056760,9533,open
1056859,9534,open
1056950,9535,open
1057040,9536,open
1057133,9537,open
1057229,9538,open
1057319,9539,open
1057423,9540,open
1057513,9541,open
1057598,9542,open
1057682,9543,open
1057768,9544,open
1057852,9545,open
1057937,9546,open
1058021,9547,open
1058107,9548,open
1058191,9549,open
1058279,9550,open
1058363,9551,open
1058448,9552,open
1058532,9553,open
1058617,9554,open
1058702,9555,open
1058787,9556,open
1058872,9557,open
1058956,9558,open
1059041,9559,open
1059127,9560,open
1059214,9561,open
1059300,9562,open
1059384,9563,open
1059468,9564,open
1059553,9565,open
1059639,9566,open
1059724,9567,open
1059819,9568,open
1059895,9569,open
1059999,9570,open
1060095,9571,open
1060185,9572,open
1060278,9573,open
1060369,9574,open
1060460,9575,open
1060551,9576,open
1060642,9577,open
1060733,9578,open
1060829,9579,open
1060920,9580,open
1061011,9581,open
1061102,9582,open
1061193,9583,open
1061284,9584,open
1061375,9585,open
1061466,9586,open
1061557,9587,open
1061654,9588,open
1061745,9589,open
1061833,9590,open
1061924,9591,open
1062016,9592,open
1062107,9593,open
1062197,9594,open
1062296,9595,open
1062395,9596,open
1062485,9597,open
1062576,9598,open
1062666,9599,open
1062771,9600,open
1062865,9601,open
1062956,9602,open
1063048,9603,open
1063140,9604,open
1063230,9605,open
1063321,9606,open
1063411,9607,open
1063502,9608,open
1063600,9609,open
1063691,9610,open
1063783,9611,open
1063874,9612,open
1063964,9613,open
1064055,9614,open
1064147,9615,open
1064238,9616,open
1064335,9617,open
1064427,9618,open
1064518,9619,open
1064610,9620,open
1064702,9621,open
1064792,9622,open
1064883,9623,open
1064973,9624,open
1065070,9625,open
1065160,9626,open
1065250,9627,open
1065342,9628,open
1065432,9629,open
1065539,9630,open
1065636,9631,open
1065722,9632,open
1065810,9633,open
1065897,9634,open
1065982,9635,open
1066066,9636,open
1066150,9637,open
1066235,9638,open
1066319,9639,open
1066403,9640,open
1066488,9641,open
1066573,9642,open
1066657,9643,open
1066741,9644,open
1066825,9645,open
1066910,9646,open
1066997,9647,open
1067083,9648,open
1067167,9649,open
1067251,9650,open
1067336,9651,open
1067420,9652,open
1067504,9653,open
1067589,9654,open
1067674,9655,open
1067759,9656,open
1067851,9657,open
1067935,9658,open
1068035,9659,open
1068134,9660,open
1068225,9661,open
1068315,9662,open
1068405,9663,open
1068495,9664,open
1068585,9665,open
1068675,9666,open
1068771,9667,open
1068862,9668,open
1068955,9669,open
1069045,9670,open
1069136,9671,open
1069226,9672,open
1069317,9673,open
1069408,9674,open
1069500,9675,open
1069596,9676,open
1069688,9677,open
1069779,9678,open
1069870,9679,open
1069960,9680,open
1070051,9681,open
1070141,9682,open
1070237,9683,open
1070327,9684,open
1070417,9685,open
1070507,9686,open
1070597,9687,open
1070687,9688,open
1070779,9689,open
1070896,9690,open
1070986,9691,open
1071077,9692,open
1071168,9693,open
1071258,9694,open
1071348,9695,open
1071439,9696,open
1071534,9697,open
1071626,9698,open
1071716,9699,open
1071807,9700,open
1071909,9701,open
1072001,9702,open
1072092,9703,open
1072183,9704,open
1072281,9705,open
1072415,9706,open
1072505,9707,open
1072595,9708,open
1072687,9709,open
1072777,9710,open
1072867,9711,open
1072963,9712,open
1073053,9713,open
1073143,9714,open
1073233,9715,open
1073331,9716,open
1073421,9717,open
1073511,9718,open
1073608,9719,open
1073711,9720,open
1073801,9721,closed
1073894,9722,open
1073984,9723,open
1074074,9724,open
1074172,9725,open
1074266,9726,open
1074356,9727,open
1074446,9728,open
1074536,9729,open
1074627,9730,open
1074718,9731,open
1074808,9732,open
1074899,9733,open
1074996,9734,open
1075088,9735,open
1075179,9736,open
1075278,9737,open
1075368,9738,open
1075459,9739,open
1075550,9740,open
1075647,9741,open
1075740,9742,open
1075831,9743,open
1075925,9744,open
1076020,9745,open
1076111,9746,open
1076201,9747,open
1076298,9748,open
1076390,9749,open
1076499,9750,open
1076589,9751,open
1076681,9752,open
1076768,9753,open
1076855,9754,open
1076942,9755,open
1077030,9756,open
1077115,9757,open
1077200,9758,open
1077285,9759,open
1077370,9760,open
1077456,9761,open
1077544,9762,open
1077629,9763,open
1077717,9764,open
1077802,9765,open
1077888,9766,open
1077973,9767,open
1078059,9768,open
1078144,9769,open
1078229,9770,open
1078314,9771,open
1078399,9772,open
1078484,9773,open
1078569,9774,open
1078655,9775,open
1078748,9776,open
1078834,9777,open
1078919,9778,open
1079004,9779,open
1079101,9780,open
1079197,9781,open
1079287,9782,open
1079378,9783,open
1079469,9784,open
1079559,9785,open
1079649,9786,open
1079739,9787,open
1079829,9788,open
1079920,9789,open
1080010,9790,open
1080104,9791,open
1080194,9792,open
1080284,9793,open
1080374,9794,open
1080464,9795,open
1080554,9796,open
1080648,9797,open
1080739,9798,open
1080829,9799,open
1080920,9800,open
1081010,9801,open
1081100,9802,open
1081190,9803,open
1081280,9804,open
1081377,9805,open
1081467,9806,open
1081558,9807,open
1081648,9808,open
1081738,9809,open
1081847,9810,open
1081945,9811,open
1082035,9812,open
1082125,9813,open
1082215,9814,open
1082306,9815,open
1082396,9816,open
1082486,9817,open
1082580,9818,open
1082677,9819,open
1082767,9820,open
1082857,9821,open
1082948,9822,open
1083038,9823,open
1083128,9824,open
1083219,9825,open
1083310,9826,open
1083401,9827,open
1083497,9828,open
1083587,9829,open
1083678,9830,open
1083769,9831,open
1083861,9832,open
1083953,9833,open
1084044,9834,open
1084141,9835,open
1084232,9836,open
1084323,9837,open
1084414,9838,open
1084505,9839,open
1084614,9840,open
1084710,9841,open
1084801,9842,open
1084892,9843,open
1084983,9844,open
1085074,9845,open
1085165,9846,open
1085256,9847,open
1085348,9848,open
1085445,9849,open
1085536,9850,open
1085627,9851,open
1085717,9852,open
1085809,9853,open
1085900,9854,open
1085998,9855,open
1086089,9856,open
1086186,9857,open
1086278,9858,open
1086369,9859,open
1086468,9860,open
1086559,9861,open
1086651,9862,open
1086742,9863,open
1086838,9864,open
1086929,9865,open
1087020,9866,open
1087111,9867,open
1087202,9868,open
1087293,9869,open
1087407,9870,open
1087498,9871,open
1087592,9872,open
1087683,9873,open
1087775,9874,open
1087866,9875,open
1087957,9876,open
1088048,9877,open
1088145,9878,open
1088235,9879,open
1088329,9880,open
1088422,9881,open
1088512,9882,open
1088602,9883,open
1088692,9884,open
1088782,9885,open
1088872,9886,open
1088968,9887,open
1089059,9888,open
1089149,9889,open
1089239,9890,open
1089329,9891,open
1089419,9892,open
1089509,9893,open
1089599,9894,open
1089693,9895,open
1089783,9896,open
1089873,9897,open
1089964,9898,open
1090063,9899,open
1090181,9900,open
1090272,9901,open
1090358,9902,open
1090446,9903,open
1090541,9904,open
1090627,9905,open
1090711,9906,open
1090810,9907,open
1090895,9908,open
1090981,9909,open
1091066,9910,open
1091152,9911,open
1091237,9912,open
1091322,9913,open
1091407,9914,open
1091492,9915,open
1091577,9916,open
1091662,9917,open
1091748,9918,open
1091833,9919,open
1091918,9920,open
1092004,9921,open
1092089,9922,open
1092177,9923,open
1092262,9924,open
1092347,9925,closed
1092432,9926,open
1092526,9927,open
1092613,9928,open
1092704,9929,open
1092800,9930,open
1092890,9931,open
1092975,9932,open
1093060,9933,open
1093148,9934,open
1093233,9935,open
1093319,9936,open
1093404,9937,open
1093490,9938,open
1093575,9939,open
1093660,9940,open
1093745,9941,open
1093830,9942,open
1093915,9943,open
1094001,9944,open
1094088,9945,open
1094175,9946,open
1094260,9947,open
1094346,9948,open
1094436,9949,open
1094522,9950,open
1094607,9951,open
1094692,9952,open
1094777,9953,open
1094863,9954,open
1094956,9955,open
1095041,9956,open
1095126,9957,open
1095211,9958,open
1095296,9959,open
1095397,9960,open
1095491,9961,open
1095581,9962,open
1095678,9963,open
1095771,9964,open
1095861,9965,open
1095952,9966,open
1096043,9967,open
1096134,9968,open
1096225,9969,open
1096316,9970,open
1096407,9971,open
1096501,9972,open
1096591,9973,open
1096681,9974,open
1096812,9975,open
1096904,9976,open
1096994,9977,open
1097084,9978,open
1097180,9979,open
1097270,9980,open
1097360,9981,open
1097450,9982,open
1097540,9983,open
1097632,9984,open
1097722,9985,open
1097812,9986,open
1097905,9987,open
1097995,9988,open
1098090,9989,open
1098195,9990,open
1098288,9991,open
1098375,9992,open
1098463,9993,open
1098557,9994,open
1098644,9995,open
1098729,9996,open
1098814,9997,open
1098899,9998,open
1098985,9999,open
1099070,10000,open
1099155,10001,open
1099240,10002,open
1099326,10003,open
1099420,10004,open
1099506,10005,open
1099592,10006,open
1099677,10007,open
1099762,10008,open
1099847,10009,open
1099933,10010,open
1100019,10011,open
1100105,10012,open
1100190,10013,open
1100279,10014,open
1100364,10015,open
1100449,10016,open
1100534,10017,open
1100635,10018,open
1100719,10019,open
1100816,10020,open
1100914,10021,open
1101005,10022,open
1101096,10023,open
1101187,10024,open
1101289,10025,open
1101379,10026,open
1101470,10027,open
1101560,10028,open
1101650,10029,open
1101740,10030,open
1101831,10031,open
1101921,10032,open
1102011,10033,open
1102108,10034,open
1102201,10035,open
1102291,10036,open
1102385,10037,open
1102475,10038,open
1102565,10039,open
1102655,10040,open
1102753,10041,open
1102843,10042,open
1102933,10043,open
1103023,10044,open
1103123,10045,open
1103226,10046,open
1103322,10047,open
1103416,10048,open
1103507,10049,open
1103611,10050,open
1103702,10051,open
1103792,10052,open
1103882,10053,open
1103979,10054,open
1104071,10055,open
1104168,10056,open
1104259,10057,open
1104350,10058,open
1104441,10059,open
1104531,10060,open
1104623,10061,open
1104720,10062,open
1104811,10063,open
1104901,10064,open
1104991,10065,open
1105082,10066,open
1105173,10067,open
1105272,10068,open
1105368,10069,open
1105458,10070,open
1105549,10071,open
1105639,10072,open
1105729,10073,open
1105819,10074,open
1105909,10075,open
1106000,10076,open
1106096,10077,open
1106186,10078,open
1106276,10079,open
1106385,10080,open
1106475,10081,open
1106564,10082,open
1106651,10083,open
1106738,10084,open
1106823,10085,open
1106908,10086,open
1106994,10087,open
1107082,10088,open
1107167,10089,open
1107255,10090,open
1107340,10091,open
1107425,10092,open
1107510,10093,open
1107595,10094,open
1107680,10095,open
1107765,10096,open
1107850,10097,open
1107936,10098,open
1108021,10099,open
1108107,10100,open
1108201,10101,open
1108299,10102,open
1108384,10103,open
1108470,10104,open
1108556,10105,open
1108641,10106,open
1108726,10107,open
1108811,10108,open
1108899,10109,open
1108998,10110,open
1109091,10111,open
1109184,10112,open
1109274,10113,open
1109365,10114,open
1109456,10115,open
1109547,10116,open
1109644,10117,open
1109734,10118,open
1109824,10119,open
1109915,10120,open
1110006,10121,open
1110096,10122,open
1110187,10123,open
1110278,10124,open
1110369,10125,open
1110466,10126,open
1110557,10127,open
1110657,10128,open
1110747,10129,open
1110838,10130,open
1110929,10131,open
1111020,10132,open
1111116,10133,open
1111207,10134,open
1111298,10135,open
1111388,10136,open
1111479,10137,open
1111570,10138,open
1111663,10139,open
1111782,10140,open
1111872,10141,open
1111964,10142,open
1112055,10143,open
1112146,10144,open
1112240,10145,open
1112339,10146,open
1112430,10147,open
1112521,10148,open
1112612,10149,open
1112704,10150,open
1112795,10151,open
1112895,10152,open
1112988,10153,open
1113086,10154,open
1113177,10155,open
1113268,10156,open
1113358,10157,open
1113449,10158,open
1113539,10159,open
1113629,10160,open
1113720,10161,open
1113817,10162,open
1113908,10163,open
1113999,10164,open
1114090,10165,open
1114182,10166,open
1114281,10167,open
1114380,10168,open
1114470,10169,open
1114573,10170,open
1114663,10171,open
1114754,10172,open
1114839,10173,open
1114921,10174,open
1115005,10175,open
1115088,10176,open
1115173,10177,open
1115258,10178,open
1115343,10179,open
1115429,10180,open
1115514,10181,open
1115599,10182,open
1115684,10183,open
1115777,10184,open
1115872,10185,open
1115956,10186,open
1116040,10187,open
1116124,10188,open
1116206,10189,open
1116290,10190,open
1116374,10191,open
1116458,10192,open
1116541,10193,open
1116625,10194,open
1116709,10195,open
1116793,10196,open
1116876,10197,open
1116962,10198,open
1117048,10199,open
1117146,10200,open
1117243,10201,open
1117337,10202,open
1117427,10203,open
1117518,10204,open
1117610,10205,open
1117701,10206,open
1117791,10207,open
1117882,10208,open
1117973,10209,open
1118070,10210,open
1118163,10211,open
1118263,10212,open
1118357,10213,open
1118447,10214,open
1118537,10215,open
1118627,10216,open
1118723,10217,open
1118816,10218,open
1118906,10219,open
1118996,10220,open
1119087,10221,open
1119178,10222,open
1119269,10223,open
1119374,10224,open
1119466,10225,open
1119557,10226,open
1119647,10227,open
1119738,10228,open
1119828,10229,open
1119937,10230,open
1120027,10231,open
1120123,10232,open
1120213,10233,open
1120303,10234,open
1120394,10235,open
1120484,10236,open
1120575,10237,open
1120668,10238,open
1120758,10239,open
1120848,10240,open
1120938,10241,open
1121028,10242,open
1121150,10243,open
1121240,10244,open
1121330,10245,open
1121422,10246,open
1121518,10247,open
1121608,10248,open
1121697,10249,open
1121787,10250,open
1121877,10251,open
1121966,10252,open
1122056,10253,open
1122148,10254,open
1122241,10255,open
1122339,10256,open
1122428,10257,open
1122518,10258,open
1122616,10259,open
1122722,10260,open
1122820,10261,open
1122910,10262,open
1123001,10263,open
1123092,10264,open
1123183,10265,open
1123273,10266,open
1123365,10267,open
1123462,10268,open
1123552,10269,open
1123643,10270,open
1123734,10271,open
1123825,10272,open
1123915,10273,open
1124008,10274,open
1124098,10275,open
1124192,10276,open
1124282,10277,open
1124375,10278,open
1124468,10279,open
1124558,10280,open
1124649,10281,open
1124739,10282,open
1124829,10283,open
1124925,10284,open
1125015,10285,open
1125114,10286,open
1125204,10287,open
1125296,10288,open
1125386,10289,open
1125492,10290,open
1125582,10291,open
1125672,10292,open
1125763,10293,open
1125854,10294,open
1125944,10295,open
1126036,10296,open
1126126,10297,open
1126223,10298,open
1126313,10299,open
1126403,10300,open
1126493,10301,open
1126583,10302,open
1126674,10303,open
1126765,10304,open
1126855,10305,open
1126945,10306,open
1127041,10307,open
1127133,10308,open
1127223,10309,open
1127313,10310,open
1127403,10311,open
1127493,10312,open
1127583,10313,open
1127673,10314,open
1127775,10315,open
1127866,10316,open
1127956,10317,open
1128047,10318,open
1128138,10319,open
1128251,10320,open
1128341,10321,open
1128427,10322,open
1128518,10323,open
1128609,10324,open
1128696,10325,open
1128783,10326,open
1128874,10327,open
1128960,10328,open
1129045,10329,open
1129130,10330,open
1129215,10331,open
1129304,10332,open
1129389,10333,open
1129475,10334,open
1129568,10335,open
1129655,10336,open
1129740,10337,closed
1129825,10338,open
1129911,10339,open
1129999,10340,open
1130084,10341,open
1130169,10342,open
1130255,10343,open
1130340,10344,open
1130425,10345,open
1130518,10346,open
1130603,10347,open
1130697,10348,open
1130782,10349,open
1130882,10350,open
1130972,10351,open
1131066,10352,open
1131156,10353,open
1131250,10354,open
1131340,10355,open
1131430,10356,open
1131521,10357,open
1131611,10358,open
1131701,10359,open
1131791,10360,open
1131886,10361,open
1131977,10362,open
1132068,10363,open
1132170,10364,open
1132262,10365,open
1132353,10366,open
1132444,10367,open
1132542,10368,open
1132636,10369,open
1132727,10370,open
1132818,10371,open
1132909,10372,open
1133000,10373,open
1133091,10374,open
1133198,10375,open
1133289,10376,open
1133380,10377,open
1133472,10378,open
1133563,10379,open
1133673,10380,open
1133773,10381,open
1133864,10382,open
1133959,10383,open
1134050,10384,open
1134141,10385,open
1134233,10386,open
1134328,10387,open
1134419,10388,open
1134525,10389,open
1134616,10390,open
1134708,10391,open
1134799,10392,open
1134890,10393,open
1134981,10394,open
1135072,10395,open
1135163,10396,open
1135260,10397,open
1135351,10398,open
1135450,10399,open
1135541,10400,open
1135632,10401,open
1135723,10402,open
1135819,10403,open
1135910,10404,open
1136002,10405,open
1136093,10406,open
1136184,10407,open
1136275,10408,open
1136366,10409,open
1136484,10410,open
1136575,10411,open
1136669,10412,open
1136760,10413,open
1136851,10414,open
1136942,10415,open
1137032,10416,open
1137124,10417,open
1137222,10418,open
1137313,10419,open
1137403,10420,open
1137494,10421,open
1137592,10422,open
1137682,10423,open
1137772,10424,open
1137862,10425,open
1137956,10426,open
1138047,10427,open
1138140,10428,open
1138231,10429,open
1138320,10430,open
1138415,10431,open
1138506,10432,open
1138611,10433,open
1138702,10434,open
1138793,10435,open
1138884,10436,open
1138974,10437,open
1139064,10438,open
1139160,10439,open
1139267,10440,open
1139358,10441,open
1139444,10442,open
1139528,10443,open
1139614,10444,open
1139698,10445,open
1139788,10446,open
1139876,10447,open
1139960,10448,open
1140042,10449,open
1140126,10450,open
1140211,10451,open
1140296,10452,open
1140381,10453,open
1140479,10454,open
1140563,10455,open
1140648,10456,open
1140733,10457,open
1140818,10458,open
1140903,10459,open
1140987,10460,open
1141077,10461,open
1141163,10462,open
1141247,10463,open
1141332,10464,open
1141417,10465,open
1141502,10466,open
1141587,10467,open
1141671,10468,open
1141755,10469,open
1141855,10470,open
1141945,10471,open
1142039,10472,open
1142129,10473,open
1142220,10474,open
1142317,10475,open
1142411,10476,open
1142501,10477,open
1142591,10478,open
1142681,10479,open
1142771,10480,open
1142861,10481,open
1142952,10482,open
1143048,10483,open
1143139,10484,open
1143229,10485,open
1143319,10486,open
1143418,10487,open
1143510,10488,open
1143600,10489,open
1143697,10490,open
1143787,10491,open
1143877,10492,open
1143967,10493,open
1144057,10494,open
1144178,10495,open
1144286,10496,open
1144382,10497,open
1144473,10498,open
1144566,10499,open
1144675,10500,open
1144765,10501,open
1144858,10502,open
1144953,10503,open
1145043,10504,open
1145134,10505,open
1145224,10506,open
1145314,10507,open
1145404,10508,open
1145494,10509,open
1145584,10510,open
1145674,10511,open
1145771,10512,open
1145861,10513,open
1145953,10514,open
1146044,10515,open
1146134,10516,open
1146225,10517,open
1146316,10518,open
1146421,10519,open
1146512,10520,open
1146603,10521,open
1146694,10522,open
1146785,10523,open
1146875,10524,open
1146965,10525,open
1147055,10526,open
1147153,10527,open
1147245,10528,open
1147335,10529,open
1147444,10530,open
1147535,10531,open
1147631,10532,open
1147728,10533,open
1147818,10534,open
1147909,10535,open
1148000,10536,open
1148090,10537,open
1148181,10538,open
1148272,10539,open
1148363,10540,open
1148459,10541,open
1148549,10542,open
1148639,10543,open
1148736,10544,open
1148834,10545,open
1148924,10546,open
1149014,10547,open
1149104,10548,open
1149201,10549,open
1149291,10550,open
1149382,10551,open
1149473,10552,open
1149564,10553,open
1149654,10554,open
1149745,10555,open
1149850,10556,open
1149940,10557,open
1150032,10558,open
1150122,10559,open
1150228,10560,open
1150318,10561,open
1150414,10562,open
1150501,10563,open
1150596,10564,open
1150681,10565,open
1150766,10566,open
1150851,10567,open
1150938,10568,open
1151025,10569,open
1151111,10570,open
1151197,10571,open
1151291,10572,open
1151377,10573,open
1151462,10574,open
1151547,10575,open
1151633,10576,open
1151719,10577,open
1151804,10578,open
1151889,10579,open
1151974,10580,open
1152060,10581,open
1152144,10582,open
1152229,10583,open
1152315,10584,open
1152404,10585,open
1152490,10586,open
1152573,10587,open
1152658,10588,open
1152744,10589,open
1152849,10590,open
1152939,10591,open
1153033,10592,open
1153123,10593,open
1153213,10594,open
1153309,10595,open
1153400,10596,open
1153491,10597,open
1153581,10598,open
1153671,10599,open
1153761,10600,open
1153852,10601,open
1153942,10602,open
1154032,10603,open
1154128,10604,open
1154218,10605,open
1154308,10606,open
1154399,10607,open
1154495,10608,open
1154586,10609,open
1154691,10610,open
1154783,10611,open
1154873,10612,open
1154963,10613,open
1155053,10614,open
1155147,10615,open
1155240,10616,open
1155331,10617,open
1155427,10618,open
1155518,10619,open
1155624,10620,open
1155714,10621,open
1155807,10622,open
1155898,10623,open
1155989,10624,open
1156083,10625,open
1156174,10626,open
1156266,10627,open
1156357,10628,open
1156448,10629,open
1156539,10630,open
1156630,10631,open
1156723,10632,open
1156820,10633,open
1156920,10634,open
1157011,10635,open
1157102,10636,open
1157193,10637,open
1187324,10966,open
1187409,10967,open
1187495,10968,open
1187581,10969,open
1187686,10970,open
1187773,10971,open
1187859,10972,open
1187949,10973,open
1188035,10974,open
1188122,10975,open
1188208,10976,open
1188295,10977,open
1188396,10978,open
1188482,10979,open
1188583,10980,open
1188674,10981,open
1188765,10982,open
1188857,10983,open
1188949,10984,open
1189040,10985,open
1189137,10986,open
1189230,10987,open
1189330,10988,open
1189422,10989,open
1189514,10990,closed
1189605,10991,open
1189696,10992,open
1189787,10993,open
1189883,10994,open
1189974,10995,open
1190074,10996,open
1190165,10997,open
1190256,10998,open
1190347,10999,open
1190440,11000,open
1190539,11001,open
1190630,11002,open
1190721,11003,open
1190812,11004,open
1190911,11005,open
1191002,11006,open
1191098,11007,open
1191189,11008,open
1191280,11009,open
1191386,11010,open
1191477,11011,open
1191572,11012,open
1191663,11013,open
1191761,11014,open
1191852,11015,open
1191943,11016,open
1192034,11017,open
1192125,11018,open
1192215,11019,open
1192306,11020,open
1192398,11021,open
1192488,11022,open
1192614,11023,open
1192704,11024,open
1192794,11025,open
1192884,11026,open
1192977,11027,open
1193068,11028,open
1193161,11029,open
1193251,11030,open
1193347,11031,open
1193445,11032,open
1193535,11033,open
1193625,11034,open
1193716,11035,open
1193806,11036,open
1193896,11037,open
1193993,11038,open
1194083,11039,open
1194193,11040,open
1194286,11041,open
1194377,11042,open
1194468,11043,open
1194564,11044,open
1194655,11045,open
1194748,11046,open
1194839,11047,open
1194935,11048,open
1195026,11049,open
1195119,11050,open
1195210,11051,open
1195305,11052,open
1195396,11053,open
1195488,11054,open
1195579,11055,open
1195681,11056,open
1195772,11057,open
1195863,11058,open
1195954,11059,open
1196048,11060,open
1196141,11061,open
1196232,11062,open
1196323,11063,open
1196414,11064,open
1196505,11065,open
1196596,11066,open
1196692,11067,open
1196784,11068,open
1196875,11069,open
1196985,11070,open
1197075,11071,open
1197166,11072,open
1197263,11073,open
1197353,11074,open
1197444,11075,open
1197534,11076,open
1197625,11077,open
1197715,11078,open
1197805,11079,open
1197895,11080,open
1197987,11081,open
1198083,11082,open
1198174,11083,open
1198267,11084,open
1198358,11085,open
1198449,11086,open
1198540,11087,open
1198632,11088,open
1198723,11089,open
1198817,11090,open
1198908,11091,open
1199001,11092,open
1199092,11093,open
1199183,11094,open
1199274,11095,open
1199365,11096,open
1199460,11097,open
1199554,11098,open
1199645,11099,open
1199755,11100,open
1199845,11101,open
1199936,11102,open
1200033,11103,open
1200123,11104,open
1200213,11105,open
1200304,11106,open
1200394,11107,open
1200484,11108,open
1200574,11109,open
1200664,11110,open
1200755,11111,open
1200851,11112,open
1200942,11113,open
1201032,11114,open
1201122,11115,open
1201212,11116,open
1201303,11117,open
1201393,11118,open
1201483,11119,open
1201578,11120,open
1201669,11121,open
1201759,11122,open
1201850,11123,open
1201941,11124,open
1202033,11125,open
1202124,11126,open
1202215,11127,open
1202312,11128,open
1202403,11129,open
1202513,11130,open
1202605,11131,open
1202696,11132,open
1202787,11133,open
1202886,11134,open
1202978,11135,open
1203069,11136,open
1203161,11137,open
1203252,11138,open
1203343,11139,open
1203434,11140,open
1203525,11141,open
1203616,11142,open
1203711,11143,open
1203802,11144,open
1203893,11145,open
1203984,11146,open
1204078,11147,open
1204169,11148,open
1204260,11149,open
1204365,11150,open
1204457,11151,open
1204548,11152,closed
1204640,11153,open
1204731,11154,open
1204824,11155,open
1204915,11156,open
1205011,11157,open
1205102,11158,open
1205193,11159,open
1205301,11160,open
1205395,11161,open
1205486,11162,open
1205580,11163,open
1205671,11164,open
1205763,11165,open
1205854,11166,open
1205947,11167,open
1206038,11168,open
1206129,11169,open
1206220,11170,closed
1206311,11171,open
1206409,11172,open
1206500,11173,open
1206592,11174,open
1206684,11175,open
1206776,11176,open
1206876,11177,open
1206967,11178,open
1207062,11179,open
1207153,11180,open
1207245,11181,open
1207336,11182,open
1207427,11183,open
1207518,11184,open
1207609,11185,open
1207700,11186,open
1207796,11187,open
1207887,11188,open
1207986,11189,open
1208091,11190,open
1208185,11191,open
1208272,11192,open
1208357,11193,open
1208446,11194,open
1208548,11195,open
1208637,11196,open
1208725,11197,open
1208812,11198,open
1208914,11199,open
1209000,11200,open
1209086,11201,open
1209171,11202,open
1209266,11203,open
1209352,11204,open
1209439,11205,open
1209526,11206,open
1209612,11207,open
1209699,11208,open
1209785,11209,open
1209872,11210,open
1209958,11211,open
1210044,11212,open
1210130,11213,open
1210217,11214,open
1210314,11215,open
1210400,11216,open
1210486,11217,open
1210572,11218,open
1210658,11219,open
1210760,11220,open
1210853,11221,open
1210945,11222,open
1211036,11223,open
1211128,11224,open
1211219,11225,open
1211316,11226,open
1211407,11227,open
1211498,11228,open
1211589,11229,open
1211680,11230,open
1211772,11231,open
1211863,11232,open
1211954,11233,open
1212068,11234,open
1212164,11235,open
1212257,11236,open
1212348,11237,open
1212439,11238,open
1212530,11239,open
1212621,11240,open
1212717,11241,open
1212808,11242,open
1212900,11243,open
1212993,11244,open
1213089,11245,open
1213180,11246,open
1213271,11247,open
1213377,11248,open
1213468,11249,open
1213580,11250,open
1213671,11251,open
1213758,11252,open
1213845,11253,open
1213933,11254,open
1214058,11255,open
1214143,11256,open
1214229,11257,open
1214315,11258,open
1214401,11259,open
1214486,11260,open
1214573,11261,open
1214668,11262,open
1214749,11263,open
1214834,11264,open
1214922,11265,open
1215008,11266,open
1215094,11267,open
1215181,11268,open
1215277,11269,open
1215363,11270,open
1215449,11271,open
1215535,11272,open
1215621,11273,open
1215706,11274,open
1215807,11275,open
1215893,11276,open
1215978,11277,open
1216064,11278,open
1216149,11279,open
1216249,11280,open
1216342,11281,open
1216432,11282,open
1216522,11283,open
1216616,11284,open
1216706,11285,open
1216802,11286,open
1216893,11287,open
1216987,11288,open
1217078,11289,open
1217169,11290,open
1217261,11291,open
1217352,11292,open
1217443,11293,open
1217550,11294,open
1217641,11295,open
1217732,11296,open
1217823,11297,open
1217914,11298,open
1218005,11299,open
1218096,11300,open
1218190,11301,open
1218281,11302,open
1218372,11303,open
1218462,11304,open
1218553,11305,open
1218643,11306,open
1218735,11307,open
1218832,11308,open
1218923,11309,open
1219040,11310,open
1219130,11311,open
1219221,11312,open
1219312,11313,open
1219407,11314,open
1219504,11315,open
1219595,11316,open
1219687,11317,open
1219777,11318,open
1219867,11319,open
1219958,11320,open
1220049,11321,open
1220140,11322,open
1220235,11323,open
1220327,11324,open
1220420,11325,open
1220511,11326,open
1220602,11327,open
1220701,11328,open
1220792,11329,open
1220883,11330,open
1220981,11331,open
1221072,11332,open
1221163,11333,open
1221254,11334,open
1221345,11335,open
1221436,11336,open
1221527,11337,open
1221624,11338,open
1221717,11339,open
1221823,11340,open
1221914,11341,open
1222001,11342,open
1222088,11343,open
1222180,11344,open
1222266,11345,open
1222352,11346,open
1222437,11347,open
1222525,11348,open
1222610,11349,open
1222696,11350,open
1222787,11351,open
1222874,11352,open
1222959,11353,open
1223046,11354,open
1223131,11355,open
1223220,11356,open
1223306,11357,open
1223392,11358,open
1223527,11359,open
1223614,11360,open
1223700,11361,open
1223786,11362,open
1223872,11363,open
1223957,11364,open
1224042,11365,open
1224127,11366,open
1224213,11367,open
1224299,11368,open
1224384,11369,open
1224483,11370,open
1224574,11371,open
1224659,11372,open
1224746,11373,open
1224836,11374,open
1224925,11375,open
1225022,11376,open
1225112,11377,open
1225198,11378,open
1225283,11379,open
1225369,11380,open
1225455,11381,open
1225541,11382,open
1225627,11383,open
1225712,11384,open
1225797,11385,open
1225883,11386,open
1225969,11387,open
1226056,11388,open
1226141,11389,open
1226235,11390,open
1226320,11391,open
1226405,11392,open
1226491,11393,open
1226576,11394,open
1226662,11395,open
1226748,11396,open
1226834,11397,open
1226921,11398,open
1227006,11399,open
1227114,11400,open
1227208,11401,open
1227298,11402,open
1227390,11403,open
1227481,11404,open
1227572,11405,open
1227663,11406,open
1227754,11407,open
1227851,11408,open
1227942,11409,open
1228033,11410,open
1228124,11411,open
1228215,11412,open
1228306,11413,open
1228399,11414,open
1228490,11415,open
1228581,11416,open
1228676,11417,open
1228768,11418,open
1228859,11419,open
1228950,11420,open
1229045,11421,open
1229145,11422,open
1229242,11423,open
1229333,11424,open
1229424,11425,open
1229515,11426,open
1229606,11427,open
1229698,11428,open
1229789,11429,open
1229900,11430,closed
1229991,11431,open
1230082,11432,open
1230173,11433,open
1230264,11434,open
1230355,11435,open
1230448,11436,open
1230539,11437,open
1230633,11438,open
1230724,11439,open
1230815,11440,open
1230907,11441,open
1230998,11442,open
1231089,11443,open
1231185,11444,open
1231276,11445,open
1231374,11446,open
1231473,11447,open
1231564,11448,open
1231655,11449,open
1231746,11450,open
1231842,11451,open
1231933,11452,open
1232029,11453,open
1232120,11454,open
1232212,11455,open
1232311,11456,open
1232402,11457,open
1232493,11458,open
1232584,11459,open
1232695,11460,open
1232787,11461,open
1232877,11462,open
1232968,11463,open
1233059,11464,open
1233150,11465,open
1233241,11466,open
1233338,11467,open
1233429,11468,open
1233519,11469,open
1233609,11470,open
1233701,11471,open
1233792,11472,open
1233883,11473,open
1233975,11474,open
1234066,11475,open
1234162,11476,open
1234253,11477,open
1234352,11478,open
1234444,11479,open
1234535,11480,open
1234626,11481,open
1234717,11482,open
1234812,11483,open
1234905,11484,open
1235001,11485,open
1235092,11486,open
1235183,11487,open
1235274,11488,open
1235370,11489,open
1235484,11490,open
1235578,11491,open
1235670,11492,open
1235757,11493,open
1235845,11494,open
1235941,11495,open
1236027,11496,open
1236114,11497,open
1236199,11498,open
1236284,11499,open
1236370,11500,open
1236456,11501,open
1236542,11502,open
1236628,11503,open
1236729,11504,open
1236817,11505,open
1236903,11506,open
1236992,11507,open
1237078,11508,open
1237164,11509,open
1237249,11510,closed
1237336,11511,open
1237422,11512,open
1237508,11513,open
1237594,11514,open
1237680,11515,open
1237766,11516,open
1237852,11517,open
1237938,11518,open
1238024,11519,open
1238130,11520,open
1238229,11521,open
1238323,11522,open
1238414,11523,open
1238506,11524,open
1238597,11525,open
1238688,11526,open
1238780,11527,open
1238872,11528,open
1238970,11529,open
1239064,11530,open
1239155,11531,open
1239246,11532,open
1239337,11533,open
1239429,11534,open
1239520,11535,closed
1239623,11536,open
1239717,11537,open
1239809,11538,open
1239899,11539,open
1240024,11540,open
1240115,11541,open
1240205,11542,open
1240295,11543,open
1240392,11544,open
1240483,11545,open
1240576,11546,open
1240667,11547,open
1240757,11548,open
1240855,11549,open
1240963,11550,open
1241054,11551,open
1241148,11552,open
1241239,11553,open
1241331,11554,open
1241424,11555,open
1241515,11556,open
1241606,11557,open
1241697,11558,open
1241792,11559,open
1241894,11560,open
1241985,11561,open
1242076,11562,open
1242168,11563,open
1242259,11564,open
1242351,11565,open
1242449,11566,open
1242541,11567,open
1242634,11568,open
1242734,11569,open
1242826,11570,open
1242917,11571,open
1243014,11572,open
1243105,11573,open
1243200,11574,open
1243291,11575,open
1243382,11576,open
1243473,11577,open
1243564,11578,open
1243655,11579,open
1243779,11580,open
1243874,11581,open
1243962,11582,open
1244049,11583,open
1244137,11584,open
1244223,11585,open
1244309,11586,open
1244395,11587,open
1244481,11588,open
1244569,11589,open
1244665,11590,open
1244752,11591,open
1244839,11592,open
1244939,11593,open
1245026,11594,open
1245111,11595,open
1245198,11596,open
1245284,11597,open
1245370,11598,open
1245456,11599,open
1245543,11600,open
1245629,11601,open
1245715,11602,open
1245801,11603,open
1245888,11604,open
1245982,11605,open
1246068,11606,open
1246154,11607,open
1246241,11608,open
1246327,11609,open
1246431,11610,open
1246531,11611,open
1246622,11612,open
1246713,11613,open
1246804,11614,open
1246895,11615,open
1246986,11616,open
1247077,11617,open
1247168,11618,open
1247264,11619,open
1247364,11620,open
1247457,11621,open
1247549,11622,open
1247640,11623,open
1247731,11624,open
1247822,11625,open
1247914,11626,open
1248012,11627,open
1248112,11628,open
1248204,11629,open
1248296,11630,open
1248388,11631,open
1248479,11632,open
1248570,11633,open
1248668,11634,open
1248768,11635,open
1248860,11636,open
1248951,11637,open
1249042,11638,open
1249133,11639,open
1249249,11640,open
1249345,11641,open
1249436,11642,open
1249531,11643,open
1249622,11644,open
1249713,11645,open
1249809,11646,open
1249901,11647,open
1250001,11648,open
1250092,11649,open
1250184,11650,open
1250277,11651,open
1250368,11652,open
1250459,11653,open
1250557,11654,open
1250663,11655,open
1250754,11656,open
1250846,11657,open
1250938,11658,open
1251030,11659,open
1251122,11660,open
1251220,11661,open
1251312,11662,open
1251412,11663,open
1251504,11664,open
1251597,11665,open
1251689,11666,open
1251781,11667,open
1251879,11668,open
1251979,11669,open
1252083,11670,open
1252175,11671,open
1252267,11672,open
1252359,11673,open
1252459,11674,open
1252551,11675,open
1252643,11676,open
1252742,11677,open
1252849,11678,open
1252941,11679,open
1253036,11680,open
1253128,11681,open
1253221,11682,open
1253313,11683,open
1253405,11684,open
1253506,11685,open
1253598,11686,open
1253693,11687,open
1253785,11688,open
1253877,11689,open
1253969,11690,open
1254061,11691,open
1254153,11692,open
1254247,11693,open
1254347,11694,open
1254448,11695,open
1254540,11696,open
1254632,11697,open
1254724,11698,open
1254815,11699,open
1254927,11700,open
1255027,11701,open
1255118,11702,open
1255213,11703,open
1255305,11704,open
1255396,11705,open
1255487,11706,open
1255578,11707,open
1255677,11708,open
1255772,11709,open
1255863,11710,open
1255954,11711,open
1256045,11712,open
1256136,11713,open
1256230,11714,open
1256321,11715,open
1256427,11716,open
1256518,11717,open
1256610,11718,open
1256700,11719,open
1256791,11720,open
1256883,11721,open
1256977,11722,open
1257068,11723,open
1257166,11724,open
1257265,11725,open
1257356,11726,open
1257447,11727,open
1257538,11728,open
1257630,11729,open
1257744,11730,open
1257837,11731,open
1257925,11732,open
1258012,11733,open
1258101,11734,open
1258206,11735,open
1258294,11736,open
1258587,11737,open
1259786,11738,open
1260104,11739,open
1260424,11740,open
1260747,11741,open
1261170,11742,open
1261485,11743,open
1261791,11744,open
1262097,11745,open
1262834,11746,open
1263037,11747,open
1263355,11748,open
1263493,11749,open
1263579,11750,open
1263665,11751,open
1263751,11752,open
1263840,11753,open
1263934,11754,open
1264020,11755,open
1264106,11756,open
1264192,11757,open
1264278,11758,open
1264364,11759,open
1264467,11760,open
1264558,11761,open
1264643,11762,open
1264728,11763,open
1264814,11764,open
1264898,11765,open
1264983,11766,open
1265068,11767,open
1265153,11768,open
1265238,11769,open
1265332,11770,open
1265417,11771,open
1265503,11772,open
1265590,11773,open
1265677,11774,open
1265763,11775,open
1265849,11776,open
1265935,11777,open
1266029,11778,open
1266114,11779,open
1266200,11780,open
1266285,11781,open
1266371,11782,open
1266456,11783,open
1266542,11784,open
1266636,11785,open
1266721,11786,open
1266806,11787,open
1266898,11788,open
1266984,11789,open
1267085,11790,open
1267177,11791,open
1267274,11792,open
1267365,11793,open
1267462,11794,open
1267553,11795,open
1267645,11796,open
1267742,11797,open
1267877,11798,open
1267968,11799,open
1268059,11800,open
1268151,11801,open
1268242,11802,open
1268333,11803,open
1268424,11804,open
1268532,11805,open
1268623,11806,open
1268714,11807,open
1268805,11808,open
1268896,11809,open
1268988,11810,open
1269094,11811,open
1269185,11812,open
1269280,11813,open
1269371,11814,open
1269463,11815,open
1269554,11816,open
1269645,11817,open
1269751,11818,open
1269842,11819,open
1269947,11820,open
1270038,11821,open
1270130,11822,open
1270222,11823,open
1270322,11824,open
1270414,11825,open
1270506,11826,open
1270606,11827,open
1270697,11828,open
1270788,11829,open
1270879,11830,open
1270977,11831,open
1271069,11832,open
1271160,11833,open
1271260,11834,open
1271352,11835,open
1271443,11836,open
1271535,11837,open
1271627,11838,open
1271724,11839,open
1271816,11840,open
1271916,11841,open
1272007,11842,open
1272098,11843,open
1272189,11844,open
1272287,11845,open
1272380,11846,open
1272472,11847,open
1272573,11848,open
1272664,11849,open
1272768,11850,open
1272869,11851,open
1272961,11852,open
1273048,11853,open
1273139,11854,open
1273232,11855,open
1273323,11856,open
1273416,11857,open
1273525,11858,open
1273616,11859,open
1273708,11860,open
1273799,11861,open
1273890,11862,open
1273981,11863,open
1274072,11864,open
1274163,11865,open
1274271,11866,open
1274362,11867,open
1274453,11868,open
1274544,11869,open
1274635,11870,open
1274727,11871,open
1274818,11872,open
1274915,11873,open
1275015,11874,open
1275106,11875,open
1275200,11876,open
1275290,11877,open
1275381,11878,open
1275478,11879,open
1275587,11880,open
1275678,11881,open
1275769,11882,open
1275861,11883,open
1275953,11884,open
1276044,11885,open
1276142,11886,open
1276233,11887,open
1276324,11888,open
1276424,11889,open
1276516,11890,open
1276607,11891,open
1276699,11892,open
1276791,11893,open
1276889,11894,open
1276981,11895,open
1277081,11896,open
1277173,11897,open
1277265,11898,open
1307342,12223,open
1307433,12224,open
1307532,12225,open
1307623,12226,open
1307720,12227,open
1307811,12228,open
1307902,12229,open
1307993,12230,open
1308085,12231,squint
1308176,12232,squint
1308269,12233,squint
1308360,12234,squint
1308457,12235,squint
1308560,12236,squint
1308657,12237,open
1308748,12238,open
1308838,12239,open
1308946,12240,open
1309036,12241,open
1309128,12242,open
1309215,12243,open
1309310,12244,open
1309401,12245,open
1309491,12246,open
1309582,12247,open
1309681,12248,open
1309803,12249,open
1309893,12250,open
1309983,12251,open
1310081,12252,open
1310171,12253,open
1310261,12254,open
1310351,12255,open
1310448,12256,open
1310538,12257,open
1310629,12258,open
1310719,12259,open
1310812,12260,open
1310902,12261,open
1311000,12262,open
1311096,12263,open
1311186,12264,open
1311288,12265,open
1311376,12266,open
1311466,12267,open
1311557,12268,open
1311647,12269,open
1311758,12270,open
1311848,12271,open
1311934,12272,open
1312023,12273,open
1312111,12274,open
1312198,12275,open
1312294,12276,open
1312380,12277,open
1312465,12278,open
1312551,12279,open
1312636,12280,open
1312722,12281,open
1312828,12282,open
1312908,12283,open
1312999,12284,open
1313084,12285,open
1313177,12286,open
1313257,12287,open
1313346,12288,open
1313431,12289,open
1313516,12290,open
1313601,12291,open
1313688,12292,open
1313781,12293,open
1313866,12294,squint
1313952,12295,squint
1314037,12296,squint
1314122,12297,squint
1314207,12298,squint
1314293,12299,squint
1314400,12300,squint
1314490,12301,squint
1314580,12302,squint
1314674,12303,squint
1314765,12304,squint
1314855,12305,squint
1314945,12306,squint
1315035,12307,squint
1315125,12308,squint
1315222,12309,squint
1315314,12310,squint
1315410,12311,squint
1315500,12312,squint
1315590,12313,squint
1315689,12314,squint
1315779,12315,squint
1315879,12316,squint
1315969,12317,squint
1316060,12318,squint
1316150,12319,squint
1316241,12320,squint
1316332,12321,squint
1316423,12322,squint
1316529,12323,squint
1316620,12324,squint
1316711,12325,squint
1316802,12326,squint
1316894,12327,squint
1316986,12328,squint
1317077,12329,squint
1317193,12330,open
1317284,12331,open
1317390,12332,open
1317477,12333,open
1317568,12334,open
1317659,12335,open
1317757,12336,open
1317850,12337,open
1317941,12338,open
1318032,12339,open
1318131,12340,open
1318222,12341,open
1318312,12342,open
1318402,12343,open
1318498,12344,open
1318588,12345,open
1318678,12346,open
1318768,12347,open
1318859,12348,open
1318949,12349,open
1319039,12350,open
1319129,12351,open
1319234,12352,open
1319325,12353,open
1319416,12354,open
1319507,12355,open
1319609,12356,open
1319702,12357,open
1319796,12358,open
1319887,12359,open
1319997,12360,open
1320091,12361,open
1320182,12362,open
1320273,12363,open
1320370,12364,open
1320461,12365,open
1320552,12366,open
1320643,12367,open
1320754,12368,open
1320845,12369,open
1320936,12370,open
1321044,12371,open
1321134,12372,open
1321225,12373,open
1321316,12374,open
1321407,12375,open
1321498,12376,open
1321589,12377,open
1321692,12378,open
1321783,12379,open
1321879,12380,open
1321969,12381,open
1322060,12382,open
1322151,12383,open
1322248,12384,open
1322341,12385,open
1322440,12386,open
1322531,12387,open
1322622,12388,open
1322713,12389,open
1322829,12390,open
1322920,12391,open
1323007,12392,open
1323099,12393,open
1323195,12394,open
1323283,12395,open
1323369,12396,open
1323459,12397,open
1323545,12398,open
1323639,12399,open
1323725,12400,open
1323811,12401,open
1323896,12402,open
1323981,12403,open
1324069,12404,open
1324155,12405,open
1324241,12406,open
1324326,12407,open
1324427,12408,open
1324513,12409,open
1324600,12410,open
1324687,12411,open
1324773,12412,open
1324858,12413,open
1324943,12414,open
1325030,12415,open
1325115,12416,open
1325210,12417,open
1325297,12418,open
1325382,12419,open
1325482,12420,open
1325576,12421,open
1325670,12422,open
1325762,12423,open
1325854,12424,open
1325945,12425,open
1326036,12426,open
1326127,12427,open
1326218,12428,open
1326324,12429,open
1326415,12430,open
1326506,12431,open
1326597,12432,open
1326688,12433,open
1326779,12434,open
1326869,12435,open
1326959,12436,open
1327064,12437,open
1327156,12438,open
1327247,12439,open
1327338,12440,open
1327428,12441,open
1327518,12442,open
1327608,12443,open
1327702,12444,squint
1327793,12445,squint
1327891,12446,squint
1327984,12447,squint
1328075,12448,squint
1328166,12449,squint
1328276,12450,squint
1328366,12451,squint
1328452,12452,squint
1328539,12453,squint
1328630,12454,squint
1328716,12455,squint
1328801,12456,squint
1328886,12457,squint
1328983,12458,squint
1329063,12459,squint
1329148,12460,squint
1329243,12461,squint
1329329,12462,squint
1329414,12463,squint
1329499,12464,squint
1329585,12465,squint
1329670,12466,squint
1329755,12467,squint
1329841,12468,squint
1329929,12469,squint
1330014,12470,squint
1330107,12471,squint
1330194,12472,squint
1330279,12473,squint
1330364,12474,squint
1330449,12475,squint
1330534,12476,squint
1330630,12477,closed
1330710,12478,squint
1330795,12479,squint
1330901,12480,squint
1330993,12481,squint
1331083,12482,squint
1331180,12483,squint
1331271,12484,squint
1331361,12485,squint
1331452,12486,squint
1331543,12487,squint
1331633,12488,squint
1331723,12489,open
1331815,12490,open
1331922,12491,open
1332021,12492,open
1332112,12493,open
1332206,12494,open
1332298,12495,open
1332389,12496,open
1332480,12497,open
1332577,12498,open
1332668,12499,open
1332767,12500,open
1332858,12501,open
1332949,12502,open
1333042,12503,open
1333133,12504,open
1333230,12505,open
1333323,12506,open
1333445,12507,open
1333546,12508,open
1333636,12509,open
1333745,12510,open
1333835,12511,open
1333926,12512,open
1334011,12513,open
1334097,12514,open
1334182,12515,open
1334268,12516,open
1334353,12517,open
1334439,12518,open
1334532,12519,open
1334618,12520,open
1334706,12521,open
1334791,12522,open
1334875,12523,open
1334960,12524,open
1335044,12525,open
1335130,12526,open
1335229,12527,open
1335316,12528,open
1335402,12529,open
1335490,12530,open
1335575,12531,open
1335662,12532,open
1335748,12533,open
1335842,12534,open
1335929,12535,open
1336015,12536,open
1336101,12537,open
1336187,12538,open
1336273,12539,open
1336371,12540,open
1336468,12541,open
1336559,12542,open
1336650,12543,open
1336742,12544,open
1336833,12545,open
1336924,12546,open
1337015,12547,open
1337116,12548,open
1337214,12549,open
1337305,12550,open
1337398,12551,open
1337490,12552,open
1337580,12553,open
1337671,12554,open
1337762,12555,open
1337855,12556,open
1337961,12557,open
1338052,12558,open
1338143,12559,open
1338234,12560,open
1338325,12561,open
1338416,12562,open
1338507,12563,open
1338606,12564,squint
1338705,12565,squint
1338810,12566,squint
1338901,12567,squint
1338991,12568,squint
1339083,12569,squint
1339192,12570,squint
1339283,12571,squint
1339373,12572,squint
1339467,12573,squint
1339558,12574,squint
1339648,12575,squint
1339740,12576,squint
1339832,12577,squint
1339929,12578,squint
1340024,12579,squint
1340114,12580,squint
1340205,12581,squint
1340295,12582,squint
1340388,12583,squint
1340481,12584,squint
1340580,12585,squint
1340677,12586,squint
1340768,12587,squint
1340859,12588,squint
1340949,12589,squint
1341039,12590,squint
1341131,12591,squint
1341224,12592,squint
1341321,12593,squint
1341412,12594,squint
1341503,12595,squint
1341594,12596,squint
1341685,12597,squint
1341775,12598,squint
1341865,12599,squint
1341983,12600,open
1342073,12601,open
1342159,12602,open
1342254,12603,closed
1342352,12604,closed
1342432,12605,open
1342517,12606,open
1342605,12607,open
1342690,12608,open
1342775,12609,open
1342860,12610,open
1342946,12611,open
1343032,12612,open
1343117,12613,open
1343211,12614,open
1343299,12615,open
1343385,12616,open
1343471,12617,open
1343561,12618,open
1343647,12619,open
1343733,12620,open
1343819,12621,open
1343913,12622,open
1343998,12623,open
1344084,12624,open
1344170,12625,open
1344256,12626,open
1344342,12627,open
1344428,12628,open
1344515,12629,open
1344613,12630,open
1344710,12631,open
1344806,12632,open
1344897,12633,open
1344989,12634,open
1345080,12635,open
1345171,12636,open
1345262,12637,open
1345354,12638,open
1345464,12639,open
1345555,12640,open
1345646,12641,open
1345737,12642,open
1345828,12643,open
1345919,12644,open
1346010,12645,open
1346116,12646,open
1346220,12647,open
1346310,12648,open
1346400,12649,open
1346494,12650,open
1346585,12651,open
1346678,12652,open
1346775,12653,open
1346866,12654,open
1346957,12655,open
1347056,12656,open
1347146,12657,open
1347253,12658,open
1347345,12659,open
1347447,12660,open
1347538,12661,open
1347629,12662,open
1347719,12663,open
1347810,12664,open
1347901,12665,open
1348000,12666,open
1348091,12667,closed
1348194,12668,open
1348283,12669,open
1348374,12670,open
1348465,12671,open
1348565,12672,open
1348662,12673,open
1348754,12674,open
1348845,12675,open
1348936,12676,open
1349027,12677,open
1349118,12678,open
1349209,12679,open
1349315,12680,open
1349403,12681,open
1349494,12682,open
1349586,12683,open
1349677,12684,open
1349768,12685,open
1349859,12686,open
1349956,12687,open
1350048,12688,open
1350147,12689,open
1350251,12690,open
1350342,12691,open
1350433,12692,open
1350531,12693,open
1350622,12694,open
1350713,12695,open
1350804,12696,open
1350895,12697,open
1350986,12698,open
1351084,12699,open
1351175,12700,open
1351275,12701,open
1351366,12702,open
1351457,12703,open
1351548,12704,open
1351639,12705,open
1351730,12706,open
1351821,12707,open
1351912,12708,open
1352017,12709,open
1352107,12710,open
1352198,12711,open
1352289,12712,open
1352380,12713,open
1352471,12714,open
1352565,12715,open
1352659,12716,open
1352750,12717,open
1352841,12718,open
1352932,12719,open
1353043,12720,open
1353136,12721,open
1353231,12722,open
1353322,12723,open
1353418,12724,open
1353509,12725,open
1353602,12726,open
1353693,12727,open
1353784,12728,open
1353879,12729,open
1353970,12730,open
1354071,12731,open
1354162,12732,open
1354253,12733,open
1354344,12734,open
1354435,12735,open
1354526,12736,open
1354623,12737,open
1354714,12738,open
1354805,12739,open
1354904,12740,open
1354995,12741,open
1355086,12742,open
1355178,12743,closed
1355273,12744,open
1355366,12745,open
1355485,12746,open
1355577,12747,open
1355668,12748,open
1355758,12749,open
1355873,12750,open
1355964,12751,open
1356054,12752,open
1356144,12753,open
1356234,12754,open
1356324,12755,open
1356414,12756,open
1356514,12757,open
1356604,12758,open
1356702,12759,open
1356792,12760,open
1356883,12761,open
1356974,12762,open
1357065,12763,open
1357156,12764,open
1357253,12765,open
1357345,12766,open
1357445,12767,open
1357537,12768,open
1357629,12769,open
1357720,12770,open
1357820,12771,open
1357911,12772,open
1358003,12773,open
1358102,12774,open
1358198,12775,open
1358289,12776,open
1358380,12777,open
1358477,12778,open
1358568,12779,open
1358680,12780,open
1358771,12781,open
1358862,12782,open
1358954,12783,open
1359053,12784,open
1359144,12785,open
1359235,12786,open
1359326,12787,open
1359426,12788,open
1359518,12789,open
1359610,12790,open
1359709,12791,open
1359800,12792,open
1359891,12793,open
1359990,12794,open
1360081,12795,open
1360172,12796,open
1360263,12797,open
1360361,12798,open
1360452,12799,open
1360543,12800,open
1360642,12801,open
1360733,12802,open
1360824,12803,open
1360915,12804,open
1361012,12805,open
1361103,12806,open
1361194,12807,open
1361296,12808,open
1361387,12809,open
1361499,12810,open
1361594,12811,open
1361685,12812,open
1361776,12813,open
1361868,12814,open
1361960,12815,open
1362051,12816,open
1362149,12817,open
1362245,12818,open
1362335,12819,open
1362426,12820,open
1362517,12821,open
1362608,12822,open
1362699,12823,open
1362790,12824,open
1362880,12825,open
1362983,12826,open
1363074,12827,open
1363174,12828,open
1363270,12829,open
1363363,12830,open
1363455,12831,open
1363553,12832,open
1363648,12833,open
1363739,12834,open
1363830,12835,open
1363929,12836,open
1364020,12837,open
1364111,12838,open
1364207,12839,open
1364316,12840,open
1364407,12841,open
1364498,12842,open
1364591,12843,open
1364683,12844,open
1364779,12845,open
1364870,12846,open
1364962,12847,open
1365062,12848,open
1365154,12849,open
1365246,12850,open
1365337,12851,open
1365428,12852,open
1365527,12853,open
1365623,12854,open
1365723,12855,open
1365814,12856,open
1365905,12857,open
1365996,12858,open
1366087,12859,open
1366182,12860,open
1366273,12861,open
1366364,12862,open
1366466,12863,open
1366558,12864,open
1366649,12865,open
1366746,12866,open
1366838,12867,open
1366931,12868,open
1367031,12869,open
1367137,12870,open
1367232,12871,open
1367333,12872,open
1367424,12873,open
1367517,12874,open
1367612,12875,open
1367704,12876,open
1367807,12877,open
1367901,12878,open
1367999,12879,open
1368091,12880,open
1368184,12881,open
1368275,12882,open
1368366,12883,open
1368466,12884,open
1368558,12885,open
1368653,12886,open
1368746,12887,open
1368837,12888,open
1368928,12889,open
1369019,12890,open
1369120,12891,open
1369211,12892,open
1369308,12893,open
1369399,12894,open
1369492,12895,open
1369585,12896,open
1369684,12897,open
1369778,12898,open
1369875,12899,open
1369980,12900,open
1370071,12901,open
1370162,12902,open
1370253,12903,open
1370344,12904,closed
1370435,12905,open
1370534,12906,open
1370625,12907,open
1370725,12908,open
1370816,12909,open
1370907,12910,open
1370999,12911,open
1371090,12912,open
1371182,12913,open
1371287,12914,open
1371378,12915,open
1371469,12916,open
1371562,12917,open
1371653,12918,open
1371744,12919,open
1371854,12920,open
1371945,12921,open
1372036,12922,open
1372127,12923,open
1372218,12924,closed
1372322,12925,open
1372425,12926,open
1372516,12927,open
1372607,12928,open
1372698,12929,open
1372803,12930,open
1372894,12931,open
1372991,12932,open
1373082,12933,open
1373176,12934,open
1373267,12935,open
1373358,12936,open
1373450,12937,open
1373542,12938,open
1373633,12939,open
1373730,12940,open
1373820,12941,open
1373914,12942,open
1374050,12943,open
1374140,12944,open
1374232,12945,open
1374322,12946,open
1374412,12947,open
1374503,12948,open
1374593,12949,open
1374689,12950,open
1374781,12951,open
1374871,12952,open
1374964,12953,open
1375055,12954,open
1375145,12955,open
1375243,12956,open
1375339,12957,open
1375429,12958,closed
1375520,12959,open
1375624,12960,open
1375714,12961,open
1375801,12962,open
1375889,12963,open
1375985,12964,open
1376074,12965,open
1376161,12966,open
1376251,12967,open
1376366,12968,closed
1376453,12969,open
1376540,12970,open
1376628,12971,open
1376717,12972,open
1376804,12973,open
1376896,12974,open
1376984,12975,open
1377072,12976,open
1377159,12977,open
1377259,12978,open
1377347,12979,open
1377441,12980,open
1377527,12981,open
1377615,12982,open
1377701,12983,open
1377787,12984,open
1377873,12985,open
1377961,12986,open
1378047,12987,open
1378133,12988,open
1378218,12989,open
1378318,12990,open
1378408,12991,open
1378505,12992,open
1378602,12993,open
1378694,12994,open
1378785,12995,open
1378876,12996,open
1378967,12997,open
1379058,12998,open
1379149,12999,open
1379245,13000,open
1379345,13001,open
1379436,13002,open
1379527,13003,open
1379619,13004,open
1379710,13005,open
1379801,13006,open
1379898,13007,open
1380002,13008,open
1380093,13009,closed
1380183,13010,open
1380274,13011,open
1380379,13012,open
1380475,13013,open
1380566,13014,open
1380657,13015,open
1380748,13016,open
1380839,13017,open
1380930,13018,open
1381030,13019,open
1381142,13020,open
1381233,13021,open
1381325,13022,open
1381416,13023,open
1381508,13024,open
1381600,13025,open
1381691,13026,open
1381782,13027,open
1381888,13028,open
1381979,13029,open
1382073,13030,open
1382164,13031,open
1382255,13032,open
1382346,13033,open
1382445,13034,open
1382544,13035,open
1382638,13036,open
1382729,13037,open
1382822,13038,open
1382913,13039,open
1383004,13040,open
1383101,13041,open
1383200,13042,open
1383291,13043,open
1383381,13044,open
1383475,13045,open
1383568,13046,open
1383661,13047,open
1383753,13048,open
1383852,13049,open
1383958,13050,open
1384049,13051,open
1384140,13052,open
1384240,13053,open
1384331,13054,open
1384423,13055,open
1384515,13056,open
1384607,13057,open
1384707,13058,open
1384799,13059,open
1384891,13060,open
1384990,13061,open
1385082,13062,open
1385176,13063,open
1385268,13064,open
1385372,13065,open
1385464,13066,open
1385556,13067,open
1385655,13068,open
1385747,13069,open
1385839,13070,open
1385932,13071,open
1386032,13072,open
1386124,13073,open
1386222,13074,open
1386315,13075,open
1386406,13076,open
1386498,13077,open
1386590,13078,open
1386690,13079,open
1386801,13080,open
1386895,13081,open
1386982,13082,open
1387070,13083,open
1387158,13084,open
1387254,13085,open
1387339,13086,open
1387425,13087,open
1387511,13088,open
1387606,13089,open
1387693,13090,open
1387780,13091,open
1387868,13092,open
1387953,13093,open
1388038,13094,open
1388123,13095,open
1388209,13096,open
1388295,13097,open
1388382,13098,open
1388471,13099,open
1388558,13100,open
1388645,13101,open
1388731,13102,open
1388816,13103,open
1388902,13104,open
1388997,13105,open
1389082,13106,open
1389168,13107,open
1389254,13108,open
1389340,13109,open
1389439,13110,open
1389534,13111,open
1389625,13112,open
1389722,13113,open
1389813,13114,open
1389909,13115,open
1390000,13116,open
1390092,13117,open
1390183,13118,open
1390274,13119,open
1390365,13120,open
1390462,13121,open
1390553,13122,open
1390644,13123,open
1390743,13124,open
1390834,13125,open
1390925,13126,open
1391016,13127,open
1391113,13128,open
1391204,13129,open
1391295,13130,open
1391387,13131,open
1391478,13132,open
1391569,13133,open
1391659,13134,open
1391751,13135,open
1391844,13136,open
1391934,13137,open
1392037,13138,open
1392128,13139,open
1392230,13140,open
1392329,13141,open
1392415,13142,open
1392500,13143,open
1392586,13144,open
1392672,13145,open
1392757,13146,closed
1392855,13147,closed
1392935,13148,open
1393022,13149,open
1393106,13150,open
1393191,13151,open
1393276,13152,open
1393362,13153,open
1393448,13154,open
1393534,13155,open
1393620,13156,open
1393716,13157,open
1393803,13158,open
1393891,13159,open
1393982,13160,open
1394071,13161,open
1394157,13162,open
1394242,13163,open
1394328,13164,open
1394413,13165,open
1394503,13166,open
1394588,13167,open
1394674,13168,open
1394760,13169,open
1394862,13170,open
1394956,13171,open
1395042,13172,open
1395128,13173,open
1395213,13174,open
1395299,13175,open
1395384,13176,open
1395469,13177,open
1395555,13178,open
1395655,13179,open
1395741,13180,open
1395828,13181,open
1395916,13182,open
1396000,13183,open
1396087,13184,open
1396172,13185,open
1396258,13186,open
1396344,13187,open
1396430,13188,open
1396524,13189,open
1396609,13190,open
1396695,13191,open
1396781,13192,open
1396867,13193,open
1396952,13194,open
1397038,13195,open
1397124,13196,open
1397214,13197,open
1397309,13198,open
1397395,13199,open
1397496,13200,open
1397587,13201,open
1397678,13202,open
1397771,13203,open
1397863,13204,open
1397959,13205,open
1398050,13206,open
1398142,13207,open
1398233,13208,open
1398332,13209,open
1398424,13210,open
1398515,13211,open
1398610,13212,open
1398701,13213,open
1398793,13214,open
1398884,13215,open
1398975,13216,open
1399066,13217,open
1399194,13218,open
1399290,13219,open
1399380,13220,open
1399470,13221,open
1399560,13222,open
1399650,13223,open
1399740,13224,open
1399842,13225,open
1399936,13226,open
1400026,13227,open
1400125,13228,open
1400217,13229,open
1400318,13230,open
1400408,13231,open
1400506,13232,open
1400597,13233,open
1400687,13234,open
1400777,13235,open
1400868,13236,open
1400959,13237,open
1401050,13238,open
1401141,13239,open
1401232,13240,open
1401330,13241,open
1401429,13242,open
1401521,13243,open
1401612,13244,open
1401703,13245,open
1401796,13246,open
1401893,13247,open
1401989,13248,open
1402080,13249,open
1402179,13250,open
1402270,13251,open
1402362,13252,open
1402453,13253,open
1402548,13254,open
1402640,13255,open
1402731,13256,open
1402822,13257,open
1402913,13258,open
1403004,13259,open
1403121,13260,open
1403215,13261,open
1403305,13262,open
1403395,13263,open
1403485,13264,open
1403576,13265,open
1403666,13266,open
1403759,13267,open
1403851,13268,open
1403946,13269,open
1404045,13270,open
1404136,13271,open
1404227,13272,open
1404318,13273,open
1404409,13274,open
1404500,13275,open
1404597,13276,open
1404688,13277,open
1404779,13278,open
1404878,13279,open
1404969,13280,open
1405061,13281,open
1405152,13282,open
1405255,13283,open
1405346,13284,open
1405437,13285,open
1405528,13286,open
1405625,13287,open
1405724,13288,open
1405820,13289,open
1405926,13290,open
1406016,13291,open
1406107,13292,open
1406198,13293,open
1406292,13294,open
1406391,13295,open
1406482,13296,open
1406574,13297,open
1406665,13298,open
1406755,13299,open
1406845,13300,open
1406943,13301,open
1407036,13302,open
1407130,13303,open
1407221,13304,open
1407312,13305,open
1407403,13306,open
1407494,13307,open
1407585,13308,open
1407675,13309,open
1407768,13310,open
1407867,13311,open
1407958,13312,open
1408064,13313,open
1408157,13314,open
1408248,13315,open
1408339,13316,open
1408436,13317,open
1408527,13318,open
1408621,13319,open
1408728,13320,open
1408819,13321,open
1408910,13322,open
1409009,13323,open
1409102,13324,open
1409193,13325,open
1409284,13326,open
1409375,13327,open
1409466,13328,open
1409557,13329,open
1409648,13330,open
1409755,13331,open
1409847,13332,open
1409939,13333,open
1410035,13334,open
1410126,13335,open
1410217,13336,open
1410308,13337,open
1410400,13338,open
1410496,13339,open
1410587,13340,open
1410686,13341,open
1410777,13342,open
1410868,13343,open
1410959,13344,open
1411055,13345,open
1411146,13346,open
1411237,13347,open
1411328,13348,open
1411419,13349,open
1411531,13350,open
1411629,13351,open
1411724,13352,open
1411815,13353,open
1411907,13354,open
1412001,13355,open
1412095,13356,open
1412186,13357,open
1412277,13358,open
1412374,13359,open
1412465,13360,open
1412557,13361,open
1412661,13362,open
1412752,13363,open
1412844,13364,open
1412935,13365,open
1413026,13366,open
1413123,13367,open
1413214,13368,open
1413305,13369,open
1413395,13370,open
1413486,13371,open
1413576,13372,open
1413675,13373,open
1413769,13374,open
1413860,13375,open
1413957,13376,open
1414048,13377,open
1414143,13378,open
1414234,13379,open
1414349,13380,open
1414440,13381,open
1414531,13382,open
1414622,13383,open
1414712,13384,open
1414803,13385,open
1414894,13386,open
1414989,13387,open
1415080,13388,open
1415171,13389,open
1415262,13390,open
1415353,13391,open
1415444,13392,open
1415543,13393,open
1415635,13394,open
1415732,13395,open
1415823,13396,open
1415916,13397,open
1416007,13398,open
1416098,13399,open
1416189,13400,open
1416280,13401,open
1416376,13402,open
1416475,13403,open
1416566,13404,open
1416657,13405,open
1416748,13406,open
1416839,13407,open
1416931,13408,open
1417028,13409,open
1417137,13410,open
1417231,13411,open
1417322,13412,open
1417413,13413,open
1417504,13414,open
1417595,13415,open
1417692,13416,open
1417783,13417,open
1417874,13418,open
1417966,13419,open
1418056,13420,open
1418187,13421,open
1418281,13422,open
1418375,13423,open
1418465,13424,open
1418555,13425,open
1418646,13426,open
1418736,13427,open
1418826,13428,open
1418917,13429,open
1419010,13430,open
1419107,13431,open
1419205,13432,open
1419295,13433,open
1419385,13434,open
1419476,13435,open
1419569,13436,open
1419665,13437,open
1419756,13438,open
1419847,13439,open
1419958,13440,open
1420051,13441,open
1420142,13442,open
1420233,13443,open
1420331,13444,open
1420422,13445,open
1420513,13446,open
1420611,13447,open
1420711,13448,open
1420813,13449,open
1420910,13450,open
1421001,13451,open
1421092,13452,open
1421182,13453,open
1421273,13454,open
1421363,13455,open
1421454,13456,open
1421547,13457,open
1421638,13458,open
1421734,13459,open
1421833,13460,open
1421926,13461,open
1422019,13462,open
1422110,13463,open
1422201,13464,open
1422291,13465,open
1422385,13466,open
1422475,13467,open
1422565,13468,open
1422655,13469,open
1422767,13470,open
1422858,13471,open
1422955,13472,open
1423049,13473,open
1423140,13474,open
1423233,13475,open
1423324,13476,open
1423416,13477,open
1423507,13478,open
1423598,13479,open
1423693,13480,open
1423792,13481,open
1423883,13482,open
1423976,13483,open
1424071,13484,open
1424162,13485,open
1424253,13486,open
1424350,13487,open
1424441,13488,open
1424532,13489,open
1424625,13490,open
1424725,13491,open
1424816,13492,open
1424906,13493,open
1425003,13494,open
1425093,13495,open
1425183,13496,open
1425273,13497,open
1425364,13498,open
1425454,13499,open
1425567,13500,open
1425660,13501,open
1425749,13502,open
1425836,13503,open
1425924,13504,open
1426012,13505,open
1426101,13506,open
1426188,13507,closed
1426287,13508,open
1426369,13509,open
1426462,13510,open
1426550,13511,open
1426637,13512,open
1426732,13513,open
1426819,13514,open
1426906,13515,open
1427001,13516,open
1427089,13517,open
1427178,13518,open
1427263,13519,open
1427348,13520,open
1427434,13521,open
1427519,13522,open
1427605,13523,open
1427698,13524,open
1427783,13525,open
1427868,13526,open
1427953,13527,open
1428040,13528,open
1428126,13529,open
1428226,13530,open
1428325,13531,open
1428417,13532,open
1428508,13533,open
1428599,13534,open
1428690,13535,closed
1428780,13536,open
1428871,13537,open
1428962,13538,open
1429055,13539,squint
1429152,13540,squint
1429252,13541,open
1429343,13542,open
1429434,13543,open
1429526,13544,open
1429617,13545,open
1429708,13546,open
1429803,13547,open
1429894,13548,open
1429985,13549,open
1430077,13550,open
1430171,13551,open
1430262,13552,open
1430353,13553,open
1430444,13554,open
1430547,13555,open
1430638,13556,open
1430729,13557,open
1430826,13558,open
1430917,13559,open
1431030,13560,open
1431122,13561,open
1431209,13562,open
1431294,13563,open
1431379,13564,open
1431465,13565,open
1431551,13566,open
1431637,13567,open
1431722,13568,open
1431808,13569,open
1431893,13570,open
1431979,13571,open
1432066,13572,open
1432170,13573,open
1432257,13574,open
1432342,13575,open
1432428,13576,open
1432514,13577,open
1432600,13578,open
1432686,13579,open
1432775,13580,open
1432860,13581,open
1432943,13582,open
1433028,13583,open
1433120,13584,open
1433205,13585,open
1433290,13586,open
1433376,13587,open
1433463,13588,open
1433549,13589,open
1433649,13590,open
1433743,13591,open
1433834,13592,open
1433931,13593,open
1434023,13594,open
1434118,13595,open
1434209,13596,open
1434300,13597,open
1434391,13598,open
1434482,13599,open
1434574,13600,open
1434673,13601,open
1434764,13602,open
1434864,13603,open
1434955,13604,open
1435046,13605,open
1435137,13606,open
1435228,13607,open
1435339,13608,open
1435430,13609,open
1435521,13610,open
1435612,13611,open
1435703,13612,open
1435793,13613,open
1435883,13614,open
1435977,13615,open
1436083,13616,open
1436178,13617,open
1436269,13618,open
1436360,13619,open
1436464,13620,open
1436562,13621,open
1436653,13622,open
1436744,13623,open
1436835,13624,open
1436925,13625,open
1437016,13626,open
1437108,13627,open
1437199,13628,open
1437296,13629,open
1437388,13630,open
1437487,13631,open
1437580,13632,open
1437671,13633,open
1437762,13634,open
1437853,13635,open
1437944,13636,open
1438041,13637,open
1438132,13638,open
1438222,13639,open
1438313,13640,open
1438405,13641,open
1438496,13642,open
1438587,13643,open
1438692,13644,open
1438784,13645,open
1438874,13646,open
1438964,13647,open
1439055,13648,open
1439146,13649,open
1439259,13650,open
1439350,13651,open
1439441,13652,open
1439534,13653,open
1439629,13654,open
1439720,13655,open
1439811,13656,open
1439903,13657,open
1440000,13658,open
1440092,13659,open
1440183,13660,open
1440274,13661,open
1440398,13662,open
1440496,13663,open
1440586,13664,open
1440682,13665,open
1440774,13666,open
1440864,13667,open
1440954,13668,open
1441044,13669,open
1441134,13670,open
1441225,13671,open
1441316,13672,open
1441412,13673,open
1441502,13674,open
1441600,13675,open
1441691,13676,open
1441781,13677,open
1441872,13678,open
1441967,13679,open
1442072,13680,open
1442159,13681,open
1442250,13682,open
1442341,13683,open
1442436,13684,open
1442527,13685,open
1442624,13686,open
1442715,13687,open
1442806,13688,open
1442897,13689,open
1442991,13690,open
1443082,13691,open
1443173,13692,open
1443263,13693,open
1443355,13694,open
1443452,13695,open
1443542,13696,open
1443633,13697,open
1443733,13698,open
1443824,13699,open
1443915,13700,open
1444006,13701,open
1444109,13702,open
1444204,13703,open
1444295,13704,open
1444386,13705,open
1444477,13706,open
1444568,13707,open
1444658,13708,open
1444763,13709,open
1444866,13710,open
1444956,13711,open
1445044,13712,open
1445131,13713,open
1445220,13714,open
1445307,13715,open
1445395,13716,open
1445488,13717,open
1445896,13718,open
1446188,13719,open
1446279,13720,open
1446365,13721,open
1446451,13722,open
1446536,13723,open
1446623,13724,open
1446708,13725,open
1446794,13726,open
1446889,13727,open
1446976,13728,open
1447062,13729,open
1447147,13730,open
1447232,13731,open
1447317,13732,open
1447403,13733,open
1447488,13734,open
1447574,13735,open
1447660,13736,open
1447746,13737,open
1447833,13738,open
1447918,13739,open
1448023,13740,open
1448113,13741,open
1448204,13742,open
1448295,13743,open
1448391,13744,open
1448482,13745,open
1448573,13746,open
1448664,13747,open
1448761,13748,open
1448852,13749,open
1448948,13750,open
1449038,13751,open
1449138,13752,open
1449229,13753,open
1449321,13754,open
1449430,13755,open
1449521,13756,open
1449611,13757,open
1449701,13758,open
1449791,13759,open
1449881,13760,open
1449971,13761,open
1450062,13762,open
1450157,13763,open
1450250,13764,open
1450340,13765,open
1450430,13766,open
1450524,13767,open
1450615,13768,open
1450705,13769,open
1450820,13770,open
1450910,13771,open
1451000,13772,open
1451090,13773,open
1451184,13774,open
1451275,13775,open
1451371,13776,open
1451462,13777,open
1451553,13778,open
1451644,13779,open
1451735,13780,open
1451827,13781,open
1451917,13782,open
1452008,13783,open
1452100,13784,open
1452198,13785,open
1452293,13786,open
1452384,13787,open
1452483,13788,open
1452574,13789,open
1452665,13790,open
1452762,13791,open
1452853,13792,open
1452944,13793,open
1453035,13794,open
1453128,13795,open
1453219,13796,open
1453310,13797,open
1453400,13798,open
1453497,13799,open
1453607,13800,open
1453698,13801,open
1453789,13802,open
1453880,13803,open
1453974,13804,open
1454065,13805,open
1454161,13806,open
1454254,13807,open
1454347,13808,open
1454438,13809,open
1454530,13810,open
1454622,13811,open
1454713,13812,open
1454804,13813,open
1454901,13814,open
1454992,13815,open
1455083,13816,open
1455183,13817,open
1455277,13818,open
1455368,13819,open
1455459,13820,open
1455558,13821,open
1455649,13822,open
1455740,13823,open
1455831,13824,open
1455924,13825,open
1456016,13826,open
1456107,13827,open
1456204,13828,open
1456293,13829,open
1456408,13830,open
1456499,13831,open
1456589,13832,open
1456680,13833,open
1456782,13834,open
1456872,13835,open
1456963,13836,open
1457055,13837,open
1457145,13838,open
1457236,13839,open
1457327,13840,open
1457417,13841,open
1457507,13842,open
1457604,13843,open
1457694,13844,open
1457784,13845,open
1457876,13846,open
1457967,13847,open
1458066,13848,open
1458157,13849,open
1458255,13850,open
1458347,13851,open
1458437,13852,open
1458532,13853,open
1458623,13854,open
1458713,13855,open
1458803,13856,open
1458900,13857,open
1458991,13858,open
1459082,13859,open
1459189,13860,open
1459280,13861,open
1459370,13862,open
1459461,13863,open
1459556,13864,open
1459647,13865,open
1459738,13866,open
1459829,13867,open
1459920,13868,open
1460012,13869,open
1460103,13870,open
1460196,13871,open
1460294,13872,open
1460385,13873,open
1460484,13874,open
1460575,13875,open
1460666,13876,open
1460757,13877,open
1460849,13878,open
1460946,13879,open
1461037,13880,open
1461128,13881,open
1461219,13882,open
1461310,13883,open
1461401,13884,open
1461492,13885,open
1461584,13886,open
1461678,13887,open
1461769,13888,open
1461860,13889,open
1461977,13890,open
1462101,13891,open
1462195,13892,open
1462286,13893,open
1462377,13894,open
1462469,13895,open
1462559,13896,open
1462649,13897,open
1462739,13898,open
1462829,13899,open
1462925,13900,open
1463015,13901,open
1463105,13902,open
1463195,13903,open
1463294,13904,open
1463384,13905,open
1463475,13906,open
1463571,13907,open
1463662,13908,open
1463752,13909,open
1463845,13910,open
1463936,13911,open
1464027,13912,open
1464118,13913,open
1464209,13914,open
1464306,13915,open
1464406,13916,open
1464497,13917,open
1464589,13918,open
1464681,13919,open
1464791,13920,open
1464881,13921,open
1464971,13922,open
1465062,13923,open
1465157,13924,open
1465248,13925,open
1465339,13926,open
1465430,13927,open
1465521,13928,open
1465618,13929,open
1465708,13930,open
1465799,13931,open
1465890,13932,open
1465981,13933,open
1466073,13934,open
1466164,13935,open
1466268,13936,open
1466374,13937,open
1466464,13938,open
1466556,13939,open
1466646,13940,open
1466737,13941,open
1466827,13942,open
1466917,13943,open
1467014,13944,open
1467110,13945,open
1467201,13946,open
1467292,13947,open
1467384,13948,open
1467475,13949,open
1467592,13950,open
1467682,13951,open
1467769,13952,open
1467856,13953,open
1467949,13954,open
1468035,13955,open
1468120,13956,open
1468206,13957,open
1468295,13958,open
1468384,13959,open
1468471,13960,open
1468558,13961,open
1468644,13962,open
1468729,13963,open
1468823,13964,open
1468909,13965,open
1468995,13966,open
1469080,13967,open
1469171,13968,open
1469257,13969,open
1469342,13970,open
1469427,13971,open
1469513,13972,squint
1469602,13973,squint
1469687,13974,open
1469774,13975,open
1469859,13976,open
1469945,13977,open
1470031,13978,open
1470125,13979,open
1470225,13980,open
1470320,13981,open
1470420,13982,open
1470511,13983,open
1470605,13984,open
1470695,13985,open
1470785,13986,open
1470877,13987,open
1470968,13988,open
1471059,13989,open
1471149,13990,open
1471246,13991,open
1471337,13992,open
1471427,13993,open
1471529,13994,open
1471620,13995,open
1471713,13996,open
1471803,13997,open
1471900,13998,open
1471991,13999,open
1472081,14000,open
1472173,14001,open
1472263,14002,open
1472358,14003,open
1472449,14004,open
1472547,14005,open
1472638,14006,open
1472733,14007,open
1472824,14008,open
1472926,14009,open
1473031,14010,open
1473128,14011,open
1473219,14012,open
1473310,14013,open
1473407,14014,open
1473499,14015,open
1473590,14016,open
1473682,14017,open
1473773,14018,open
1473864,14019,open
1473961,14020,open
1474052,14021,open
1474152,14022,open
1474243,14023,open
1474334,14024,open
1474435,14025,open
1474527,14026,open
1474624,14027,open
1474716,14028,open
1474807,14029,open
1474898,14030,open
1474991,14031,open
1475082,14032,open
1475173,14033,open
1475282,14034,open
1475373,14035,open
1475464,14036,open
1475555,14037,open
1475646,14038,open
1475737,14039,open
1475850,14040,open
1475941,14041,open
1476032,14042,open
1476124,14043,open
1476216,14044,open
1476307,14045,open
1476399,14046,open
1476498,14047,open
1476589,14048,open
1476680,14049,open
1476771,14050,open
1476864,14051,open
1476955,14052,open
1477055,14053,open
1477147,14054,open
1477245,14055,open
1477337,14056,open
1477428,14057,open
1477523,14058,open
1477614,14059,open
1477705,14060,open
1477796,14061,open
1477887,14062,open
1477984,14063,open
1478083,14064,open
1478174,14065,open
1478267,14066,open
1478358,14067,open
1478450,14068,open
1478549,14069,open
1478658,14070,open
1478749,14071,open
1478836,14072,open
1478928,14073,open
1479016,14074,open
1479102,14075,open
1479188,14076,open
1479274,14077,open
1479362,14078,open
1479448,14079,open
1479534,14080,open
1479629,14081,open
1479715,14082,open
1479804,14083,open
1479891,14084,open
1479975,14085,open
1480058,14086,open
1480144,14087,open
1480230,14088,open
1480315,14089,open
1480401,14090,open
1480482,14091,open
1480570,14092,open
1480657,14093,open
1480751,14094,open
1480837,14095,open
1480922,14096,open
1481007,14097,open
1481094,14098,open
1481182,14099,open
1481285,14100,open
1481376,14101,open
1481463,14102,open
1481549,14103,open
1481634,14104,open
1481720,14105,open
1481807,14106,open
1481893,14107,open
1481979,14108,open
1482065,14109,open
1482151,14110,open
1482245,14111,open
1482330,14112,open
1482417,14113,open
1482500,14114,open
1482586,14115,open
1482672,14116,open
1482760,14117,open
1482845,14118,open
1482935,14119,open
1483023,14120,open
1483109,14121,open
1483203,14122,open
1483289,14123,open
1483375,14124,open
1483461,14125,open
1483547,14126,open
1483632,14127,open
1483719,14128,open
1483804,14129,open
1483904,14130,open
1483995,14131,open
1484080,14132,open
1484165,14133,open
1484250,14134,open
1484335,14135,open
1484420,14136,open
1484513,14137,open
1484598,14138,open
1484683,14139,open
1484769,14140,open
1484857,14141,open
1484942,14142,open
1485035,14143,open
1485120,14144,open
1485210,14145,open
1485295,14146,open
1485380,14147,open
1485465,14148,open
1485550,14149,open
1485635,14150,open
1485720,14151,open
1485805,14152,squint
1485890,14153,squint
1485975,14154,open
1486061,14155,open
1486154,14156,open
1486238,14157,open
1486321,14158,open
1486405,14159,open
1486510,14160,open
1486602,14161,open
1486693,14162,open
1486784,14163,open
1486875,14164,open
1486966,14165,open
1487057,14166,open
1487149,14167,open
1487248,14168,open
1487339,14169,open
1487430,14170,open
1487521,14171,open
1487611,14172,open
1487702,14173,open
1487831,14174,open
1487921,14175,open
1488023,14176,open
1488116,14177,open
1488206,14178,open
1488296,14179,open
1488386,14180,open
1488485,14181,open
1488575,14182,open
1488665,14183,open
1488757,14184,open
1488847,14185,open
1488937,14186,open
1489042,14187,open
1489133,14188,open
1489224,14189,open
1489326,14190,open
1489420,14191,open
1489511,14192,open
1489602,14193,open
1489701,14194,open
1489792,14195,open
1489883,14196,open
1489975,14197,open
1490066,14198,open
1490157,14199,open
1490257,14200,open
1490349,14201,open
1490446,14202,open
1490537,14203,open
1490628,14204,open
1490719,14205,open
1490810,14206,open
1490901,14207,open
1491000,14208,open
1491097,14209,open
1491188,14210,open
1491280,14211,open
1491371,14212,open
1491462,14213,open
1491553,14214,open
1491644,14215,open
1491749,14216,open
1491840,14217,open
1491931,14218,open
1492024,14219,open
1492131,14220,open
1492221,14221,open
1492307,14222,open
1492392,14223,open
1492491,14224,open
1492577,14225,open
1492660,14226,open
1492744,14227,open
1492828,14228,open
1492921,14229,open
1493006,14230,open
1493091,14231,open
1493176,14232,open
1493261,14233,open
1493346,14234,open
1493431,14235,open
1493517,14236,open
1493603,14237,open
1493697,14238,open
1493782,14239,open
1493867,14240,open
1493952,14241,open
1494037,14242,open
1494122,14243,open
1494207,14244,open
1494306,14245,open
1494391,14246,open
1494476,14247,open
1494562,14248,open
1494647,14249,open
1494748,14250,open
1494839,14251,open
1494934,14252,open
1495026,14253,open
1495117,14254,open
1495208,14255,open
1495305,14256,open
1495405,14257,open
1495496,14258,open
1495587,14259,open
1495678,14260,open
1495770,14261,open
1495861,14262,open
1495952,14263,open
1496050,14264,open
1496141,14265,open
1496241,14266,open
1496332,14267,open
1496422,14268,open
1496516,14269,open
1496614,14270,open
1496704,14271,open
1496795,14272,open
1496886,14273,open
1496976,14274,open
1497067,14275,open
1497165,14276,open
1497262,14277,open
1497354,14278,open
1497445,14279,open
1497550,14280,open
1497641,14281,open
1497732,14282,open
1497823,14283,open
1497920,14284,open
1498011,14285,open
1498102,14286,open
1498193,14287,open
1498284,14288,open
1498375,14289,open
1498476,14290,open
1498568,14291,open
1498659,14292,open
1498752,14293,open
1498845,14294,open
1498937,14295,open
1499029,14296,open
1499120,14297,open
1499211,14298,open
1499317,14299,open
1499408,14300,open
1499500,14301,open
1499593,14302,open
1499684,14303,open
1499775,14304,open
1499866,14305,open
1499961,14306,open
1500061,14307,open
1500156,14308,open
1500248,14309,open
1500354,14310,open
1500452,14311,open
1500543,14312,open
1500639,14313,open
1500730,14314,open
1500821,14315,open
1500912,14316,open
1501003,14317,open
1501094,14318,open
1501185,14319,open
1501291,14320,open
1501383,14321,open
1501474,14322,open
1501566,14323,open
1501657,14324,open
1501748,14325,open
1501840,14326,open
1501937,14327,open
1502028,14328,open
1502119,14329,open
1502254,14330,open
1502345,14331,open
1502438,14332,open
1502532,14333,open
1502620,14334,open
1502725,14335,open
1502816,14336,open
1502907,14337,open
1502998,14338,open
1503095,14339,open
1503213,14340,open
1503309,14341,open
1503403,14342,open
1503494,14343,open
1503585,14344,open
1503676,14345,open
1503770,14346,open
1503871,14347,open
1503962,14348,open
1504053,14349,open
1504152,14350,open
1504243,14351,open
1504333,14352,open
1504427,14353,open
1504518,14354,open
1504615,14355,open
1504706,14356,open
1504796,14357,open
1504887,14358,open
1504978,14359,open
1505069,14360,open
1505161,14361,open
1505266,14362,open
1505357,14363,open
1505448,14364,open
1505539,14365,open
1505632,14366,open
1505723,14367,open
1505814,14368,open
1505911,14369,open
1506019,14370,open
1506112,14371,open
1506203,14372,open
1506294,14373,open
1506385,14374,open
1506476,14375,open
1506573,14376,open
1506665,14377,open
1506756,14378,open
1506850,14379,open
1506950,14380,open
1507041,14381,open
1507132,14382,open
1507229,14383,open
1507320,14384,open
1507411,14385,open
1507505,14386,open
1507604,14387,open
1507695,14388,open
1507786,14389,open
1507883,14390,open
1507975,14391,open
1508066,14392,open
1508157,14393,open
1508248,14394,open
1508339,14395,open
1508429,14396,open
1508524,14397,open
1508616,14398,open
1508747,14399,open
1508852,14400,closed
1508942,14401,open
1509032,14402,open
1509128,14403,open
1509223,14404,open
1509313,14405,open
1509403,14406,open
1509493,14407,open
1509583,14408,open
1509673,14409,open
1509771,14410,open
1509867,14411,open
1509958,14412,open
1510049,14413,open
1510140,14414,open
1510231,14415,open
1510322,14416,open
1510413,14417,open
1510520,14418,open
1510611,14419,open
1510702,14420,open
1510793,14421,open
1510884,14422,open
1510975,14423,open
1511066,14424,open
1511157,14425,open
1511260,14426,open
1511351,14427,open
1511445,14428,open
1511536,14429,open
1511644,14430,open
1511740,14431,open
1511833,14432,open
1511926,14433,open
1512017,14434,open
1512108,14435,open
1512199,14436,open
1512290,14437,open
1512394,14438,open
1512485,14439,open
1512578,14440,open
1512670,14441,open
1512761,14442,open
1512852,14443,open
1512944,14444,open
1513050,14445,open
1513141,14446,open
1513231,14447,open
1513322,14448,open
1513413,14449,open
1513504,14450,open
1513595,14451,open
1513686,14452,open
1513791,14453,open
1513882,14454,open
1513973,14455,open
1514064,14456,open
1514155,14457,open
1514250,14458,open
1514345,14459,open
1514457,14460,open
1514548,14461,open
1514639,14462,open
1514730,14463,open
1514822,14464,open
1514913,14465,open
1515010,14466,open
1515101,14467,open
1515192,14468,open
1515292,14469,open
1515383,14470,open
1515473,14471,open
1515563,14472,open
1515653,14473,open
1515749,14474,open
1515839,14475,open
1515930,14476,open
1516020,14477,open
1516110,14478,open
1516203,14479,open
1516293,14480,open
1516383,14481,open
1516476,14482,open
1516574,14483,open
1516667,14484,open
1516757,14485,open
1516849,14486,open
1516939,14487,open
1517038,14488,open
1517128,14489,open
1517235,14490,open
1517325,14491,open
1517416,14492,open
1517507,14493,open
1517601,14494,open
1517696,14495,open
1517786,14496,open
1517877,14497,open
1517968,14498,open
1518059,14499,open
1518150,14500,open
1518242,14501,open
1518333,14502,open
1518430,14503,open
1518521,14504,closed
1518624,14505,open
1518713,14506,open
1518813,14507,open
1518904,14508,open
1518995,14509,open
1519089,14510,open
1519180,14511,open
1519271,14512,open
1519362,14513,open
1519453,14514,open
1519545,14515,open
1519636,14516,open
1519733,14517,open
1519824,14518,open
1519915,14519,open
1520028,14520,open
1520122,14521,open
1520213,14522,open
1520308,14523,open
1520403,14524,open
1520494,14525,open
1520585,14526,open
1520678,14527,open
1520783,14528,open
1520872,14529,open
1520965,14530,open
1521060,14531,open
1521155,14532,open
1521255,14533,open
1521346,14534,open
1521442,14535,open
1521533,14536,open
1521624,14537,open
1521715,14538,open
1521812,14539,open
1521903,14540,open
1521995,14541,open
1522086,14542,open
1522177,14543,open
1522268,14544,open
1522372,14545,open
1522463,14546,open
1522554,14547,open
1522646,14548,open
1522737,14549,open
1522847,14550,open
1522945,14551,open
1523037,14552,open
1523129,14553,open
1523232,14554,open
1523323,14555,open
1523414,14556,open
1523508,14557,open
1523599,14558,open
1523696,14559,open
1523787,14560,open
1523886,14561,open
1523976,14562,open
1524067,14563,open
1524158,14564,open
1524249,14565,open
1524342,14566,open
1524437,14567,open
1524529,14568,open
1524628,14569,open
1524719,14570,open
1524811,14571,open
1524903,14572,open
1525000,14573,open
1525091,14574,open
1525182,14575,open
1525281,14576,open
1525372,14577,open
1525463,14578,open
1525554,14579,open
1525666,14580,open
1525756,14581,open
1525849,14582,open
1525941,14583,open
1526033,14584,open
1526124,14585,open
1526217,14586,open
1526314,14587,open
1526405,14588,open
1526496,14589,open
1526587,14590,open
1526679,14591,open
1526778,14592,open
1526873,14593,open
1526970,14594,open
1527061,14595,open
1527153,14596,open
1527244,14597,open
1527336,14598,open
1527426,14599,open
1527517,14600,open
1527608,14601,open
1527705,14602,open
1527833,14603,open
1527923,14604,closed
1528015,14605,open
1528105,14606,open
1528195,14607,open
1528285,14608,open
1528380,14609,open
1528490,14610,open
1528579,14611,open
1528667,14612,open
1528749,14613,open
1528835,14614,open
1528919,14615,open
1529005,14616,open
1529089,14617,open
1529398,14618,open
1529691,14619,open
1529986,14620,open
1530301,14621,open
1530613,14622,open
1530919,14623,open
1531330,14624,open
1532542,14625,open
1533277,14626,open
1533482,14627,open
1533682,14628,open
1533898,14629,open
1534098,14630,open
1534289,14631,open
1534479,14632,open
1534673,14633,open
1534773,14634,open
1534858,14635,open
1534944,14636,open
1535031,14637,closed
1535116,14638,open
1535200,14639,open
1535298,14640,open
1535388,14641,open
1535482,14642,open
1535573,14643,open
1535663,14644,open
1535755,14645,open
1535852,14646,open
1535943,14647,open
1536034,14648,open
1536125,14649,open
1536215,14650,open
1536306,14651,open
1536397,14652,open
1536488,14653,open
1536581,14654,open
1536678,14655,open
1536768,14656,open
1536859,14657,open
1536958,14658,open
1537049,14659,open
1537139,14660,open
1537230,14661,open
1537325,14662,open
1537416,14663,open
1537507,14664,open
1537601,14665,open
1537692,14666,open
1537785,14667,open
1537877,14668,open
1537972,14669,open
1538080,14670,open
1538170,14671,open
1538265,14672,open
1538355,14673,open
1538445,14674,open
1538541,14675,open
1538633,14676,open
1538726,14677,open
1538817,14678,open
1538907,14679,open
1538997,14680,open
1539088,14681,open
1539179,14682,open
1539270,14683,open
1539368,14684,open
1539459,14685,open
1539555,14686,open
1539646,14687,open
1539743,14688,open
1539834,14689,open
1539925,14690,open
1540022,14691,open
1540118,14692,open
1540217,14693,open
1540308,14694,open
1540400,14695,open
1540491,14696,open
1540582,14697,open
1540680,14698,open
1540771,14699,open
1540875,14700,open
1540965,14701,open
1541055,14702,open
1541149,14703,open
1541240,14704,open
1541334,14705,open
1541425,14706,open
1541517,14707,open
1541607,14708,open
1541697,14709,open
1541787,14710,open
1541877,14711,open
1541969,14712,open
1542065,14713,open
1542156,14714,open
1542246,14715,open
1542337,14716,open
1542428,14717,open
1542521,14718,open
1542611,14719,open
1542704,14720,open
1542802,14721,open
1542901,14722,open
1542991,14723,open
1543082,14724,open
1543173,14725,open
1543264,14726,open
1543356,14727,open
1543447,14728,open
1543538,14729,open
1543649,14730,open
1543740,14731,open
1543834,14732,open
1543926,14733,open
1544024,14734,open
1544115,14735,open
1544206,14736,open
1544300,14737,open
1544391,14738,open
1544482,14739,open
1544573,14740,open
1544664,14741,open
1544755,14742,open
1544852,14743,open
1544943,14744,open
1545036,14745,open
1545127,14746,open
1545218,14747,open
1545309,14748,open
1545400,14749,open
1545491,14750,open
1545598,14751,open
1545689,14752,open
1545780,14753,open
1545871,14754,open
1545962,14755,open
1546053,14756,open
1546144,14757,open
1546241,14758,open
1546332,14759,open
1546436,14760,open
1546527,14761,open
1546617,14762,open
1546707,14763,open
1546804,14764,open
1546905,14765,open
1546996,14766,open
1547087,14767,open
1547178,14768,open
1547269,14769,open
1547361,14770,open
1547452,14771,open
1547547,14772,open
1547644,14773,open
1547735,14774,open
1547826,14775,open
1547917,14776,open
1548008,14777,open
1548109,14778,open
1548200,14779,open
1548300,14780,open
1548399,14781,open
1548490,14782,open
1548583,14783,open
1548674,14784,open
1548765,14785,open
1548855,14786,open
1548946,14787,open
1549042,14788,open
1549132,14789,open
1549244,14790,open
1549335,14791,open
1549426,14792,open
1549517,14793,open
1549608,14794,open
1549702,14795,open
1549793,14796,open
1549886,14797,open
1549977,14798,open
1550068,14799,open
1550158,14800,open
1550249,14801,open
1550345,14802,open
1550436,14803,open
1550528,14804,open
1550630,14805,open
1550720,14806,open
1550810,14807,open
1550900,14808,open
1550997,14809,open
1551088,14810,open
1551178,14811,open
1551269,14812,open
1551360,14813,open
1551451,14814,open
1551542,14815,open
1551633,14816,open
1551728,14817,open
1551820,14818,open
1551911,14819,open
1552022,14820,open
1552113,14821,open
1552206,14822,open
1552303,14823,open
1552394,14824,open
1552485,14825,open
1552576,14826,open
1552667,14827,open
1552757,14828,open
1552850,14829,open
1552943,14830,open
1553034,14831,open
1553129,14832,open
1553220,14833,open
1553320,14834,open
1553412,14835,open
1553504,14836,open
1553627,14837,open
1553723,14838,open
1553813,14839,open
1553906,14840,open
1553996,14841,open
1554086,14842,open
1554176,14843,open
1554266,14844,open
1554356,14845,open
1554452,14846,open
1554550,14847,open
1554641,14848,open
1554731,14849,open
1554835,14850,open
1554925,14851,open
1555018,14852,open
1555108,14853,open
1555199,14854,open
1555289,14855,open
1555379,14856,open
1555470,14857,open
1555561,14858,open
1555652,14859,open
1555749,14860,open
1555841,14861,open
1555931,14862,open
1556022,14863,open
1556112,14864,open
1556203,14865,open
1556293,14866,open
1556384,14867,open
1556475,14868,open
1556571,14869,open
1556662,14870,open
1556752,14871,open
1556842,14872,open
1556932,14873,open
1557022,14874,open
1557113,14875,open
1557209,14876,open
1557300,14877,open
1557391,14878,open
1557478,14879,open
1557583,14880,open
1557679,14881,open
1557775,14882,open
1557866,14883,open
1557956,14884,open
1558046,14885,open
1558136,14886,open
1558227,14887,open
1558317,14888,open
1558409,14889,open
1558499,14890,open
1558593,14891,open
1558683,14892,open
1558773,14893,open
1558863,14894,open
1558955,14895,open
1559046,14896,open
1559137,14897,open
1559227,14898,open
1559323,14899,open
1559423,14900,open
1559515,14901,open
1559606,14902,open
1559696,14903,open
1559787,14904,open
1559884,14905,open
1559974,14906,open
1560064,14907,open
1560154,14908,open
1560245,14909,open
1560353,14910,open
1560450,14911,open
1560545,14912,open
1560636,14913,open
1560727,14914,open
1560817,14915,open
1560909,14916,open
1561000,14917,open
1561090,14918,open
1561181,14919,open
1561278,14920,open
1561369,14921,open
1561468,14922,open
1561559,14923,open
1561650,14924,open
1561740,14925,open
1561830,14926,open
1561924,14927,open
1562015,14928,open
1562105,14929,open
1562196,14930,open
1562295,14931,open
1562385,14932,open
1562476,14933,open
1562573,14934,open
1562664,14935,open
1562755,14936,open
1562846,14937,open
1562937,14938,open
1563028,14939,open
1563144,14940,open
1563238,14941,open
1563329,14942,open
1563422,14943,open
1563513,14944,open
1563610,14945,open
1563701,14946,open
1563792,14947,open
1563890,14948,open
1563981,14949,open
1564072,14950,open
1564172,14951,open
1564263,14952,open
1564354,14953,open
1564445,14954,open
1564536,14955,open
1564630,14956,open
1564721,14957,open
1564813,14958,open
1564904,14959,open
1564997,14960,open
1565090,14961,open
1565180,14962,open
1565276,14963,open
1565367,14964,open
1565458,14965,open
1565549,14966,open
1565640,14967,open
1565731,14968,open
1565832,14969,open
1565944,14970,open
1566038,14971,open
1566125,14972,open
1566212,14973,open
1566299,14974,open
1566387,14975,open
1566475,14976,open
1566564,14977,open
1566652,14978,open
1566740,14979,open
1566830,14980,open
1566926,14981,open
1567014,14982,open
1567101,14983,open
1567196,14984,open
1567283,14985,open
1567371,14986,open
1567459,14987,open
1567546,14988,open
1567632,14989,open
1567731,14990,open
1567817,14991,open
1567903,14992,open
1567989,14993,open
1568075,14994,open
1568161,14995,open
1568247,14996,open
1568333,14997,open
1568428,14998,open
1568514,14999,open
1568616,15000,open
1568710,15001,open
1568801,15002,open
1568893,15003,open
1568984,15004,open
1569075,15005,open
1569166,15006,open
1569257,15007,open
1569350,15008,open
1569445,15009,open
1569543,15010,open
1569634,15011,open
1569725,15012,open
1569816,15013,open
1569907,15014,open
1569998,15015,open
1570088,15016,open
1570193,15017,open
1570283,15018,open
1570374,15019,open
1570465,15020,open
1570556,15021,open
1570647,15022,open
1570737,15023,open
1570833,15024,open
1570924,15025,open
1571015,15026,open
1571106,15027,open
1571198,15028,open
1571290,15029,open
1571403,15030,open
1571495,15031,open
1571586,15032,open
1571677,15033,open
1571768,15034,open
1571859,15035,open
1571950,15036,open
1572041,15037,open
1572135,15038,open
1572226,15039,open
1572317,15040,open
1572409,15041,open
1572500,15042,open
1572590,15043,open
1572680,15044,open
1572770,15045,open
1572861,15046,open
1572958,15047,open
1573049,15048,open
1573139,15049,open
1573238,15050,open
1573330,15051,open
1573421,15052,open
1573513,15053,open
1573604,15054,open
1573696,15055,open
1573789,15056,open
1573883,15057,open
1573974,15058,open
1574065,15059,open
1574180,15060,open
1574271,15061,open
1574362,15062,closed
1574453,15063,open
1574548,15064,closed
1574652,15065,open
1574738,15066,open
1574868,15067,open
1574962,15068,open
1575052,15069,open
1575142,15070,open
1575235,15071,open
1575328,15072,open
1575426,15073,open
1575519,15074,open
1575613,15075,open
1575703,15076,open
1575798,15077,open
1575890,15078,open
1575980,15079,open
1576070,15080,open
1576161,15081,open
1576257,15082,open
1576348,15083,open
1576438,15084,open
1576539,15085,open
1576632,15086,open
1576723,15087,open
1576814,15088,open
1576911,15089,open
1577014,15090,open
1577105,15091,open
1577196,15092,open
1577287,15093,closed
1577381,15094,open
1577472,15095,open
1577570,15096,open
1577661,15097,open
1577752,15098,open
1577843,15099,open
1577933,15100,open
1578023,15101,open
1578114,15102,open
1578216,15103,open
1578313,15104,open
1578404,15105,open
1578495,15106,open
1578586,15107,open
1578686,15108,open
1578777,15109,open
1578868,15110,open
1578962,15111,open
1579053,15112,open
1579146,15113,open
1579236,15114,open
1579326,15115,open
1579416,15116,open
1579507,15117,open
1579609,15118,open
1579700,15119,open
1579813,15120,open
1579906,15121,open
1579997,15122,open
1580087,15123,open
1580188,15124,open
1580278,15125,open
1580369,15126,open
1580460,15127,open
1580551,15128,open
1580642,15129,open
1580733,15130,open
1580824,15131,open
1580915,15132,open
1581013,15133,open
1581112,15134,open
1581203,15135,open
1581294,15136,open
1581385,15137,open
1581477,15138,open
1581568,15139,open
1581665,15140,open
1581756,15141,open
1581847,15142,open
1581938,15143,open
1582037,15144,open
1582128,15145,open
1582219,15146,open
1582316,15147,open
1582407,15148,open
1582498,15149,open
1582609,15150,open
1582700,15151,open
1582791,15152,open
1582889,15153,open
1582980,15154,open
1583071,15155,open
1583162,15156,open
1583253,15157,open
1583352,15158,open
1583443,15159,open
1583534,15160,open
1583627,15161,open
1583718,15162,open
1583809,15163,open
1583908,15164,open
1583999,15165,open
1584099,15166,open
1584200,15167,open
1584292,15168,open
1584383,15169,open
1584474,15170,open
1584566,15171,open
1584657,15172,open
1584748,15173,open
1584839,15174,open
1584934,15175,open
1585034,15176,open
1585125,15177,open
1585218,15178,open
1585310,15179,open
1585426,15180,open
1585518,15181,open
1585610,15182,open
1585702,15183,open
1585794,15184,open
1585885,15185,open
1585977,15186,open
1586069,15187,open
1586176,15188,open
1586267,15189,open
1586359,15190,open
1586452,15191,open
1586544,15192,open
1586636,15193,open
1586728,15194,open
1586819,15195,open
1586926,15196,open
1587017,15197,open
1587108,15198,open
1587199,15199,open
1587290,15200,open
1587381,15201,open
1587473,15202,open
1587580,15203,open
1587675,15204,open
1587768,15205,open
1587860,15206,open
1587952,15207,open
1588044,15208,open
1588141,15209,open
1588252,15210,open
1588343,15211,open
1588430,15212,open
1588523,15213,open
1588611,15214,open
1588699,15215,open
1588786,15216,open
1588874,15217,open
1588961,15218,open
1589058,15219,open
1589145,15220,open
1589248,15221,open
1589344,15222,open
1589429,15223,open
1589519,15224,open
1589606,15225,open
1589691,15226,open
1589776,15227,open
1589863,15228,open
1589948,15229,open
1590036,15230,open
1590131,15231,open
1590217,15232,open
1590302,15233,open
1590387,15234,open
1590481,15235,open
1590566,15236,open
1590651,15237,open
1590738,15238,open
1590824,15239,open
1590928,15240,open
1591018,15241,open
1591109,15242,open
1591202,15243,open
1591295,15244,open
1591386,15245,open
1591477,15246,open
1591569,15247,open
1591666,15248,open
1591757,15249,open
1591848,15250,open
1591941,15251,open
1592034,15252,open
1592124,15253,open
1592215,15254,open
1592314,15255,open
1592411,15256,open
1592502,15257,open
1592593,15258,open
1592683,15259,open
1592774,15260,open
1592865,15261,open
1592956,15262,open
1593054,15263,open
1593146,15264,open
1593237,15265,open
1593328,15266,open
1593419,15267,open
1593510,15268,open
1593610,15269,open
1593712,15270,open
1593802,15271,open
1593898,15272,open
1593992,15273,open
1594084,15274,open
1594175,15275,open
1594266,15276,open
1594363,15277,open
1594456,15278,open
1594547,15279,open
1594638,15280,open
1594729,15281,open
1594820,15282,open
1594911,15283,open
1595010,15284,open
1595107,15285,open
1595198,15286,open
1595289,15287,open
1595381,15288,open
1595504,15289,open
1595594,15290,open
1595684,15291,open
1595776,15292,open
1595870,15293,open
1595960,15294,open
1596050,15295,open
1596148,15296,open
1596241,15297,open
1596331,15298,open
1596427,15299,open
1596530,15300,open
1596620,15301,open
1596707,15302,open
1596793,15303,open
1597209,15304,open
1597507,15305,open
1597797,15306,open
1597946,15307,open
1598031,15308,open
1598116,15309,open
1598201,15310,open
1598286,15311,open
1598370,15312,open
1598463,15313,open
1598548,15314,open
1598633,15315,open
1598720,15316,open
1598805,15317,open
1598891,15318,open
1598976,15319,open
1599061,15320,open
1599146,15321,open
1599231,15322,open
1599316,15323,open
1599401,15324,open
1599495,15325,open
1599580,15326,open
1599666,15327,open
1599752,15328,open
1599837,15329,open
1599943,15330,open
1600034,15331,open
1600129,15332,open
1600220,15333,open
1600311,15334,open
1600402,15335,open
1600493,15336,open
1600584,15337,open
1600679,15338,open
1600786,15339,open
1600883,15340,open
1600973,15341,open
1601072,15342,open
1601163,15343,open
1601254,15344,open
1601347,15345,open
1601438,15346,closed
1601528,15347,open
1601618,15348,open
1601709,15349,open
1601800,15350,open
1601891,15351,open
1601981,15352,open
1602078,15353,open
1602169,15354,open
1602259,15355,open
1602349,15356,open
1602439,15357,open
1602531,15358,open
1602622,15359,open
1602740,15360,open
1602830,15361,open
1602924,15362,open
1603014,15363,open
1603105,15364,open
1603195,15365,open
1603288,15366,open
1603381,15367,open
1603475,15368,open
1603566,15369,open
1603657,15370,open
1603747,15371,open
1603838,15372,open
1603943,15373,open
1604034,15374,open
1604129,15375,open
1604220,15376,open
1604313,15377,open
1604404,15378,open
1604495,15379,open
1604586,15380,open
1604677,15381,open
1604773,15382,open
1604865,15383,open
1604956,15384,open
1605051,15385,open
1605150,15386,open
1605241,15387,open
1605332,15388,open
1605429,15389,open
1605533,15390,open
1605624,15391,open
1605712,15392,open
1605799,15393,open
1605886,15394,open
1605971,15395,open
1606056,15396,open
1606141,15397,open
1606227,15398,open
1606312,15399,open
1606397,15400,open
1606505,15401,open
1606590,15402,open
1606675,15403,open
1606760,15404,open
1606845,15405,open
1606930,15406,open
1607015,15407,open
1607100,15408,open
1607185,15409,open
1607270,15410,open
1607359,15411,open
1607452,15412,open
1607537,15413,open
1607622,15414,open
1607709,15415,open
1607794,15416,open
1607879,15417,open
1607964,15418,open
1608049,15419,open
1608146,15420,open
1608241,15421,open
1608331,15422,open
1608425,15423,open
1608515,15424,open
1608606,15425,open
1608696,15426,open
1608787,15427,open
1608878,15428,open
1608969,15429,open
1609060,15430,open
1609151,15431,open
1609248,15432,open
1609339,15433,open
1609430,15434,open
1609530,15435,open
1609622,15436,open
1609717,15437,open
1609808,15438,open
1609905,15439,open
1610000,15440,open
1610092,15441,open
1610186,15442,open
1610277,15443,open
1610368,15444,open
1610459,15445,open
1610566,15446,open
1610657,15447,open
1610748,15448,open
1610839,15449,open
1610946,15450,open
1611037,15451,open
1611134,15452,open
1611225,15453,open
1611319,15454,open
1611410,15455,open
1611501,15456,open
1611592,15457,open
1611683,15458,open
1611784,15459,open
1611878,15460,closed
1611969,15461,open
1612065,15462,open
1612156,15463,open
1612247,15464,open
1612341,15465,open
1612432,15466,open
1612538,15467,open
1612630,15468,open
1612721,15469,open
1612812,15470,open
1612903,15471,open
1612994,15472,open
1613085,15473,open
1613176,15474,open
1613272,15475,open
1613372,15476,open
1613463,15477,open
1613554,15478,open
1613646,15479,open
1613762,15480,open
1613853,15481,open
1613945,15482,open
1614039,15483,open
1614131,15484,open
1614224,15485,open
1614315,15486,open
1614406,15487,open
1614503,15488,open
1614594,15489,open
1614693,15490,open
1614783,15491,open
1614873,15492,open
1614963,15493,open
1615053,15494,open
1615143,15495,open
1615241,15496,open
1615334,15497,open
1615428,15498,open
1615519,15499,open
1615609,15500,open
1615700,15501,open
1615790,15502,open
1615880,15503,open
1615977,15504,open
1616068,15505,open
1616159,15506,open
1616249,15507,open
1616340,15508,open
1616431,15509,open
1616550,15510,open
1616640,15511,open
1616733,15512,open
1616827,15513,open
1616918,15514,open
1617009,15515,open
1617100,15516,open
1617191,15517,open
1617288,15518,open
1617379,15519,open
1617470,15520,open
1617561,15521,open
1617652,15522,open
1617744,15523,open
1617836,15524,open
1617930,15525,open
1618027,15526,open
1618126,15527,open
1618217,15528,open
1618307,15529,open
1618397,15530,open
1618487,15531,open
1618578,15532,open
1618677,15533,open
1618768,15534,open
1618859,15535,open
1618950,15536,open
1619041,15537,open
1619133,15538,open
1619224,15539,open
1619376,15540,open
1619467,15541,open
1619557,15542,open
1619651,15543,open
1619742,15544,open
1619832,15545,open
1619922,15546,open
1620016,15547,open
1620106,15548,open
1620200,15549,open
1620290,15550,open
1620381,15551,open
1620473,15552,open
1620563,15553,open
1620653,15554,open
1620743,15555,open
1620851,15556,open
1620941,15557,open
1621031,15558,open
1621121,15559,open
1621212,15560,open
1621303,15561,open
1621394,15562,open
1621485,15563,open
1621582,15564,open
1621675,15565,open
1621766,15566,open
1621857,15567,open
1621948,15568,open
1622039,15569,open
1622152,15570,open
1622242,15571,open
1622332,15572,open
1622424,15573,open
1622515,15574,open
1622605,15575,open
1622695,15576,open
1622786,15577,open
1622878,15578,open
1622974,15579,open
1623065,15580,open
1623157,15581,open
1623248,15582,open
1623339,15583,open
1623438,15584,open
1623529,15585,open
1623625,15586,open
1623715,15587,open
1623807,15588,open
1623897,15589,open
1623988,15590,open
1624079,15591,open
1624171,15592,open
1624268,15593,open
1624360,15594,open
1624452,15595,open
1624551,15596,open
1624642,15597,open
1624733,15598,open
1624824,15599,open
1624938,15600,open
1625028,15601,open
1625121,15602,open
1625215,15603,open
1625306,15604,open
1625409,15605,open
1625506,15606,open
1625603,15607,open
1625697,15608,open
1625788,15609,open
1625888,15610,open
1625979,15611,open
1626070,15612,open
1626161,15613,open
1626258,15614,open
1626351,15615,open
1626441,15616,open
1626531,15617,open
1626621,15618,open
1626711,15619,open
1626802,15620,open
1626893,15621,closed
1626989,15622,open
1627079,15623,open
1627177,15624,squint
1627267,15625,squint
1627357,15626,squint
1627447,15627,squint
1627538,15628,squint
1627634,15629,squint
1627737,15630,squint
1627828,15631,squint
1627920,15632,squint
1628005,15633,squint
1628090,15634,squint
1628175,15635,squint
1628278,15636,squint
1628363,15637,squint
1628447,15638,squint
1628532,15639,squint
1628632,15640,squint
1628714,15641,squint
1628808,15642,squint
1628898,15643,squint
1628983,15644,squint
1629066,15645,squint
1629148,15646,squint
1629231,15647,squint
1629324,15648,squint
1629407,15649,squint
1629490,15650,squint
1629575,15651,squint
1629658,15652,squint
1629742,15653,squint
1629826,15654,open
1629911,15655,open
1629995,15656,open
1630077,15657,open
1630165,15658,open
1630247,15659,open
1630349,15660,open
1630440,15661,open
1630531,15662,open
1630624,15663,open
1630725,15664,open
1630816,15665,open
1630907,15666,open
1631002,15667,open
1631100,15668,open
1631193,15669,open
1631284,15670,open
1631375,15671,open
1631466,15672,open
1631557,15673,open
1631648,15674,open
1631739,15675,open
1631830,15676,open
1631936,15677,open
1632028,15678,open
1632119,15679,open
1632210,15680,open
1632301,15681,open
1632394,15682,open
1632487,15683,open
1632584,15684,open
1632675,15685,open
1632766,15686,open
1632857,15687,open
1632948,15688,open
1633039,15689,open
1633158,15690,open
1633249,15691,closed
1633352,15692,open
1633439,15693,open
1633530,15694,open
1633621,15695,open
1633712,15696,open
1633809,15697,open
1633900,15698,open
1633991,15699,open
1634082,15700,open
1634173,15701,open
1634264,15702,open
1634355,15703,open
1634447,15704,open
1634545,15705,open
1634636,15706,open
1634736,15707,open
1634827,15708,open
1634918,15709,open
1635011,15710,open
1635102,15711,open
1635199,15712,open
1635290,15713,open
1635381,15714,open
1635472,15715,open
1635563,15716,open
1635654,15717,open
1635754,15718,open
1635851,15719,open
1635956,15720,open
1636046,15721,open
1636137,15722,open
1636229,15723,open
1636320,15724,open
1636411,15725,open
1636508,15726,open
1636599,15727,open
1636690,15728,open
1636780,15729,open
1636871,15730,open
1636963,15731,open
1637054,15732,open
1637145,15733,open
1637251,15734,open
1637342,15735,open
1637434,15736,open
1637525,15737,open
1637616,15738,open
1637707,15739,open
1637798,15740,open
1637898,15741,open
1637989,15742,open
1638080,15743,open
1638171,15744,open
1638271,15745,open
1638362,15746,open
1638453,15747,open
1638549,15748,open
1638640,15749,open
1638747,15750,open
1638838,15751,open
1638933,15752,open
1639025,15753,open
1639116,15754,open
1639211,15755,open
1639302,15756,open
1639393,15757,open
1639486,15758,open
1639577,15759,open
1639676,15760,open
1639768,15761,open
1639866,15762,open
1639961,15763,open
1640052,15764,open
1640145,15765,open
1640236,15766,open
1640327,15767,open
1640418,15768,open
1640509,15769,open
1640646,15770,open
1640736,15771,open
1640826,15772,open
1640916,15773,open
1641007,15774,open
1641098,15775,open
1641193,15776,open
1641283,15777,open
1641374,15778,open
1641472,15779,open
1641574,15780,open
1641664,15781,open
1641761,15782,open
1641852,15783,open
1641945,15784,open
1642036,15785,open
1642127,15786,open
1642219,15787,open
1642318,15788,open
1642409,15789,open
1642507,15790,open
1642598,15791,open
1642691,15792,open
1642782,15793,open
1642873,15794,open
1642976,15795,open
1643068,15796,open
1643165,15797,open
1643257,15798,open
1643348,15799,open
1643442,15800,open
1643534,15801,open
1643633,15802,open
1643724,15803,open
1643821,15804,open
1643934,15805,open
1644021,15806,open
1644114,15807,open
1644205,15808,open
1644297,15809,open
1644416,15810,open
1644507,15811,open
1644600,15812,open
1644691,15813,open
1644783,15814,open
1644874,15815,open
1644965,15816,open
1645062,15817,open
1645161,15818,open
1645252,15819,open
1645343,15820,open
1645434,15821,open
1645527,15822,open
1645618,15823,open
1645709,15824,open
1645818,15825,open
1645912,15826,open
1646003,15827,open
1646095,15828,open
1646186,15829,open
1646277,15830,closed
1646372,15831,open
1646463,15832,open
1646554,15833,open
1646654,15834,open
1646745,15835,open
1646836,15836,open
1646927,15837,open
1647024,15838,open
1647115,15839,open
1647223,15840,open
1647314,15841,open
1647407,15842,open
1647498,15843,open
1647590,15844,open
1647685,15845,open
1647776,15846,open
1647868,15847,open
1647959,15848,open
1648058,15849,open
1648149,15850,open
1648240,15851,open
1648339,15852,open
1648430,15853,open
1648521,15854,open
1648612,15855,open
1648703,15856,open
1648802,15857,open
1648894,15858,open
1648989,15859,open
1649080,15860,open
1649171,15861,open
1649262,15862,open
1649353,15863,open
1649452,15864,open
1649546,15865,open
1649637,15866,open
1649728,15867,open
1649819,15868,open
1649911,15869,open
1650026,15870,open
1650122,15871,open
1650213,15872,open
1650308,15873,open
1650400,15874,open
1650492,15875,open
1650584,15876,open
1650684,15877,open
1650777,15878,open
1650872,15879,open
1650963,15880,open
1651054,15881,open
1651146,15882,open
1651248,15883,open
1651340,15884,open
1651432,15885,open
1651530,15886,open
1651621,15887,open
1651712,15888,open
1651804,15889,open
1651904,15890,open
1651997,15891,closed
1652106,15892,open
1652192,15893,open
1652287,15894,open
1652378,15895,open
1652472,15896,open
1652572,15897,open
1652664,15898,open
1652761,15899,open
1652868,15900,open
1652959,15901,open
1653046,15902,open
1653133,15903,open
1653232,15904,open
1653319,15905,open
1653407,15906,open
1653495,15907,open
1653583,15908,open
1653687,15909,open
1653774,15910,open
1653863,15911,open
1653951,15912,open
1654040,15913,open
1654126,15914,open
1654214,15915,open
1654300,15916,open
1654394,15917,open
1654487,15918,open
1654573,15919,open
1654659,15920,open
1654745,15921,open
1654832,15922,open
1654922,15923,open
1655017,15924,open
1655105,15925,open
1655191,15926,open
1655277,15927,open
1655363,15928,open
1655450,15929,open
1655558,15930,open
1655649,15931,open
1655737,15932,open
1655823,15933,open
1655909,15934,open
1655995,15935,open
1656082,15936,open
1656183,15937,open
1656270,15938,open
1656357,15939,open
1656442,15940,open
1656527,15941,open
1656612,15942,open
1656704,15943,open
1656788,15944,open
1656872,15945,open
1656958,15946,open
1657043,15947,open
1657126,15948,open
1657210,15949,open
1657294,15950,open
1657380,15951,open
1657465,15952,open
1657561,15953,open
1657646,15954,open
1657737,15955,open
1657823,15956,open
1657910,15957,open
1657996,15958,closed
1658091,15959,open
1658180,15960,open
1658275,15961,open
1658366,15962,open
1658457,15963,open
1658548,15964,open
1658644,15965,open
1658735,15966,open
1658827,15967,open
1658918,15968,open
1659010,15969,open
1659101,15970,open
1659212,15971,open
1659311,15972,open
1659402,15973,open
1659493,15974,open
1659584,15975,open
1659675,15976,open
1659765,15977,open
1659855,15978,open
1659946,15979,open
1660044,15980,open
1660136,15981,open
1660227,15982,open
1660319,15983,open
1660409,15984,open
1660500,15985,open
1660590,15986,open
1660681,15987,open
1660778,15988,open
1660877,15989,open
1660979,15990,open
1661070,15991,open
1661156,15992,open
1661241,15993,open
1661327,15994,open
1661411,15995,open
1661497,15996,open
1661582,15997,open
1661667,15998,open
1661751,15999,open
1661836,16000,open
1661923,16001,open
1662008,16002,open
1662093,16003,open
1662178,16004,open
1662267,16005,open
1662352,16006,open
1662437,16007,open
1662523,16008,open
1662607,16009,open
1662700,16010,open
1662785,16011,open
1662870,16012,open
1662955,16013,open
1663040,16014,open
1663125,16015,open
1663210,16016,open
1663295,16017,open
1663380,16018,open
1663465,16019,open
1663562,16020,open
1663656,16021,open
1663747,16022,open
1663843,16023,open
1663936,16024,open
1664026,16025,open
1664117,16026,open
1664208,16027,open
1664299,16028,open
1664422,16029,open
1664528,16030,open
1664618,16031,open
1664708,16032,open
1664798,16033,open
1664888,16034,open
1664978,16035,open
1665069,16036,open
1665159,16037,open
1665258,16038,open
1665348,16039,open
1665446,16040,open
1665536,16041,open
1665626,16042,open
1665716,16043,open
1665806,16044,open
1665903,16045,open
1665993,16046,open
1666084,16047,open
1666175,16048,open
1666266,16049,open
1666385,16050,open
1666482,16051,open
1666573,16052,open
1666664,16053,open
1666759,16054,open
1666851,16055,open
1666943,16056,open
1667043,16057,open
1667140,16058,open
1667231,16059,open
1667323,16060,open
1667413,16061,open
1667503,16062,open
1667593,16063,open
1667684,16064,open
1667775,16065,open
1667866,16066,open
1667972,16067,open
1668066,16068,open
1668157,16069,open
1668248,16070,open
1668339,16071,open
1668429,16072,open
1668526,16073,open
1668617,16074,open
1668707,16075,open
1668798,16076,open
1668897,16077,open
1668989,16078,open
1669084,16079,open
1669189,16080,open
1669280,16081,open
1669376,16082,open
1669463,16083,open
1669550,16084,open
1669635,16085,open
1669722,16086,open
1669807,16087,open
1669892,16088,open
1669987,16089,open
1670073,16090,open
1670159,16091,open
1670247,16092,open
1670340,16093,open
1670425,16094,open
1670511,16095,open
1670597,16096,open
1670687,16097,open
1670772,16098,open
1670857,16099,open
1670942,16100,open
1671038,16101,open
1671124,16102,open
1671210,16103,open
1671298,16104,open
1671394,16105,open
1671478,16106,open
1671561,16107,open
1671657,16108,open
1671742,16109,open
1671840,16110,open
1671931,16111,open
1672021,16112,open
1672112,16113,open
1672202,16114,open
1672293,16115,open
1672386,16116,open
1672480,16117,open
1672571,16118,open
1672661,16119,open
1672751,16120,open
1672842,16121,open
1672932,16122,open
1673030,16123,open
1673120,16124,open
1673216,16125,open
1673306,16126,open
1673396,16127,open
1673488,16128,open
1673578,16129,open
1673668,16130,open
1673758,16131,open
1673848,16132,open
1673944,16133,open
1674035,16134,open
1674127,16135,open
1674218,16136,open
1674317,16137,open
1674408,16138,open
1674505,16139,open
1674609,16140,open
1674700,16141,open
1674790,16142,open
1674880,16143,open
1674971,16144,open
1675062,16145,open
1675159,16146,open
1675250,16147,open
1675341,16148,open
1675432,16149,open
1675523,16150,open
1675614,16151,open
1675704,16152,open
1675795,16153,open
1675886,16154,open
1675983,16155,open
1676074,16156,open
1676174,16157,open
1676265,16158,open
1676355,16159,open
1676447,16160,open
1676539,16161,open
1676635,16162,open
1676726,16163,open
1676817,16164,open
1676908,16165,open
1676999,16166,open
1677090,16167,open
1677181,16168,open
1677271,16169,open
1677380,16170,open
1677470,16171,open
1677561,16172,open
1677652,16173,open
1677745,16174,open
1677836,16175,open
1677931,16176,open
1678023,16177,open
1678114,16178,open
1678205,16179,open
1678298,16180,open
1678391,16181,open
1678482,16182,open
1678573,16183,open
1678664,16184,open
1678759,16185,open
1678850,16186,open
1678952,16187,open
1679044,16188,open
1679135,16189,open
1679226,16190,open
1679322,16191,open
1679415,16192,open
1679506,16193,open
1679599,16194,open
1679692,16195,open
1679782,16196,open
1679873,16197,open
1679963,16198,open
1680061,16199,open
1680166,16200,open
1680256,16201,open
1680352,16202,open
1680442,16203,open
1680534,16204,open
1680624,16205,open
1680718,16206,open
1680811,16207,open
1680901,16208,open
1680991,16209,open
1681081,16210,open
1681172,16211,open
1681262,16212,open
1681352,16213,open
1681448,16214,open
1681548,16215,open
1681639,16216,open
1681730,16217,open
1681822,16218,open
1681913,16219,open
1682003,16220,open
1682099,16221,open
1682190,16222,open
1682280,16223,open
1682371,16224,open
1682462,16225,open
1682553,16226,open
1682643,16227,open
1682733,16228,open
1682830,16229,open
1682942,16230,open
1683032,16231,open
1683126,16232,open
1683216,16233,open
1683306,16234,open
1683401,16235,open
1683492,16236,open
1683582,16237,open
1683672,16238,open
1683762,16239,open
1683852,16240,open
1683942,16241,open
1684033,16242,open
1684125,16243,open
1684221,16244,open
1684312,16245,open
1684402,16246,open
1684493,16247,open
1684599,16248,open
1684690,16249,open
1684786,16250,open
1684877,16251,open
1684968,16252,open
1685059,16253,open
1685150,16254,open
1685241,16255,open
1685332,16256,open
1685461,16257,open
1685553,16258,open
1685645,16259,open
1685754,16260,open
1685844,16261,open
1685938,16262,open
1686035,16263,open
1686125,16264,open
1686215,16265,open
1686305,16266,open
1686395,16267,open
1686488,16268,open
1686578,16269,open
1686668,16270,open
1686759,16271,open
1686853,16272,open
1686946,16273,open
1687037,16274,open
1687128,16275,open
1687219,16276,open
1687310,16277,open
1687409,16278,open
1687506,16279,open
1687597,16280,open
1687688,16281,open
1687779,16282,open
1687870,16283,open
1687961,16284,open
1688054,16285,open
1688151,16286,open
1688242,16287,open
1688333,16288,open
1688427,16289,open
1688535,16290,open
1688625,16291,open
1688723,16292,open
1688814,16293,open
1688905,16294,open
1688996,16295,open
1689087,16296,open
1689178,16297,open
1689269,16298,open
1689360,16299,open
1689451,16300,open
1689550,16301,open
1689641,16302,open
1689731,16303,open
1689822,16304,open
1689921,16305,open
1690012,16306,open
1690104,16307,open
1690201,16308,open
1690292,16309,open
1690383,16310,open
1690478,16311,open
1690569,16312,open
1690662,16313,open
1690753,16314,open
1690850,16315,open
1690941,16316,open
1691032,16317,open
1691131,16318,open
1691222,16319,open
1691327,16320,open
1691425,16321,open
1691520,16322,open
1691612,16323,open
1691703,16324,open
1691794,16325,open
1691885,16326,open
1691977,16327,open
1692069,16328,open
1692160,16329,open
1692257,16330,open
1692348,16331,open
1692439,16332,open
1692538,16333,open
1692629,16334,open
1692720,16335,open
1692811,16336,open
1692908,16337,open
1692999,16338,open
1693091,16339,open
1693182,16340,open
1693273,16341,open
1693363,16342,open
1693453,16343,open
1693544,16344,open
1693640,16345,open
1693731,16346,open
1693829,16347,open
1693920,16348,open
1694011,16349,open
1694118,16350,open
1694209,16351,open
1694303,16352,squint
1694394,16353,squint
1694486,16354,squint
1694577,16355,squint
1694671,16356,squint
1694765,16357,squint
1694858,16358,open
1694956,16359,open
1695048,16360,open
1695140,16361,open
1695240,16362,open
1695332,16363,open
1695423,16364,open
1695517,16365,open
1695611,16366,open
1695706,16367,open
1695799,16368,open
1695890,16369,open
1695981,16370,open
1696072,16371,open
1696165,16372,open
1696257,16373,open
1696354,16374,open
1696446,16375,open
1696547,16376,open
1696638,16377,open
1696730,16378,open
1696821,16379,open
1696930,16380,open
1697021,16381,open
1697112,16382,open
1697203,16383,open
1727299,16704,open
1727390,16705,open
1727481,16706,open
1727572,16707,open
1727669,16708,open
1727760,16709,open
1727872,16710,open
1727965,16711,open
1728056,16712,open
1728149,16713,open
1728248,16714,open
1728339,16715,open
1728443,16716,open
1728532,16717,open
1728623,16718,open
1728714,16719,open
1728808,16720,open
1728899,16721,open
1729002,16722,open
1729093,16723,open
1729184,16724,squint
1729291,16725,squint
1729379,16726,squint
1729470,16727,squint
1729569,16728,squint
1729660,16729,squint
1729751,16730,squint
1729842,16731,squint
1729933,16732,squint
1730032,16733,squint
1730125,16734,squint
1730222,16735,squint
1730314,16736,squint
1730405,16737,squint
1730497,16738,squint
1730590,16739,squint
1730702,16740,squint
1730797,16741,squint
1730888,16742,squint
1730979,16743,squint
1731071,16744,squint
1731164,16745,squint
1731255,16746,squint
1731346,16747,squint
1731437,16748,squint
1731533,16749,squint
1731634,16750,squint
1731725,16751,squint
1731819,16752,squint
1731910,16753,squint
1732001,16754,squint
1732092,16755,squint
1732192,16756,squint
1732283,16757,squint
1732375,16758,squint
1732466,16759,squint
1732565,16760,squint
1732656,16761,squint
1732747,16762,squint
1732845,16763,squint
1732936,16764,squint
1733027,16765,squint
1733118,16766,squint
1733209,16767,squint
1733300,16768,squint
1733402,16769,squint
1733506,16770,squint
1733597,16771,squint
1733684,16772,squint
1733769,16773,squint
1733858,16774,squint
1733953,16775,squint
1734041,16776,squint
1734129,16777,squint
1734217,16778,squint
1734306,16779,squint
1734395,16780,squint
1734482,16781,squint
1734581,16782,squint
1734669,16783,squint
1734774,16784,squint
1734863,16785,squint
1734951,16786,squint
1735037,16787,squint
1735123,16788,squint
1735209,16789,squint
1735295,16790,squint
1735381,16791,squint
1735466,16792,squint
1735560,16793,squint
1735646,16794,squint
1735744,16795,squint
1735828,16796,squint
1735913,16797,squint
1736000,16798,squint
1736085,16799,squint
1736189,16800,squint
1736280,16801,squint
1736371,16802,squint
1736466,16803,squint
1736558,16804,squint
1736652,16805,squint
1736745,16806,squint
1736836,16807,squint
1736927,16808,squint
1737024,16809,squint
1737115,16810,squint
1737207,16811,squint
1737298,16812,squint
1737390,16813,squint
1737481,16814,squint
1737581,16815,squint
1737672,16816,squint
1737768,16817,squint
1737859,16818,squint
1737950,16819,squint
1738041,16820,squint
1738132,16821,squint
1738226,16822,squint
1738318,16823,squint
1738416,16824,squint
1738508,16825,squint
1738603,16826,squint
1738694,16827,squint
1738785,16828,squint
1738876,16829,squint
1738996,16830,squint
1739087,16831,squint
1739174,16832,squint
1739371,16833,squint
1739648,16834,squint
1739735,16835,squint
1739821,16836,squint
1739908,16837,squint
1739994,16838,squint
1740088,16839,squint
1740175,16840,squint
1740261,16841,squint
1740348,16842,squint
1740434,16843,squint
1740523,16844,squint
1740621,16845,squint
1740706,16846,squint
1740802,16847,squint
1740890,16848,squint
1740986,16849,squint
1741072,16850,squint
1741162,16851,squint
1741247,16852,squint
1741333,16853,squint
1741419,16854,squint
1741519,16855,squint
1741601,16856,squint
1741687,16857,squint
1741773,16858,squint
1741861,16859,squint
1741967,16860,squint
1742053,16861,squint
1742141,16862,squint
1742226,16863,squint
1742312,16864,squint
1742398,16865,squint
1742487,16866,squint
1742574,16867,squint
1742663,16868,squint
1742749,16869,squint
1742836,16870,squint
1742924,16871,squint
1743018,16872,squint
1743105,16873,squint
1743191,16874,squint
1743277,16875,squint
1743363,16876,squint
1743450,16877,squint
1743536,16878,squint
1743622,16879,squint
1743708,16880,squint
1743804,16881,squint
1743890,16882,squint
1743976,16883,squint
1744063,16884,squint
1744149,16885,squint
1744235,16886,squint
1744324,16887,squint
1744422,16888,squint
1744507,16889,squint
1744602,16890,squint
1744698,16891,squint
1744790,16892,squint
1744881,16893,squint
1744973,16894,squint
1745070,16895,squint
1745161,16896,squint
1745252,16897,squint
1745354,16898,squint
1745445,16899,squint
1745538,16900,squint
1745629,16901,squint
1745720,16902,squint
1745817,16903,squint
1745909,16904,squint
1746000,16905,squint
1746100,16906,squint
1746191,16907,squint
1746283,16908,squint
1746374,16909,squint
1746471,16910,squint
1746563,16911,squint
1746654,16912,squint
1746745,16913,squint
1746844,16914,squint
1746935,16915,squint
1747027,16916,squint
1747121,16917,squint
1747212,16918,squint
1747303,16919,squint
1747411,16920,squint
1747502,16921,squint
1747590,16922,squint
1747678,16923,squint
1747766,16924,squint
1747851,16925,squint
1747940,16926,squint
1748028,16927,squint
1748122,16928,squint
1748208,16929,squint
1748295,16930,squint
1748383,16931,squint
1748469,16932,squint
1748555,16933,squint
1748643,16934,squint
1748729,16935,squint
1748815,16936,squint
1748909,16937,squint
1748997,16938,squint
1749082,16939,squint
1749165,16940,squint
1749252,16941,squint
1749338,16942,squint
1749424,16943,squint
1749510,16944,squint
1749601,16945,squint
1749696,16946,squint
1749781,16947,squint
1749879,16948,squint
1749965,16949,squint
1750066,16950,squint
1750158,16951,squint
1750250,16952,squint
1750344,16953,squint
1750436,16954,squint
1750527,16955,squint
1750619,16956,squint
1750711,16957,squint
1750802,16958,squint
1750893,16959,squint
1750984,16960,squint
1751085,16961,squint
1751182,16962,squint
1751274,16963,squint
1751369,16964,squint
1751460,16965,squint
1751551,16966,squint
1751642,16967,squint
1751733,16968,squint
1751856,16969,squint
1751955,16970,squint
1752046,16971,squint
1752144,16972,squint
1752234,16973,squint
1752325,16974,squint
1752417,16975,squint
1752514,16976,squint
1752605,16977,squint
1752700,16978,squint
1752790,16979,squint
1752897,16980,squint
1752991,16981,squint
1753083,16982,squint
1753176,16983,squint
1753267,16984,squint
1753357,16985,squint
1753448,16986,squint
1753539,16987,squint
1753630,16988,squint
1753721,16989,squint
1753812,16990,squint
1753919,16991,squint
1754010,16992,squint
1754107,16993,squint
1754207,16994,squint
1754298,16995,squint
1754390,16996,squint
1754482,16997,squint
1754574,16998,squint
1754665,16999,squint
1754762,17000,squint
1754853,17001,squint
1754944,17002,squint
1755043,17003,squint
1755134,17004,squint
1755233,17005,squint
1755324,17006,squint
1755421,17007,squint
1755512,17008,squint
1755603,17009,squint
1755721,17010,squint
1755818,17011,squint
1755911,17012,squint
1756002,17013,squint
1756097,17014,squint
1756188,17015,squint
1756279,17016,squint
1756371,17017,squint
1756463,17018,squint
1756558,17019,squint
1756657,17020,squint
1756752,17021,squint
1756843,17022,squint
1756936,17023,squint
1757027,17024,squint
1757124,17025,squint
1757221,17026,squint
1757312,17027,squint
1757403,17028,squint
1757502,17029,squint
1757593,17030,squint
1757687,17031,squint
1757778,17032,squint
1757874,17033,squint
1757965,17034,squint
1758056,17035,squint
1758147,17036,squint
1758238,17037,squint
1758337,17038,squint
1758428,17039,squint
1758535,17040,squint
1758625,17041,squint
1758715,17042,squint
1758809,17043,squint
1758900,17044,squint
1758990,17045,squint
1759081,17046,squint
1759181,17047,squint
1759272,17048,squint
1759362,17049,squint
1759460,17050,squint
1759551,17051,squint
1759641,17052,squint
1759731,17053,squint
1759822,17054,squint
1759921,17055,squint
1760012,17056,squint
1760103,17057,squint
1760194,17058,squint
1760285,17059,squint
1760383,17060,squint
1760475,17061,squint
1760567,17062,squint
1760657,17063,squint
1760747,17064,squint
1760844,17065,squint
1760935,17066,squint
1761026,17067,squint
1761117,17068,squint
1761215,17069,squint
1761327,17070,squint
1761418,17071,squint
1761513,17072,squint
1761604,17073,squint
1761696,17074,squint
1761793,17075,squint
1761884,17076,squint
1761975,17077,squint
1762066,17078,squint
1762157,17079,squint
1762248,17080,squint
1762348,17081,squint
1762439,17082,squint
1762538,17083,squint
1762632,17084,squint
1762723,17085,squint
1762814,17086,squint
1762909,17087,open
1763002,17088,open
1763093,17089,open
1763199,17090,open
1763290,17091,open
1763382,17092,squint
1763473,17093,squint
1763564,17094,squint
1763655,17095,squint
1763746,17096,squint
1763852,17097,squint
1763943,17098,squint
1764034,17099,squint
